hoc_ky;ma_mon_hoc;ma_lop;so_tin_chi;ma_giang_vien;thu;tiet_bat_dau;tiet_ket_thuc;cach_tuan;ngay_bat_dau;ngay_ket_thuc;phong_hoc;si_so;hinh_thuc_giang_day;ghi_chu
2025_2026_1;AI001;AI001.Q11;1;80023;7;1;3;1;08/09/2025;22/11/2025;B1.16;;LT;
2025_2026_1;AI002;AI002.Q11;3;80024;5;6;8;1;08/09/2025;27/12/2025;C102;;LT;
2025_2026_1;AI002;AI002.Q11.1;1;*;*;;;0;08/09/2025;27/12/2025;*;;HT2;
2025_2026_1;BUS1125;BUS1125.Q11;3;80088;5;9;0;1;08/09/2025;27/12/2025;B1.20;;LT;
2025_2026_1;BUS1125;BUS1125.Q12;3;80089;5;6;7;1;08/09/2025;27/12/2025;B1.20;;LT;
2025_2026_1;CE005;CE005.Q11;1;80041;6;1;3;1;08/09/2025;22/11/2025;B1.14;;LT;
2025_2026_1;CE005;CE005.Q12;1;80042;6;1;3;1;15/09/2025;15/11/2025;B1.14;;LT;
2025_2026_1;CE006;CE006.Q11;1;80043;7;6;8;1;22/09/2025;20/12/2025;B3.14;;LT;
2025_2026_1;CE118;CE118.Q11;3;80044;6;6;9;1;08/09/2025;29/11/2025;C210;;LT;
2025_2026_1;CE118;CE118.Q11.1;1;80045;6;1;5;2;22/09/2025;20/12/2025;B4.02;;HT1;
2025_2026_1;CE118;CE118.Q11.2;1;80046;6;1;5;2;29/09/2025;13/12/2025;B4.02;;HT1;
2025_2026_1;CE118;CE118.Q12;3;80047;6;1;4;1;08/09/2025;29/11/2025;C210;;LT;
2025_2026_1;CE118;CE118.Q12.1;1;80048;6;6;0;2;22/09/2025;20/12/2025;B4.02;;HT1;
2025_2026_1;CE118;CE118.Q12.2;1;80049;6;6;0;2;29/09/2025;13/12/2025;B4.02;;HT1;
2025_2026_1;CE118;CE118.Q14;3;80050;5;6;9;1;08/09/2025;29/11/2025;C212;;LT;
2025_2026_1;CE118;CE118.Q14.1;1;80051;5;1;5;2;22/09/2025;20/12/2025;B4.02;;HT1;
2025_2026_1;CE118;CE118.Q14.2;1;80052;5;1;5;2;29/09/2025;13/12/2025;B4.02;;HT1;
2025_2026_1;CE118;CE118.Q15;3;80053;3;1;4;1;08/09/2025;29/11/2025;C212;;LT;
2025_2026_1;CE118;CE118.Q15.1;1;80054;3;6;0;2;22/09/2025;20/12/2025;B4.04;;HT1;
2025_2026_1;CE118;CE118.Q15.2;1;80161;3;6;0;2;29/09/2025;13/12/2025;B4.04;;HT1;
2025_2026_1;CE118;CE118.Q16;3;80162;2;6;9;1;08/09/2025;29/11/2025;C210;;LT;
2025_2026_1;CE118;CE118.Q16.1;1;80163;2;1;5;2;22/09/2025;20/12/2025;B4.04;;HT1;
2025_2026_1;CE118;CE118.Q16.2;1;80164;2;1;5;2;29/09/2025;13/12/2025;B4.04;;HT1;
2025_2026_1;CE118;CE118.Q17;3;80165;2;1;4;1;08/09/2025;29/11/2025;C212;;LT;
2025_2026_1;CE118;CE118.Q17.1;1;80166;2;6;0;2;22/09/2025;20/12/2025;B4.04;;HT1;
2025_2026_1;CE118;CE118.Q17.2;1;80167;2;6;0;2;29/09/2025;13/12/2025;B4.04;;HT1;
2025_2026_1;CE119;CE119.Q11.1;1;80168;3;1;5;2;22/09/2025;20/12/2025;B4.02;;HT1;
2025_2026_1;CE119;CE119.Q11.10;1;80169;2;1;5;2;29/09/2025;13/12/2025;B4.02;;HT1;
2025_2026_1;CE119;CE119.Q11.2;1;80170;3;1;5;2;29/09/2025;13/12/2025;B4.02;;HT1;
2025_2026_1;CE119;CE119.Q11.3;1;80171;3;6;0;2;22/09/2025;20/12/2025;B3.06;;HT1;
2025_2026_1;CE119;CE119.Q11.4;1;80172;3;6;0;2;29/09/2025;13/12/2025;B3.06;;HT1;
2025_2026_1;CE119;CE119.Q11.5;1;80173;4;1;5;2;22/09/2025;20/12/2025;B4.02;;HT1;
2025_2026_1;CE119;CE119.Q11.6;1;80174;4;1;5;2;29/09/2025;13/12/2025;B4.02;;HT1;
2025_2026_1;CE119;CE119.Q11.8;1;80175;4;6;0;2;29/09/2025;13/12/2025;;;HT1;
2025_2026_1;CE119;CE119.Q11.9;1;80176;2;1;5;2;22/09/2025;20/12/2025;B4.02;;HT1;
2025_2026_1;CE124;CE124.Q11;3;80177;4;1;4;1;08/09/2025;29/11/2025;B3.14;;LT;
2025_2026_1;CE124;CE124.Q11.1;1;80178;4;6;0;2;22/09/2025;20/12/2025;B5.08;;HT1;
2025_2026_1;CE124;CE124.Q11.2;1;80179;4;6;0;2;29/09/2025;13/12/2025;B5.08;;HT1;
2025_2026_1;CE124;CE124.Q12;3;80180;7;1;4;1;08/09/2025;29/11/2025;B1.12;;LT;
2025_2026_1;CE124;CE124.Q12.1;1;80181;7;6;0;2;22/09/2025;20/12/2025;B5.08;;HT1;
2025_2026_1;CE124;CE124.Q12.2;1;80041;7;6;0;2;29/09/2025;13/12/2025;B5.08;;HT1;
2025_2026_1;CE124;CE124.Q13;3;80042;2;6;9;1;08/09/2025;29/11/2025;C212;;LT;
2025_2026_1;CE124;CE124.Q13.1;1;80043;2;1;5;2;22/09/2025;20/12/2025;B5.08;;HT1;
2025_2026_1;CE124;CE124.Q13.2;1;80044;2;1;5;2;29/09/2025;13/12/2025;B5.08;;HT1;
2025_2026_1;CE124;CE124.Q14;3;80045;3;6;9;1;08/09/2025;29/11/2025;C212;;LT;
2025_2026_1;CE124;CE124.Q14.1;1;80046;3;1;5;2;22/09/2025;20/12/2025;B5.08;;HT1;
2025_2026_1;CE124;CE124.Q14.2;1;80047;3;1;5;2;29/09/2025;13/12/2025;B5.08;;HT1;
2025_2026_1;CE125;CE125.Q11;3;80048;5;1;4;1;08/09/2025;29/11/2025;C101;;LT;
2025_2026_1;CE125;CE125.Q11.1;1;80049;5;6;0;2;22/09/2025;20/12/2025;B5.08;;HT1;
2025_2026_1;CE125;CE125.Q11.2;1;80050;5;6;0;2;29/09/2025;13/12/2025;B5.08;;HT1;
2025_2026_1;CE125;CE125.Q12;3;80051;5;6;9;1;08/09/2025;29/11/2025;C210;;LT;
2025_2026_1;CE125;CE125.Q12.1;1;80052;5;1;5;2;22/09/2025;20/12/2025;B5.08;;HT1;
2025_2026_1;CE125;CE125.Q12.2;1;80053;5;1;5;2;29/09/2025;13/12/2025;B5.08;;HT1;
2025_2026_1;CE201;CE201.Q11;2;*;*;;;0;08/09/2025;03/01/2026;*;;ĐA;
2025_2026_1;CE201;CE201.Q11.MTCL;2;*;*;;;0;08/09/2025;27/12/2025;*;;ĐA;
2025_2026_1;CE206;CE206.Q11;2;*;*;;;0;08/09/2025;03/01/2026;*;;ĐA;
2025_2026_1;CE206;CE206.Q11.MTCL;2;*;*;;;0;08/09/2025;27/12/2025;*;;ĐA;
2025_2026_1;CE213;CE213.Q11;3;80054;5;1;4;1;08/09/2025;29/11/2025;C201;;LT;
2025_2026_1;CE213;CE213.Q11.1;1;*;*;;;0;08/09/2025;29/11/2025;*;;HT2;
2025_2026_1;CE213;CE213.Q12;3;80161;5;6;9;1;08/09/2025;29/11/2025;C201;;LT;
2025_2026_1;CE213;CE213.Q12.1;1;*;*;;;0;08/09/2025;29/11/2025;*;;HT2;
2025_2026_1;CE224;CE224.Q11;3;80162;3;6;9;1;08/09/2025;29/11/2025;C210;;LT;
2025_2026_1;CE224;CE224.Q11.1;1;80163;3;1;5;2;22/09/2025;20/12/2025;B2.02;;HT1;
2025_2026_1;CE224;CE224.Q11.2;1;80164;3;1;5;2;29/09/2025;13/12/2025;B2.02;;HT1;
2025_2026_1;CE224;CE224.Q12;3;80165;4;1;4;1;08/09/2025;29/11/2025;C210;;LT;
2025_2026_1;CE224;CE224.Q12.1;1;80166;4;6;0;2;22/09/2025;20/12/2025;B2.06;;HT1;
2025_2026_1;CE224;CE224.Q12.2;1;80167;4;6;0;2;29/09/2025;13/12/2025;B2.06;;HT1;
2025_2026_1;CE224;CE224.Q13;3;80168;4;6;9;1;08/09/2025;29/11/2025;C210;;LT;
2025_2026_1;CE224;CE224.Q13.1;1;80169;4;1;5;2;22/09/2025;20/12/2025;B4.04;;HT1;
2025_2026_1;CE224;CE224.Q13.2;1;80170;4;1;5;2;29/09/2025;13/12/2025;B4.04;;HT1;
2025_2026_1;CE224;CE224.Q15;3;80171;6;6;9;1;08/09/2025;29/11/2025;C212;;LT;
2025_2026_1;CE224;CE224.Q15.1;1;80172;6;1;5;2;22/09/2025;20/12/2025;B4.04;;HT1;
2025_2026_1;CE224;CE224.Q15.2;1;80173;6;1;5;2;29/09/2025;13/12/2025;B4.04;;HT1;
2025_2026_1;CE339;CE339.Q11;3;80174;2;1;4;1;08/09/2025;29/11/2025;C210;;LT;
2025_2026_1;CE339;CE339.Q11.1;1;80175;2;6;0;2;22/09/2025;20/12/2025;B4.02;;HT1;
2025_2026_1;CE339;CE339.Q11.2;1;80176;2;6;0;2;29/09/2025;13/12/2025;B4.02;;HT1;
2025_2026_1;CE408;CE408.Q11;2;*;*;;;0;08/09/2025;03/01/2026;*;;ĐA;
2025_2026_1;CE408;CE408.Q11.MTCL;2;*;*;;;0;08/09/2025;27/12/2025;*;;ĐA;
2025_2026_1;CE410;CE410.Q11;3;80177;6;6;9;1;08/09/2025;29/11/2025;B1.06;;LT;
2025_2026_1;CE410;CE410.Q11.1;1;*;*;;;0;08/09/2025;29/11/2025;*;;HT2;
2025_2026_1;CE412;CE412.Q11;2;*;*;;;0;08/09/2025;03/01/2026;*;;ĐA;
2025_2026_1;CE435;CE435.Q11;3;80178;4;6;9;1;08/09/2025;29/11/2025;C212;;LT;
2025_2026_1;CE435;CE435.Q11.1;1;*;*;;;0;08/09/2025;29/11/2025;*;;HT2;
2025_2026_1;CE502;CE502.Q11;2;*;*;;;0;08/09/2025;03/01/2026;*;;TTTN;
2025_2026_1;CE502;CE502.Q11.MTCL;2;*;*;;;0;08/09/2025;27/12/2025;*;;TTTN;
2025_2026_1;CE505;CE505.Q11;10;*;*;;;0;08/09/2025;03/01/2026;*;;KLTN;
2025_2026_1;CE505;CE505.Q11.MTCL;10;*;*;;;0;08/09/2025;27/12/2025;*;;KLTN;
2025_2026_1;CNBU104;CNBU104.Q11.ATBC;40;80055;6;6;9;1;06/10/2025;20/12/2025;E43;;LT;
2025_2026_1;CNBU104;CNBU104.Q11.ATBC.1;25;80056;3;1;5;2;20/10/2025;20/12/2025;B4.08;;HT1;
2025_2026_1;CNBU106;CNBU106.Q11.ATBC;40;80057;4;6;9;1;06/10/2025;20/12/2025;E33;;LT;
2025_2026_1;CNBU106;CNBU106.Q11.ATBC.1;25;80058;4;1;5;2;20/10/2025;20/12/2025;B2.12;;HT1;
2025_2026_1;CNBU107;CNBU107.Q11.ATBC;40;80059;*;;;1;06/10/2025;20/12/2025;*;;LT;
2025_2026_1;CS005;CS005.Q11;1;80025;5;1;3;1;08/09/2025;22/11/2025;B3.14;;LT;
2025_2026_1;CS005;CS005.Q12;1;80026;5;1;3;1;15/09/2025;15/11/2025;B3.14;;LT;
2025_2026_1;CS112;CS112.Q11.KHTN;3;80027;6;6;9;1;08/09/2025;13/12/2025;C308;;LT;
2025_2026_1;CS112;CS112.Q11.KHTN.1;1;*;*;;;0;08/09/2025;13/12/2025;*;;HT2;
2025_2026_1;CS115;CS115.Q11;4;80028;4;1;4;1;08/09/2025;27/12/2025;B5.10;;LT;
2025_2026_1;CS115;CS115.Q11.KHTN;4;80029;2;2;5;1;08/09/2025;27/12/2025;C101;;LT;
2025_2026_1;CS115;CS115.Q12;4;80030;6;6;9;1;08/09/2025;27/12/2025;B7.04;;LT;
2025_2026_1;CS115;CS115.Q13;4;80031;7;2;5;1;08/09/2025;27/12/2025;B5.14;;LT;
2025_2026_1;CS115;CS115.Q14;4;80032;6;2;5;1;08/09/2025;27/12/2025;C308;;LT;
2025_2026_1;CS116;CS116.Q11;3;80033;4;1;3;1;08/09/2025;27/12/2025;C213;;LT;
2025_2026_1;CS116;CS116.Q11.1;1;*;*;;;0;08/09/2025;27/12/2025;*;;HT2;
2025_2026_1;CS116;CS116.Q12;3;80034;4;6;8;1;08/09/2025;27/12/2025;C213;;LT;
2025_2026_1;CS116;CS116.Q12.1;1;*;*;;;0;08/09/2025;27/12/2025;*;;HT2;
2025_2026_1;CS117;CS117.Q11;3;80035;5;1;3;1;08/09/2025;27/12/2025;C213;;LT;
2025_2026_1;CS117;CS117.Q11.1;1;*;*;;;0;08/09/2025;27/12/2025;*;;HT2;
2025_2026_1;CS117;CS117.Q11.KHTN;3;80036;6;6;8;1;08/09/2025;27/12/2025;B6.08;;LT;
2025_2026_1;CS117;CS117.Q11.KHTN.1;1;*;*;;;0;08/09/2025;27/12/2025;*;;HT2;
2025_2026_1;CS2134;CS2134.Q12.CTTT;3;80001;4;1;4;1;08/09/2025;29/11/2025;E32;;LT;
2025_2026_1;CS2134;CS2134.Q12.CTTT.1;1;80002;5;1;5;2;29/09/2025;13/12/2025;B3.08;;HT1;
2025_2026_1;CS214;CS214.Q11;3;80037;2;1;3;1;08/09/2025;27/12/2025;B1.06;;LT;
2025_2026_1;CS214;CS214.Q11.1;1;*;*;;;0;08/09/2025;27/12/2025;*;;HT2;
2025_2026_1;CS217;CS217.Q11;3;80038;3;6;8;1;08/09/2025;27/12/2025;B1.06;;LT;
2025_2026_1;CS217;CS217.Q11.1;1;*;*;;;0;08/09/2025;27/12/2025;*;;HT2;
2025_2026_1;CS217;CS217.Q11.KHTN;3;80039;2;6;8;1;08/09/2025;27/12/2025;C308;;LT;
2025_2026_1;CS217;CS217.Q11.KHTN.1;1;*;*;;;0;08/09/2025;27/12/2025;*;;HT2;
2025_2026_1;CS221;CS221.Q11;3;80040;3;1;3;1;08/09/2025;27/12/2025;C213;;LT;
2025_2026_1;CS221;CS221.Q11.1;1;*;*;;;0;08/09/2025;27/12/2025;*;;HT2;
2025_2026_1;CS221;CS221.Q12;3;80134;6;6;8;1;08/09/2025;27/12/2025;C213;;LT;
2025_2026_1;CS221;CS221.Q12.1;1;*;*;;;0;08/09/2025;27/12/2025;*;;HT2;
2025_2026_1;CS221;CS221.Q13;3;80135;7;1;3;1;08/09/2025;27/12/2025;B5.12;;LT;
2025_2026_1;CS221;CS221.Q13.1;1;*;*;;;0;08/09/2025;27/12/2025;*;;HT2;
2025_2026_1;CS229;CS229.Q11;3;80136;5;1;3;1;08/09/2025;27/12/2025;C308;;LT;
2025_2026_1;CS229;CS229.Q11.1;1;*;*;;;0;08/09/2025;27/12/2025;*;;HT2;
2025_2026_1;CS231;CS231.Q11;3;80137;3;6;8;1;08/09/2025;27/12/2025;C213;;LT;
2025_2026_1;CS231;CS231.Q11.1;1;*;*;;;0;08/09/2025;27/12/2025;*;;HT2;
2025_2026_1;CS311;CS311.Q11;3;80138;2;6;8;1;08/09/2025;27/12/2025;C213;;LT;
2025_2026_1;CS311;CS311.Q11.1;1;*;*;;;0;08/09/2025;27/12/2025;*;;HT2;
2025_2026_1;CS311;CS311.Q12;3;80139;6;1;3;1;08/09/2025;27/12/2025;C213;;LT;
2025_2026_1;CS311;CS311.Q12.1;1;*;*;;;0;08/09/2025;27/12/2025;*;;HT2;
2025_2026_1;CS313;CS313.Q11;3;80140;6;1;3;1;08/09/2025;27/12/2025;B4.14;;LT;
2025_2026_1;CS313;CS313.Q11.1;1;*;*;;;0;08/09/2025;27/12/2025;*;;HT2;
2025_2026_1;CS313;CS313.Q12;3;80141;2;6;8;1;08/09/2025;27/12/2025;C102;;LT;
2025_2026_1;CS313;CS313.Q12.1;1;*;*;;;0;08/09/2025;27/12/2025;*;;HT2;
2025_2026_1;CS331;CS331.Q11;3;80142;5;1;3;1;08/09/2025;27/12/2025;C102;;LT;
2025_2026_1;CS331;CS331.Q11.1;1;*;*;;;0;08/09/2025;27/12/2025;*;;HT2;
2025_2026_1;CS331;CS331.Q11.KHTN;3;80143;3;1;3;1;08/09/2025;27/12/2025;C308;;LT;
2025_2026_1;CS331;CS331.Q11.KHTN.1;1;*;*;;;0;08/09/2025;27/12/2025;*;;HT2;
2025_2026_1;CS336;CS336.Q11;3;80144;3;1;3;1;08/09/2025;27/12/2025;C102;;LT;
2025_2026_1;CS336;CS336.Q11.1;1;*;*;;;0;08/09/2025;27/12/2025;*;;HT2;
2025_2026_1;CS336;CS336.Q11.KHTN;3;80145;3;6;8;1;08/09/2025;27/12/2025;C308;;LT;
2025_2026_1;CS336;CS336.Q11.KHTN.1;1;*;*;;;0;08/09/2025;27/12/2025;*;;HT2;
2025_2026_1;CS3653;CS3653.Q11.CTTT;3;80003;3;6;9;1;08/09/2025;29/11/2025;E24;;LT;
2025_2026_1;CS406;CS406.Q11;3;80146;6;1;3;1;08/09/2025;27/12/2025;C102;;LT;
2025_2026_1;CS406;CS406.Q11.1;1;*;*;;;0;08/09/2025;27/12/2025;*;;HT2;
2025_2026_1;CS406;CS406.Q12;3;80147;6;6;8;1;08/09/2025;27/12/2025;C102;;LT;
2025_2026_1;CS406;CS406.Q12.1;1;*;*;;;0;08/09/2025;27/12/2025;*;;HT2;
2025_2026_1;CS419;CS419.Q11;3;80148;4;1;3;1;08/09/2025;27/12/2025;C102;;LT;
2025_2026_1;CS419;CS419.Q11.1;1;*;*;;;0;08/09/2025;27/12/2025;*;;HT2;
2025_2026_1;CS420;CS420.Q12;3;80149;5;6;8;1;08/09/2025;27/12/2025;B6.04;;LT;
2025_2026_1;CS420;CS420.Q12.1;1;*;*;;;0;08/09/2025;27/12/2025;*;;HT2;
2025_2026_1;CS4243;CS4243.Q11.CTTT;3;80004;3;1;4;1;08/09/2025;29/11/2025;E41;;LT;
2025_2026_1;CS4243;CS4243.Q12.CTTT;3;80005;3;6;9;1;08/09/2025;29/11/2025;E41;;LT;
2025_2026_1;CS4283;CS4283.Q11.CTTT;3;80006;4;2;5;1;08/09/2025;29/11/2025;E42;;LT;
2025_2026_1;CS4283;CS4283.Q11.CTTT.1;0;80007;2;6;0;2;22/09/2025;20/12/2025;B4.08;;HT1;
2025_2026_1;CS4283;CS4283.Q12.CTTT;3;80008;5;2;5;1;08/09/2025;29/11/2025;E42;;LT;
2025_2026_1;CS4283;CS4283.Q12.CTTT.1;0;80009;2;6;0;2;29/09/2025;13/12/2025;B4.08;;HT1;
2025_2026_1;CS431;CS431.Q11;2;80150;3;1;3;1;08/09/2025;22/11/2025;B6.08;;LT;
2025_2026_1;CS431;CS431.Q11.1;1;*;*;;;0;08/09/2025;22/11/2025;*;;HT2;
2025_2026_1;CS431;CS431.Q12;2;80151;5;6;8;1;08/09/2025;22/11/2025;B4.18;;LT;
2025_2026_1;CS431;CS431.Q12.1;1;*;*;;;0;08/09/2025;22/11/2025;*;;HT2;
2025_2026_1;CS4323;CS4323.Q11.CTTT;3;80010;5;1;4;1;08/09/2025;29/11/2025;E41;;LT;
2025_2026_1;CS4323;CS4323.Q11.CTTT.1;0;80011;2;1;5;2;22/09/2025;20/12/2025;B4.08;;HT1;
2025_2026_1;CS4323;CS4323.Q12.CTTT;3;80012;5;6;9;1;08/09/2025;29/11/2025;E41;;LT;
2025_2026_1;CS4323;CS4323.Q12.CTTT.1;0;80013;2;1;5;2;29/09/2025;13/12/2025;B4.08;;HT1;
2025_2026_1;CS4343;CS4343.Q11.CTTT;3;80014;3;1;4;1;08/09/2025;29/11/2025;E24;;LT;
2025_2026_1;CS4343;CS4343.Q11.CTTT.1;1;80015;6;6;0;2;29/09/2025;13/12/2025;B4.06;;HT1;
2025_2026_1;CS5000;CS5000.Q11.CTTT;10;*;*;;;0;08/09/2025;27/12/2025;*;;KLTN;
2025_2026_1;CS5030;CS5030.Q11.CTTT;3;*;*;;;0;08/09/2025;27/12/2025;*;;TTTN;
2025_2026_1;CS505;CS505.Q11;10;*;*;;;0;08/09/2025;27/12/2025;*;;KLTN;
2025_2026_1;CS505;CS505.Q11.KHTN;10;*;*;;;0;08/09/2025;27/12/2025;*;;KLTN;
2025_2026_1;CS529;CS529.Q11;4;80152;3;6;9;1;08/09/2025;27/12/2025;B7.06;;LT;
2025_2026_1;CS530;CS530.Q11.KHTN;3;*;*;;;0;08/09/2025;27/12/2025;*;;TTTN;
2025_2026_1;CS5423;CS5423.Q11.CTTT;3;80016;6;1;4;1;08/09/2025;29/11/2025;E32;;LT;
2025_2026_1;CS5423;CS5423.Q11.CTTT.1;1;80017;6;6;0;2;22/09/2025;20/12/2025;B4.06;;HT1;
2025_2026_1;CS5433;CS5433.Q11.CTTT;3;80018;2;1;4;1;08/09/2025;29/11/2025;E24;;LT;
2025_2026_1;CS5433;CS5433.Q11.CTTT.1;0;80019;4;6;0;2;22/09/2025;20/12/2025;B3.04;;HT1;
2025_2026_1;CS5433;CS5433.Q12.CTTT;3;80020;2;6;9;1;08/09/2025;29/11/2025;E24;;LT;
2025_2026_1;CS5433;CS5433.Q12.CTTT.1;0;80021;4;6;0;2;29/09/2025;13/12/2025;B3.04;;HT1;
2025_2026_1;CS551;CS551.Q11;2;*;*;;;0;08/09/2025;27/12/2025;*;;TTTN;
2025_2026_1;CSBU101;CSBU101.Q11.KHBC;40;80153;3;6;9;1;06/10/2025;20/12/2025;E32;;LT;
2025_2026_1;CSBU101;CSBU101.Q11.KHBC.1;25;80154;3;1;5;2;13/10/2025;13/12/2025;B4.06;;HT1;
2025_2026_1;CSBU101;CSBU101.Q11.KHBC.2;25;80155;3;1;5;2;20/10/2025;20/12/2025;B4.06;;HT1;
2025_2026_1;CSBU102;CSBU102.Q11.KHBC;40;80156;6;2;5;1;06/10/2025;20/12/2025;E24;;LT;
2025_2026_1;CSBU102;CSBU102.Q11.KHBC.1;25;80157;5;6;0;2;13/10/2025;13/12/2025;B4.08;;HT1;
2025_2026_1;CSBU102;CSBU102.Q11.KHBC.2;25;80158;5;6;0;2;20/10/2025;20/12/2025;B4.08;;HT1;
2025_2026_1;CSBU103;CSBU103.Q11.KHBC;40;80159;2;6;9;1;06/10/2025;20/12/2025;E42;;LT;
2025_2026_1;CSBU103;CSBU103.Q11.KHBC.1;25;80160;4;6;0;2;13/10/2025;13/12/2025;B4.06;;HT1;
2025_2026_1;CSBU103;CSBU103.Q11.KHBC.2;25;80023;4;6;0;2;20/10/2025;20/12/2025;B4.06;;HT1;
2025_2026_1;CSBU110;CSBU110.Q11.KHBC;40;80024;2;2;5;1;06/10/2025;20/12/2025;E41;;LT;
2025_2026_1;CSBU110;CSBU110.Q11.KHBC.1;25;80025;2;6;0;2;13/10/2025;13/12/2025;E41;;HT1;
2025_2026_1;CSBU110;CSBU110.Q11.KHBC.2;25;80026;2;6;0;2;20/10/2025;20/12/2025;E41;;HT1;
2025_2026_1;CSBU111;CSBU111.Q11.KHBC;40;80027;5;6;9;1;06/10/2025;20/12/2025;E42;;LT;
2025_2026_1;CSBU111;CSBU111.Q11.KHBC.1;25;80028;5;1;5;2;13/10/2025;13/12/2025;B4.06;;HT1;
2025_2026_1;CSBU111;CSBU111.Q11.KHBC.2;25;80029;5;1;5;2;20/10/2025;20/12/2025;B4.06;;HT1;
2025_2026_1;CSBU112;CSBU112.Q11.KHBC;40;80030;7;2;5;1;06/10/2025;20/12/2025;E34;;LT;
2025_2026_1;CSBU112;CSBU112.Q11.KHBC.1;25;80031;7;6;0;2;13/10/2025;13/12/2025;B4.06;;HT1;
2025_2026_1;CSBU112;CSBU112.Q11.KHBC.2;25;80032;7;6;0;2;20/10/2025;20/12/2025;B4.06;;HT1;
2025_2026_1;CSBU201;CSBU201.Q11.KHBC;40;80033;2;1;4;1;06/10/2025;20/12/2025;E44;;LT;
2025_2026_1;CSBU201;CSBU201.Q11.KHBC.1;25;80034;2;6;0;2;20/10/2025;20/12/2025;C201;;HT1;
2025_2026_1;CSBU204;CSBU204.Q11.KHBC;40;80035;4;2;5;1;06/10/2025;20/12/2025;E44;;LT;
2025_2026_1;CSBU204;CSBU204.Q11.KHBC.1;25;80036;4;6;0;2;20/10/2025;20/12/2025;B4.08;;HT1;
2025_2026_1;CSBU205;CSBU205.Q11.KHBC;48;*;*;;;0;06/10/2025;20/06/2026;*;;KLTN;
2025_2026_1;DS005;DS005.Q11;1;80068;3;1;4;1;08/09/2025;22/11/2025;B3.16;;LT;
2025_2026_1;DS101;DS101.Q11;2;80069;5;1;4;1;08/09/2025;01/11/2025;B1.14;;LT;
2025_2026_1;DS101;DS101.Q11.1;1;*;*;;;0;15/09/2025;27/12/2025;*;;HT2;
2025_2026_1;DS102;DS102.Q11.CNVN;3;80070;6;1;4;1;08/09/2025;29/11/2025;B1.02;;LT;
2025_2026_1;DS102;DS102.Q11.CNVN.1;1;80071;6;6;0;2;22/09/2025;20/12/2025;B3.08;;HT1;
2025_2026_1;DS102;DS102.Q11.CNVN.2;1;80072;6;6;0;2;29/09/2025;13/12/2025;B3.08;;HT1;
2025_2026_1;DS102;DS102.Q12.CNVN;3;80073;6;2;5;1;08/09/2025;29/11/2025;B1.20;;LT;
2025_2026_1;DS102;DS102.Q12.CNVN.1;1;80074;4;1;5;2;22/09/2025;20/12/2025;;;HT1;
2025_2026_1;DS102;DS102.Q12.CNVN.2;1;80075;4;1;5;2;29/09/2025;13/12/2025;;;HT1;
2025_2026_1;DS111;DS111.Q12;3;80076;5;6;9;1;08/09/2025;29/11/2025;B1.04;;LT;
2025_2026_1;DS111;DS111.Q12.1;1;*;*;;;0;15/09/2025;27/12/2025;*;;HT2;
2025_2026_1;DS201;DS201.Q11;3;80077;3;6;9;1;08/09/2025;29/11/2025;B9.02;;LT;
2025_2026_1;DS201;DS201.Q11.1;1;80078;6;1;5;2;22/09/2025;20/12/2025;B3.04;;HT1;
2025_2026_1;DS201;DS201.Q11.2;1;80201;6;1;5;2;29/09/2025;13/12/2025;B3.04;;HT1;
2025_2026_1;DS207;DS207.Q11;2;*;*;;;0;08/09/2025;27/12/2025;*;;ĐA;
2025_2026_1;DS300;DS300.Q11;3;80202;2;2;5;1;08/09/2025;29/11/2025;B4.12;;LT;
2025_2026_1;DS300;DS300.Q11.1;1;80203;2;6;0;2;22/09/2025;20/12/2025;B3.02;;HT1;
2025_2026_1;DS300;DS300.Q11.2;1;80204;2;6;0;2;29/09/2025;13/12/2025;B3.02;;HT1;
2025_2026_1;DS309;DS309.Q11;2;*;*;;;0;08/09/2025;27/12/2025;*;;TTTN;
2025_2026_1;DS310;DS310.Q11;3;80205;5;1;4;1;08/09/2025;29/11/2025;B7.04;;LT;
2025_2026_1;DS310;DS310.Q11.1;1;*;*;;;0;15/09/2025;27/12/2025;*;;HT2;
2025_2026_1;DS311;DS311.Q11;3;80206;4;1;4;1;08/09/2025;29/11/2025;B1.14;;LT;
2025_2026_1;DS312;DS312.Q11;3;80207;4;6;9;1;08/09/2025;29/11/2025;B4.10;;LT;
2025_2026_1;DS317;DS317.Q11;3;80208;4;2;5;1;08/09/2025;29/11/2025;B4.12;;LT;
2025_2026_1;DS317;DS317.Q11.1;1;*;*;;;0;15/09/2025;27/12/2025;*;;HT2;
2025_2026_1;DS505;DS505.Q11;10;*;*;;;0;08/09/2025;27/12/2025;*;;KLTN;
2025_2026_1;EC005;EC005.Q11;1;80022;7;1;3;1;08/09/2025;22/11/2025;B3.20;;LT;
2025_2026_1;EC005;EC005.Q12;1;80101;7;1;3;1;15/09/2025;15/11/2025;B3.20;;LT;
2025_2026_1;EC101;EC101.Q11;3;80102;5;1;4;1;08/09/2025;29/11/2025;C306;;LT;
2025_2026_1;EC204;EC204.Q11;2;80103;4;1;3;1;08/09/2025;22/11/2025;B1.16;;LT;
2025_2026_1;EC204;EC204.Q11.1;1;*;*;;;0;22/09/2025;27/12/2025;*;;HT2;
2025_2026_1;EC204;EC204.Q12;2;80104;5;6;8;1;08/09/2025;22/11/2025;B1.10;;LT;
2025_2026_1;EC204;EC204.Q12.1;1;*;*;;;0;22/09/2025;27/12/2025;*;;HT2;
2025_2026_1;EC213;EC213.Q11;2;80105;5;1;3;1;08/09/2025;22/11/2025;C309;;LT;
2025_2026_1;EC213;EC213.Q11.1;1;*;*;;;0;22/09/2025;27/12/2025;*;;HT2;
2025_2026_1;EC213;EC213.Q12;2;80106;6;1;3;1;08/09/2025;22/11/2025;B3.10;;LT;
2025_2026_1;EC213;EC213.Q12.1;1;*;*;;;0;22/09/2025;27/12/2025;*;;HT2;
2025_2026_1;EC222;EC222.Q11;2;*;*;;;0;08/09/2025;27/12/2025;*;;TTTN;
2025_2026_1;EC222;EC222.Q11.TMCL;2;*;*;;;0;08/09/2025;27/12/2025;*;;TTTN;
2025_2026_1;EC229;EC229.Q11;2;80107;5;6;9;1;08/09/2025;01/11/2025;A215;;LT;
2025_2026_1;EC312;EC312.Q11;2;80108;3;6;8;1;08/09/2025;22/11/2025;B3.12;;LT;
2025_2026_1;EC312;EC312.Q11.1;1;80109;3;1;5;2;22/09/2025;20/12/2025;B3.08;;HT1;
2025_2026_1;EC312;EC312.Q11.2;1;80110;3;1;5;2;29/09/2025;13/12/2025;B3.08;;HT1;
2025_2026_1;EC312;EC312.Q12;2;80111;6;1;3;1;08/09/2025;22/11/2025;C202;;LT;
2025_2026_1;EC312;EC312.Q12.1;1;80112;6;6;0;2;22/09/2025;20/12/2025;B2.16;;HT1;
2025_2026_1;EC312;EC312.Q12.2;1;80113;6;6;0;2;29/09/2025;13/12/2025;B2.16;;HT1;
2025_2026_1;EC331;EC331.Q12;3;80114;3;6;9;1;08/09/2025;29/11/2025;C202;;LT;
2025_2026_1;EC337;EC337.Q11;3;80115;5;6;9;1;08/09/2025;29/11/2025;C202;;LT;
2025_2026_1;EC337;EC337.Q12;3;80116;6;6;9;1;08/09/2025;29/11/2025;C202;;LT;
2025_2026_1;EC401;EC401.Q11;10;*;*;;;0;08/09/2025;27/12/2025;*;;KLTN;
2025_2026_1;EC401;EC401.Q11.TMCL;10;*;*;;;0;08/09/2025;27/12/2025;*;;KLTN;
2025_2026_1;EC402;EC402.Q11;3;80117;2;6;9;1;08/09/2025;29/11/2025;A215;;LT;
2025_2026_1;EC402;EC402.Q11.1;1;80118;2;1;5;2;22/09/2025;20/12/2025;B5.04;;HT1;
2025_2026_1;EC403;EC403.Q11;3;80119;5;2;5;1;08/09/2025;29/11/2025;C307;;LT;
2025_2026_1;ENG02;ENG02.Q14;4;80095;3;9;0;1;15/09/2025;13/12/2025;A313, A313;;LT;
2025_2026_1;ENG02;ENG02.Q14;4;80096;7;6;8;1;15/09/2025;13/12/2025;A313, A313;;LT;
2025_2026_1;ENG02;ENG02.Q17;4;80243;4;;;1;15/09/2025;13/12/2025;*, *;;LT;
2025_2026_1;ENG02;ENG02.Q17;4;80244;6;;;1;15/09/2025;13/12/2025;*, *;;LT;
2025_2026_1;ENG03;ENG03.Q11;4;80245;3;6;8;1;15/09/2025;13/12/2025;A323, A323;;LT;
2025_2026_1;ENG03;ENG03.Q11;4;80246;6;4;5;1;15/09/2025;13/12/2025;A323, A323;;LT;
2025_2026_1;ENG03;ENG03.Q121;4;80095;2;9;0;1;15/09/2025;13/12/2025;A301, A301;;LT;
2025_2026_1;ENG03;ENG03.Q121;4;80096;5;6;8;1;15/09/2025;13/12/2025;A301, A301;;LT;
2025_2026_1;ENG03;ENG03.Q124;4;80243;3;9;0;1;15/09/2025;13/12/2025;A309, A309;;LT;
2025_2026_1;ENG03;ENG03.Q124;4;80244;6;1;3;1;15/09/2025;13/12/2025;A309, A309;;LT;
2025_2026_1;ENG03;ENG03.Q16;4;80245;2;;;1;15/09/2025;13/12/2025;*, *;;LT;
2025_2026_1;ENG03;ENG03.Q16;4;80246;4;;;1;15/09/2025;13/12/2025;*, *;;LT;
2025_2026_1;ENG03;ENG03.Q18;4;80095;3;4;5;1;15/09/2025;13/12/2025;A325, A325;;LT;
2025_2026_1;ENG03;ENG03.Q18;4;80096;5;1;3;1;15/09/2025;13/12/2025;A325, A325;;LT;
2025_2026_1;IE005;IE005.Q11;1;80209;3;1;3;1;08/09/2025;22/11/2025;B1.14;;LT;
2025_2026_1;IE005;IE005.Q11.CNVN;1;80210;2;6;8;1;08/09/2025;11/10/2025;C311;;LT;
2025_2026_1;IE005;IE005.Q12.CNVN;1;80211;2;6;8;1;13/10/2025;22/11/2025;C311;;LT;
2025_2026_1;IE101;IE101.Q12;2;80212;3;2;5;1;08/09/2025;01/11/2025;B7.08;;LT;
2025_2026_1;IE101;IE101.Q12.1;1;*;*;;;0;15/09/2025;27/12/2025;*;;HT2;
2025_2026_1;IE103;IE103.Q12;3;80213;4;6;9;1;08/09/2025;29/11/2025;B1.04;;LT;
2025_2026_1;IE103;IE103.Q12.1;1;80214;4;1;5;2;22/09/2025;20/12/2025;;;HT1;
2025_2026_1;IE104;IE104.Q11;3;80215;3;2;5;1;08/09/2025;29/11/2025;B3.14;;LT;
2025_2026_1;IE104;IE104.Q11.1;1;80216;3;6;0;2;22/09/2025;20/12/2025;B2.02;;HT1;
2025_2026_1;IE104;IE104.Q11.2;1;80068;3;6;0;2;29/09/2025;13/12/2025;B2.02;;HT1;
2025_2026_1;IE104;IE104.Q11.CNVN;3;80069;4;2;5;1;08/09/2025;29/11/2025;B1.06;;LT;
2025_2026_1;IE104;IE104.Q11.CNVN.1;1;80070;4;6;0;2;22/09/2025;20/12/2025;B5.04;;HT1;
2025_2026_1;IE104;IE104.Q11.CNVN.2;1;80071;4;6;0;2;29/09/2025;13/12/2025;B5.04;;HT1;
2025_2026_1;IE104;IE104.Q12;3;80072;5;1;4;1;08/09/2025;29/11/2025;B1.04;;LT;
2025_2026_1;IE104;IE104.Q12.1;1;80073;5;6;0;2;22/09/2025;20/12/2025;B4.04;;HT1;
2025_2026_1;IE104;IE104.Q12.2;1;80074;5;6;0;2;29/09/2025;13/12/2025;B4.04;;HT1;
2025_2026_1;IE104;IE104.Q12.CNVN;3;80075;2;2;5;1;08/09/2025;29/11/2025;B9.02;;LT;
2025_2026_1;IE104;IE104.Q12.CNVN.1;1;80076;2;6;0;2;22/09/2025;20/12/2025;B2.08;;HT1;
2025_2026_1;IE104;IE104.Q12.CNVN.2;1;80077;2;6;0;2;29/09/2025;13/12/2025;B2.08;;HT1;
2025_2026_1;IE105;IE105.Q11;3;80078;4;6;9;1;08/09/2025;29/11/2025;;;LT;
2025_2026_1;IE105;IE105.Q11.1;1;*;*;;;0;15/09/2025;27/12/2025;*;;HT2;
2025_2026_1;IE105;IE105.Q11.CNVN;3;80201;5;6;9;1;08/09/2025;29/11/2025;B1.02;;LT;
2025_2026_1;IE105;IE105.Q11.CNVN.1;1;*;*;;;0;15/09/2025;27/12/2025;*;;HT2;
2025_2026_1;IE106;IE106.Q11;3;80202;5;6;9;1;08/09/2025;29/11/2025;B9.02;;LT;
2025_2026_1;IE106;IE106.Q11.1;1;*;*;;;0;15/09/2025;27/12/2025;*;;HT2;
2025_2026_1;IE106;IE106.Q11.CNVN;3;80203;6;6;9;1;08/09/2025;29/11/2025;B7.06;;LT;
2025_2026_1;IE106;IE106.Q11.CNVN.1;1;*;*;;;0;15/09/2025;27/12/2025;*;;HT2;
2025_2026_1;IE106;IE106.Q12;3;80204;6;6;9;1;08/09/2025;29/11/2025;;;LT;
2025_2026_1;IE106;IE106.Q12.1;1;*;*;;;0;15/09/2025;27/12/2025;*;;HT2;
2025_2026_1;IE106;IE106.Q13;3;80205;2;6;9;1;08/09/2025;29/11/2025;;;LT;
2025_2026_1;IE106;IE106.Q13.1;1;*;*;;;0;15/09/2025;27/12/2025;*;;HT2;
2025_2026_1;IE203;IE203.Q11;3;80206;3;6;9;1;08/09/2025;29/11/2025;B1.04;;LT;
2025_2026_1;IE203;IE203.Q11.1;1;*;*;;;0;15/09/2025;27/12/2025;*;;HT2;
2025_2026_1;IE203;IE203.Q11.CNVN;3;80207;2;6;9;1;08/09/2025;29/11/2025;B4.12;;LT;
2025_2026_1;IE203;IE203.Q11.CNVN.1;1;*;*;;;0;15/09/2025;27/12/2025;*;;HT2;
2025_2026_1;IE207;IE207.Q11;2;*;*;;;0;08/09/2025;27/12/2025;*;;ĐA;
2025_2026_1;IE207;IE207.Q11.CNVN;2;*;*;;;0;08/09/2025;27/12/2025;*;;ĐA;
2025_2026_1;IE212;IE212.Q11;3;80208;3;1;4;1;08/09/2025;29/11/2025;B1.02;;LT;
2025_2026_1;IE212;IE212.Q11.1;1;80209;3;6;0;2;22/09/2025;20/12/2025;B3.02;;HT1;
2025_2026_1;IE221;IE221.Q11;3;80210;6;1;4;1;08/09/2025;29/11/2025;B1.04;;LT;
2025_2026_1;IE221;IE221.Q11.1;1;80211;6;6;0;2;22/09/2025;20/12/2025;B2.12;;HT1;
2025_2026_1;IE221;IE221.Q11.2;1;80212;6;6;0;2;29/09/2025;13/12/2025;B2.12;;HT1;
2025_2026_1;IE221;IE221.Q12;3;80213;4;6;9;1;08/09/2025;29/11/2025;B1.06;;LT;
2025_2026_1;IE221;IE221.Q12.1;1;80214;4;1;5;2;22/09/2025;20/12/2025;A215;;HT1;
2025_2026_1;IE221;IE221.Q12.2;1;80215;4;1;5;2;29/09/2025;13/12/2025;A215;;HT1;
2025_2026_1;IE231;IE231.Q11;3;80216;6;6;9;1;08/09/2025;29/11/2025;B9.02;;LT;
2025_2026_1;IE307;IE307.Q12;3;80068;2;6;9;1;08/09/2025;29/11/2025;B1.22;;LT;
2025_2026_1;IE307;IE307.Q12.1;1;80069;2;1;5;2;22/09/2025;20/12/2025;B2.12;;HT1;
2025_2026_1;IE307;IE307.Q12.2;1;80070;2;1;5;2;29/09/2025;13/12/2025;B2.12;;HT1;
2025_2026_1;IE309;IE309.Q11;2;*;*;;;0;08/09/2025;27/12/2025;*;;TTTN;
2025_2026_1;IE309;IE309.Q11.CNVN;2;*;*;;;0;08/09/2025;27/12/2025;*;;TTTN;
2025_2026_1;IE310;IE310.Q11;3;80071;4;2;5;1;08/09/2025;29/11/2025;B5.14;;LT;
2025_2026_1;IE313;IE313.Q11;3;80072;5;1;4;1;08/09/2025;29/11/2025;B1.02;;LT;
2025_2026_1;IE313;IE313.Q11.1;1;*;*;;;0;15/09/2025;27/12/2025;*;;HT2;
2025_2026_1;IE313;IE313.Q12;3;80073;2;1;4;1;08/09/2025;29/11/2025;B1.04;;LT;
2025_2026_1;IE313;IE313.Q12.1;1;*;*;;;0;15/09/2025;27/12/2025;*;;HT2;
2025_2026_1;IE402;IE402.Q11;3;80074;7;1;4;1;08/09/2025;29/11/2025;B4.16;;LT;
2025_2026_1;IE402;IE402.Q11.1;1;*;*;;;0;15/09/2025;27/12/2025;*;;HT2;
2025_2026_1;IE403;IE403.Q11;3;80075;4;6;9;1;08/09/2025;29/11/2025;B4.12;;LT;
2025_2026_1;IE505;IE505.Q11;10;*;*;;;0;08/09/2025;27/12/2025;*;;KLTN;
2025_2026_1;IE505;IE505.Q11.CNVN;10;*;*;;;0;08/09/2025;27/12/2025;*;;KLTN;
2025_2026_1;IE505;IE505.Q11.LT;10;*;*;;;0;08/09/2025;20/12/2025;*;;KLTN;
2025_2026_1;IEM5723;IEM5723.Q11.CTTT;3;80120;3;6;9;1;08/09/2025;29/11/2025;E34;;LT;
2025_2026_1;IEM5723;IEM5723.Q11.CTTT.1;0;80121;4;1;5;2;22/09/2025;20/12/2025;B4.08;;HT1;
2025_2026_1;IEM5723;IEM5723.Q12.CTTT;3;80122;3;1;4;1;08/09/2025;29/11/2025;E34;;LT;
2025_2026_1;IEM5723;IEM5723.Q12.CTTT.1;0;80123;4;1;5;2;29/09/2025;13/12/2025;B4.08;;HT1;
2025_2026_1;IS005;IS005.Q11;1;80124;7;1;3;1;08/09/2025;22/11/2025;B1.14;;LT;
2025_2026_1;IS005;IS005.Q12;1;80125;7;1;3;1;15/09/2025;15/11/2025;B1.14;;LT;
2025_2026_1;IS207;IS207.Q11;3;80126;4;1;4;1;08/09/2025;29/11/2025;B3.10;;LT;
2025_2026_1;IS207;IS207.Q11.1;1;80127;4;6;0;2;22/09/2025;20/12/2025;C216;;HT1;
2025_2026_1;IS207;IS207.Q11.2;1;80128;4;6;0;2;29/09/2025;13/12/2025;C216;;HT1;
2025_2026_1;IS207;IS207.Q12;3;80129;5;1;4;1;08/09/2025;29/11/2025;B3.10;;LT;
2025_2026_1;IS207;IS207.Q12.1;1;80130;5;6;0;2;22/09/2025;20/12/2025;B2.16;;HT1;
2025_2026_1;IS207;IS207.Q12.2;1;80131;5;6;0;2;29/09/2025;13/12/2025;B2.16;;HT1;
2025_2026_1;IS207;IS207.Q13;3;80132;7;1;4;1;08/09/2025;29/11/2025;B4.18;;LT;
2025_2026_1;IS207;IS207.Q13.1;1;80133;7;6;0;2;22/09/2025;20/12/2025;B5.06;;HT1;
2025_2026_1;IS207;IS207.Q13.2;1;80001;7;6;0;2;29/09/2025;13/12/2025;B5.06;;HT1;
2025_2026_1;IS217;IS217.Q11;3;80002;2;6;9;1;08/09/2025;29/11/2025;B7.06;;LT;
2025_2026_1;IS217;IS217.Q12;3;80003;4;1;4;1;08/09/2025;29/11/2025;B6.04;;LT;
2025_2026_1;IS217;IS217.Q13;3;80004;2;1;4;1;08/09/2025;29/11/2025;C309;;LT;
2025_2026_1;IS217;IS217.Q14;3;80005;2;1;4;1;08/09/2025;29/11/2025;C202;;LT;
2025_2026_1;IS254;IS254.Q11;3;80006;4;6;9;1;08/09/2025;29/11/2025;A215;;LT;
2025_2026_1;IS334;IS334.Q11;3;80007;5;1;4;1;08/09/2025;29/11/2025;C202;;LT;
2025_2026_1;IS334;IS334.Q12;3;80008;3;2;5;1;08/09/2025;29/11/2025;B6.04;;LT;
2025_2026_1;IS334;IS334.Q13;3;80009;6;6;9;1;08/09/2025;29/11/2025;B5.10;;LT;
2025_2026_1;IS334;IS334.Q14;3;80010;5;6;9;1;08/09/2025;29/11/2025;B3.12;;LT;
2025_2026_1;IS335;IS335.Q11;3;80011;7;6;9;1;08/09/2025;29/11/2025;B3.10;;LT;
2025_2026_1;IS336;IS336.Q11;3;80012;4;6;9;1;08/09/2025;29/11/2025;C214;;LT;
2025_2026_1;IS336;IS336.Q11.1;1;*;*;;;0;22/09/2025;27/12/2025;*;;HT2;
2025_2026_1;IS336;IS336.Q12;3;80013;6;1;4;1;08/09/2025;29/11/2025;B3.12;;LT;
2025_2026_1;IS336;IS336.Q12.1;1;*;*;;;0;22/09/2025;27/12/2025;*;;HT2;
2025_2026_1;IS336;IS336.Q13;3;80014;2;6;9;1;08/09/2025;29/11/2025;B1.20;;LT;
2025_2026_1;IS336;IS336.Q13.1;1;*;*;;;0;22/09/2025;27/12/2025;*;;HT2;
2025_2026_1;IS353;IS353.Q11;3;80015;6;6;9;1;08/09/2025;29/11/2025;B3.12;;LT;
2025_2026_1;IS353;IS353.Q11.CTTT;3;80016;5;6;9;1;08/09/2025;29/11/2025;E44;;LT;
2025_2026_1;IS353;IS353.Q12.CTTT;3;80017;5;1;4;1;08/09/2025;29/11/2025;E44;;LT;
2025_2026_1;IS355;IS355.Q11;3;80018;3;1;4;1;08/09/2025;29/11/2025;B3.20;;LT;
2025_2026_1;IS355;IS355.Q11.1;1;80019;3;6;0;2;22/09/2025;20/12/2025;B2.18;;HT1;
2025_2026_1;IS355;IS355.Q11.2;1;80020;3;6;0;2;29/09/2025;13/12/2025;B2.18;;HT1;
2025_2026_1;IS401;IS401.Q11;10;*;*;;;0;08/09/2025;27/12/2025;*;;KLTN;
2025_2026_1;IS401;IS401.Q11.HTCL;10;*;*;;;0;08/09/2025;27/12/2025;*;;KLTN;
2025_2026_1;IS402;IS402.Q11;3;80021;7;1;4;1;08/09/2025;29/11/2025;B4.20;;LT;
2025_2026_1;IS403;IS403.Q11;3;80022;5;1;4;1;08/09/2025;29/11/2025;B3.12;;LT;
2025_2026_1;IS403;IS403.Q12;3;80101;3;1;4;1;08/09/2025;29/11/2025;C202;;LT;
2025_2026_1;IS403;IS403.Q13;3;80102;3;1;4;1;08/09/2025;29/11/2025;B6.02;;LT;
2025_2026_1;IS405;IS405.Q11;3;80103;3;6;9;1;08/09/2025;29/11/2025;A215;;LT;
2025_2026_1;IS405;IS405.Q11.1;1;80104;3;1;5;2;22/09/2025;20/12/2025;B2.16;;HT1;
2025_2026_1;IS502;IS502.Q11;2;*;*;;;0;08/09/2025;27/12/2025;*;;TTTN;
2025_2026_1;IS502;IS502.Q11.HTCL;2;*;*;;;0;08/09/2025;27/12/2025;*;;TTTN;
2025_2026_1;IT001;IT001.Q11;3;80037;2;1;3;1;08/09/2025;27/12/2025;B4.20;;LT;
2025_2026_1;IT001;IT001.Q11.1;1;80038;2;6;0;2;22/09/2025;20/12/2025;B5.02;;HT1;
2025_2026_1;IT001;IT001.Q11.2;1;80039;2;6;0;2;29/09/2025;13/12/2025;B5.02;;HT1;
2025_2026_1;IT001;IT001.Q11.CNVN;3;80040;6;2;5;1;08/09/2025;29/11/2025;C311;;LT;
2025_2026_1;IT001;IT001.Q11.CNVN.1;1;80134;6;6;0;2;22/09/2025;20/12/2025;C109;;HT1;
2025_2026_1;IT001;IT001.Q11.CNVN.2;1;80135;6;6;0;2;29/09/2025;13/12/2025;C109;;HT1;
2025_2026_1;IT001;IT001.Q11.TTNT;3;80136;5;6;8;1;08/09/2025;27/12/2025;B3.10;;LT;
2025_2026_1;IT001;IT001.Q11.TTNT.1;1;80137;5;1;4;2;22/09/2025;20/12/2025;C109;;HT1;
2025_2026_1;IT001;IT001.Q110;3;80138;4;6;8;1;08/09/2025;27/12/2025;B5.10;;LT;
2025_2026_1;IT001;IT001.Q110.1;1;80139;4;1;5;2;22/09/2025;20/12/2025;C111;;HT1;
2025_2026_1;IT001;IT001.Q110.2;1;80140;4;1;5;2;29/09/2025;13/12/2025;C111;;HT1;
2025_2026_1;IT001;IT001.Q111;3;80141;4;1;3;1;08/09/2025;27/12/2025;B4.18;;LT;
2025_2026_1;IT001;IT001.Q111.1;1;80142;4;6;0;2;22/09/2025;20/12/2025;C109;;HT1;
2025_2026_1;IT001;IT001.Q111.2;1;80143;4;6;0;2;29/09/2025;13/12/2025;C109;;HT1;
2025_2026_1;IT001;IT001.Q112;3;80144;4;1;3;1;08/09/2025;27/12/2025;B4.20;;LT;
2025_2026_1;IT001;IT001.Q112.1;1;80145;4;6;0;2;22/09/2025;20/12/2025;C111;;HT1;
2025_2026_1;IT001;IT001.Q112.2;1;80146;4;6;0;2;29/09/2025;13/12/2025;C111;;HT1;
2025_2026_1;IT001;IT001.Q113;3;80147;4;1;3;1;08/09/2025;27/12/2025;B4.16;;LT;
2025_2026_1;IT001;IT001.Q113.1;1;80148;4;6;0;2;22/09/2025;20/12/2025;B5.02;;HT1;
2025_2026_1;IT001;IT001.Q113.2;1;80149;4;6;0;2;29/09/2025;13/12/2025;B5.02;;HT1;
2025_2026_1;IT001;IT001.Q114;3;80150;4;6;8;1;08/09/2025;27/12/2025;B1.16;;LT;
2025_2026_1;IT001;IT001.Q114.1;1;80151;4;1;5;2;22/09/2025;20/12/2025;B2.22;;HT1;
2025_2026_1;IT001;IT001.Q114.2;1;80152;4;1;5;2;29/09/2025;13/12/2025;B2.22;;HT1;
2025_2026_1;IT001;IT001.Q115;3;80153;4;6;8;1;08/09/2025;27/12/2025;B4.16;;LT;
2025_2026_1;IT001;IT001.Q115.1;1;80154;4;1;5;2;22/09/2025;20/12/2025;B5.02;;HT1;
2025_2026_1;IT001;IT001.Q115.2;1;80155;4;1;5;2;29/09/2025;13/12/2025;B5.02;;HT1;
2025_2026_1;IT001;IT001.Q116;3;80156;5;1;3;1;08/09/2025;27/12/2025;B3.20;;LT;
2025_2026_1;IT001;IT001.Q116.1;1;80157;5;6;0;2;22/09/2025;20/12/2025;B5.02;;HT1;
2025_2026_1;IT001;IT001.Q116.2;1;80158;5;6;0;2;29/09/2025;13/12/2025;B5.02;;HT1;
2025_2026_1;IT001;IT001.Q117;3;80159;5;1;3;1;08/09/2025;27/12/2025;B4.16;;LT;
2025_2026_1;IT001;IT001.Q117.1;1;80160;5;6;0;2;22/09/2025;20/12/2025;C109;;HT1;
2025_2026_1;IT001;IT001.Q117.2;1;80023;5;6;0;2;29/09/2025;13/12/2025;C109;;HT1;
2025_2026_1;IT001;IT001.Q118;3;80024;5;6;8;1;08/09/2025;27/12/2025;B3.16;;LT;
2025_2026_1;IT001;IT001.Q118.1;1;80025;5;1;5;2;22/09/2025;20/12/2025;B2.14;;HT1;
2025_2026_1;IT001;IT001.Q118.2;1;80026;5;1;5;2;29/09/2025;13/12/2025;B2.14;;HT1;
2025_2026_1;IT001;IT001.Q119;3;80027;5;1;3;1;08/09/2025;27/12/2025;B3.16;;LT;
2025_2026_1;IT001;IT001.Q119.1;1;80028;5;6;0;2;22/09/2025;20/12/2025;B2.10;;HT1;
2025_2026_1;IT001;IT001.Q119.2;1;80029;5;6;0;2;29/09/2025;13/12/2025;B2.10;;HT1;
2025_2026_1;IT001;IT001.Q12;3;80030;2;1;3;1;08/09/2025;27/12/2025;B4.22;;LT;
2025_2026_1;IT001;IT001.Q12.1;1;80031;2;6;0;2;22/09/2025;20/12/2025;C111;;HT1;
2025_2026_1;IT001;IT001.Q12.2;1;80032;2;6;0;2;29/09/2025;13/12/2025;C111;;HT1;
2025_2026_1;IT001;IT001.Q12.CNVN;3;80033;4;2;5;1;08/09/2025;29/11/2025;C311;;LT;
2025_2026_1;IT001;IT001.Q12.CNVN.1;1;80034;4;6;0;2;22/09/2025;20/12/2025;B2.12;;HT1;
2025_2026_1;IT001;IT001.Q12.CNVN.2;1;80035;4;6;0;2;29/09/2025;13/12/2025;B2.12;;HT1;
2025_2026_1;IT001;IT001.Q120;3;80036;5;1;3;1;08/09/2025;27/12/2025;B3.18;;LT;
2025_2026_1;IT001;IT001.Q120.1;1;80037;5;6;0;2;22/09/2025;20/12/2025;C111;;HT1;
2025_2026_1;IT001;IT001.Q120.2;1;80038;5;6;0;2;29/09/2025;13/12/2025;C111;;HT1;
2025_2026_1;IT001;IT001.Q121;3;80039;6;1;3;1;08/09/2025;27/12/2025;B3.16;;LT;
2025_2026_1;IT001;IT001.Q121.1;1;80040;6;6;0;2;22/09/2025;20/12/2025;C111;;HT1;
2025_2026_1;IT001;IT001.Q121.2;1;80134;6;6;0;2;29/09/2025;13/12/2025;C111;;HT1;
2025_2026_1;IT001;IT001.Q122;3;80135;6;1;3;1;08/09/2025;27/12/2025;B3.18;;LT;
2025_2026_1;IT001;IT001.Q122.1;1;80136;6;6;0;2;22/09/2025;20/12/2025;B5.02;;HT1;
2025_2026_1;IT001;IT001.Q122.2;1;80137;6;6;0;2;29/09/2025;13/12/2025;B5.02;;HT1;
2025_2026_1;IT001;IT001.Q123;3;80138;6;6;8;1;08/09/2025;27/12/2025;B3.16;;LT;
2025_2026_1;IT001;IT001.Q123.1;1;80139;6;1;5;2;22/09/2025;20/12/2025;B2.14;;HT1;
2025_2026_1;IT001;IT001.Q123.2;1;80140;6;1;5;2;29/09/2025;13/12/2025;B2.14;;HT1;
2025_2026_1;IT001;IT001.Q124;3;80141;6;6;8;1;08/09/2025;27/12/2025;B3.18;;LT;
2025_2026_1;IT001;IT001.Q124.1;1;80142;6;1;5;2;22/09/2025;20/12/2025;B5.02;;HT1;
2025_2026_1;IT001;IT001.Q124.2;1;80143;6;1;5;2;29/09/2025;13/12/2025;B5.02;;HT1;
2025_2026_1;IT001;IT001.Q125;3;80144;2;1;3;1;08/09/2025;27/12/2025;B1.20;;LT;
2025_2026_1;IT001;IT001.Q125.1;1;80145;2;6;0;2;22/09/2025;20/12/2025;C109;;HT1;
2025_2026_1;IT001;IT001.Q125.2;1;80146;2;6;0;2;29/09/2025;13/12/2025;C109;;HT1;
2025_2026_1;IT001;IT001.Q126;3;80147;6;6;8;1;08/09/2025;27/12/2025;B1.20;;LT;
2025_2026_1;IT001;IT001.Q126.1;1;80148;7;1;5;2;22/09/2025;20/12/2025;B3.08;;HT1;
2025_2026_1;IT001;IT001.Q126.2;1;80149;7;1;5;2;29/09/2025;13/12/2025;B3.08;;HT1;
2025_2026_1;IT001;IT001.Q127;3;80150;4;1;3;1;08/09/2025;27/12/2025;B1.18;;LT;
2025_2026_1;IT001;IT001.Q127.1;1;80151;4;6;0;2;22/09/2025;20/12/2025;B2.10;;HT1;
2025_2026_1;IT001;IT001.Q127.2;1;80152;4;6;0;2;29/09/2025;13/12/2025;B2.10;;HT1;
2025_2026_1;IT001;IT001.Q13;3;80153;2;6;8;1;08/09/2025;27/12/2025;B4.20;;LT;
2025_2026_1;IT001;IT001.Q13.1;1;80154;2;1;5;2;22/09/2025;20/12/2025;B5.02;;HT1;
2025_2026_1;IT001;IT001.Q13.2;1;80155;2;1;5;2;29/09/2025;13/12/2025;B5.02;;HT1;
2025_2026_1;IT001;IT001.Q13.CNVN;3;80156;6;6;9;1;08/09/2025;29/11/2025;;;LT;
2025_2026_1;IT001;IT001.Q13.CNVN.1;1;80157;6;1;5;2;22/09/2025;20/12/2025;;;HT1;
2025_2026_1;IT001;IT001.Q13.CNVN.2;1;80158;6;1;5;2;29/09/2025;13/12/2025;;;HT1;
2025_2026_1;IT001;IT001.Q14;3;80159;2;6;8;1;08/09/2025;27/12/2025;B4.22;;LT;
2025_2026_1;IT001;IT001.Q14.1;1;80160;2;1;5;2;22/09/2025;20/12/2025;C111;;HT1;
2025_2026_1;IT001;IT001.Q14.2;1;80023;2;1;5;2;29/09/2025;13/12/2025;C111;;HT1;
2025_2026_1;IT001;IT001.Q15;3;80024;3;1;3;1;08/09/2025;27/12/2025;B4.22;;LT;
2025_2026_1;IT001;IT001.Q15.1;1;80025;3;6;0;2;22/09/2025;20/12/2025;C111;;HT1;
2025_2026_1;IT001;IT001.Q15.2;1;80026;3;6;0;2;29/09/2025;13/12/2025;C111;;HT1;
2025_2026_1;IT001;IT001.Q16;3;80027;3;6;8;1;22/09/2025;20/12/2025;B4.20;;LT;
2025_2026_1;IT001;IT001.Q16.1;1;80028;3;1;5;2;22/09/2025;20/12/2025;C111;;HT1;
2025_2026_1;IT001;IT001.Q16.2;1;80029;3;1;5;2;29/09/2025;13/12/2025;C111;;HT1;
2025_2026_1;IT001;IT001.Q17;3;80030;3;1;3;1;08/09/2025;27/12/2025;B4.20;;LT;
2025_2026_1;IT001;IT001.Q17.1;1;80031;3;6;0;2;22/09/2025;20/12/2025;B5.02;;HT1;
2025_2026_1;IT001;IT001.Q17.2;1;80032;3;6;0;2;29/09/2025;13/12/2025;B5.02;;HT1;
2025_2026_1;IT001;IT001.Q18;3;80033;3;6;8;1;08/09/2025;27/12/2025;B4.18;;LT;
2025_2026_1;IT001;IT001.Q18.1;1;80034;3;1;5;2;22/09/2025;20/12/2025;B2.14;;HT1;
2025_2026_1;IT001;IT001.Q18.2;1;80035;3;1;5;2;29/09/2025;13/12/2025;B2.14;;HT1;
2025_2026_1;IT001;IT001.Q19;3;80036;3;6;8;1;08/09/2025;27/12/2025;B4.16;;LT;
2025_2026_1;IT001;IT001.Q19.1;1;80037;3;1;5;2;22/09/2025;20/12/2025;B5.02;;HT1;
2025_2026_1;IT001;IT001.Q19.2;1;80038;3;1;5;2;29/09/2025;13/12/2025;B5.02;;HT1;
2025_2026_1;IT002;IT002.Q11;3;80079;2;1;3;1;08/09/2025;27/12/2025;B1.22;;LT;
2025_2026_1;IT002;IT002.Q11.1;1;80080;2;6;0;2;22/09/2025;20/12/2025;B2.12;;HT1;
2025_2026_1;IT002;IT002.Q11.2;1;80081;2;6;0;2;29/09/2025;13/12/2025;B2.12;;HT1;
2025_2026_1;IT002;IT002.Q11.CTTN;3;80082;4;1;4;1;08/09/2025;29/11/2025;C108;;LT;
2025_2026_1;IT002;IT002.Q11.CTTN.1;1;80083;4;6;0;2;22/09/2025;20/12/2025;B2.20;;HT1;
2025_2026_1;IT002;IT002.Q11.CTTN.2;1;80084;4;6;0;2;29/09/2025;13/12/2025;B2.20;;HT1;
2025_2026_1;IT002;IT002.Q12;3;80085;3;1;3;1;08/09/2025;27/12/2025;B5.10;;LT;
2025_2026_1;IT002;IT002.Q12.1;1;80086;3;6;0;2;22/09/2025;20/12/2025;B2.10;;HT1;
2025_2026_1;IT002;IT002.Q12.2;1;80087;3;6;0;2;29/09/2025;13/12/2025;B2.10;;HT1;
2025_2026_1;IT002;IT002.Q14;3;80217;5;6;8;1;08/09/2025;27/12/2025;B1.16;;LT;
2025_2026_1;IT002;IT002.Q14.1;1;80218;5;1;5;2;22/09/2025;20/12/2025;B2.06;;HT1;
2025_2026_1;IT003;IT003.Q11;3;80039;2;1;3;1;08/09/2025;27/12/2025;B3.22;;LT;
2025_2026_1;IT003;IT003.Q11.1;1;80040;2;6;0;2;22/09/2025;20/12/2025;B2.06;;HT1;
2025_2026_1;IT003;IT003.Q11.2;1;80134;2;6;0;2;29/09/2025;13/12/2025;B2.06;;HT1;
2025_2026_1;IT003;IT003.Q12;3;80135;3;6;8;1;08/09/2025;27/12/2025;B4.22;;LT;
2025_2026_1;IT003;IT003.Q12.1;1;80136;3;1;5;2;22/09/2025;20/12/2025;B2.22;;HT1;
2025_2026_1;IT003;IT003.Q12.2;1;80137;3;1;5;2;29/09/2025;13/12/2025;B2.22;;HT1;
2025_2026_1;IT003;IT003.Q13;3;80138;4;6;8;1;08/09/2025;27/12/2025;B1.20;;LT;
2025_2026_1;IT003;IT003.Q13.1;1;80139;4;1;5;2;22/09/2025;20/12/2025;B2.14;;HT1;
2025_2026_1;IT003;IT003.Q13.2;1;80140;4;1;5;2;29/09/2025;13/12/2025;B2.14;;HT1;
2025_2026_1;IT003;IT003.Q14;3;80141;5;6;8;1;08/09/2025;27/12/2025;B3.22;;LT;
2025_2026_1;IT003;IT003.Q14.1;1;80142;5;1;5;2;22/09/2025;20/12/2025;B2.18;;HT1;
2025_2026_1;IT003;IT003.Q14.2;1;80143;5;1;5;2;29/09/2025;13/12/2025;B2.18;;HT1;
2025_2026_1;IT003;IT003.Q15;3;80144;6;6;8;1;08/09/2025;27/12/2025;B3.22;;LT;
2025_2026_1;IT003;IT003.Q15.1;1;80145;6;1;5;2;22/09/2025;20/12/2025;B2.22;;HT1;
2025_2026_1;IT003;IT003.Q15.2;1;80146;6;1;5;2;29/09/2025;13/12/2025;B2.22;;HT1;
2025_2026_1;IT003;IT003.Q16;3;80147;7;6;8;1;08/09/2025;27/12/2025;B1.08;;LT;
2025_2026_1;IT003;IT003.Q16.1;1;80148;7;1;5;2;22/09/2025;20/12/2025;B3.06;;HT1;
2025_2026_1;IT003;IT003.Q16.2;1;80149;7;1;5;2;29/09/2025;13/12/2025;B3.06;;HT1;
2025_2026_1;IT003;IT003.Q17;3;80150;7;1;3;1;08/09/2025;27/12/2025;B1.20;;LT;
2025_2026_1;IT003;IT003.Q17.1;1;80151;7;6;0;2;22/09/2025;20/12/2025;B3.06;;HT1;
2025_2026_1;IT003;IT003.Q17.2;1;80152;7;6;0;2;29/09/2025;13/12/2025;B3.06;;HT1;
2025_2026_1;IT003;IT003.Q18;3;80153;3;6;8;1;08/09/2025;27/12/2025;B7.02;;LT;
2025_2026_1;IT003;IT003.Q18.1;1;80154;3;1;5;2;22/09/2025;20/12/2025;B2.18;;HT1;
2025_2026_1;IT004;IT004.Q11;3;80105;2;1;4;1;08/09/2025;29/11/2025;B3.10;;LT;
2025_2026_1;IT004;IT004.Q11.1;1;80106;2;6;0;2;22/09/2025;20/12/2025;B2.18;;HT1;
2025_2026_1;IT004;IT004.Q11.2;1;80107;2;6;0;2;29/09/2025;13/12/2025;B2.18;;HT1;
2025_2026_1;IT004;IT004.Q11.CNVN;3;80108;3;6;9;1;08/09/2025;29/11/2025;C305;;LT;
2025_2026_1;IT004;IT004.Q11.CNVN.1;1;80109;3;1;5;2;22/09/2025;20/12/2025;B2.12;;HT1;
2025_2026_1;IT004;IT004.Q11.CNVN.2;1;80110;3;1;5;2;29/09/2025;13/12/2025;B2.12;;HT1;
2025_2026_1;IT004;IT004.Q11.CTTN;3;80111;3;1;4;1;08/09/2025;29/11/2025;C108;;LT;
2025_2026_1;IT004;IT004.Q11.CTTN.1;1;80112;3;6;0;2;22/09/2025;20/12/2025;B4.08;;HT1;
2025_2026_1;IT004;IT004.Q11.CTTN.2;1;80113;3;6;0;2;29/09/2025;13/12/2025;B4.08;;HT1;
2025_2026_1;IT004;IT004.Q110;3;80114;4;1;4;1;08/09/2025;29/11/2025;B3.22;;LT;
2025_2026_1;IT004;IT004.Q110.1;1;80115;4;6;0;2;22/09/2025;20/12/2025;B2.22;;HT1;
2025_2026_1;IT004;IT004.Q110.2;1;80116;4;6;0;2;29/09/2025;13/12/2025;B2.22;;HT1;
2025_2026_1;IT004;IT004.Q111;3;80117;4;1;4;1;08/09/2025;29/11/2025;B6.08;;LT;
2025_2026_1;IT004;IT004.Q111.1;1;80118;4;6;0;2;22/09/2025;20/12/2025;B3.02;;HT1;
2025_2026_1;IT004;IT004.Q111.2;1;80119;4;6;0;2;29/09/2025;13/12/2025;B3.02;;HT1;
2025_2026_1;IT004;IT004.Q112;3;80120;4;6;9;1;08/09/2025;29/11/2025;B3.22;;LT;
2025_2026_1;IT004;IT004.Q112.1;1;80121;4;1;5;2;22/09/2025;20/12/2025;B3.04;;HT1;
2025_2026_1;IT004;IT004.Q112.2;1;80122;4;1;5;2;29/09/2025;13/12/2025;B3.04;;HT1;
2025_2026_1;IT004;IT004.Q113;3;80123;4;6;9;1;08/09/2025;29/11/2025;B6.08;;LT;
2025_2026_1;IT004;IT004.Q113.1;1;80124;4;1;5;2;22/09/2025;20/12/2025;B3.08;;HT1;
2025_2026_1;IT004;IT004.Q113.2;1;80125;4;1;5;2;29/09/2025;13/12/2025;B3.08;;HT1;
2025_2026_1;IT004;IT004.Q114;3;80126;5;1;4;1;08/09/2025;29/11/2025;B7.06;;LT;
2025_2026_1;IT004;IT004.Q114.1;1;80127;5;6;0;2;22/09/2025;20/12/2025;B2.22;;HT1;
2025_2026_1;IT004;IT004.Q114.2;1;80128;5;6;0;2;29/09/2025;13/12/2025;B2.22;;HT1;
2025_2026_1;IT004;IT004.Q115;3;80129;5;1;4;1;08/09/2025;29/11/2025;B4.14;;LT;
2025_2026_1;IT004;IT004.Q115.1;1;80130;5;6;0;2;22/09/2025;20/12/2025;B3.04;;HT1;
2025_2026_1;IT004;IT004.Q115.2;1;80131;5;6;0;2;29/09/2025;13/12/2025;B3.04;;HT1;
2025_2026_1;IT004;IT004.Q116;3;80132;5;6;9;1;08/09/2025;29/11/2025;B7.06;;LT;
2025_2026_1;IT004;IT004.Q116.1;1;80133;5;1;5;2;22/09/2025;20/12/2025;B2.20;;HT1;
2025_2026_1;IT004;IT004.Q116.2;1;80001;5;1;5;2;29/09/2025;13/12/2025;B2.20;;HT1;
2025_2026_1;IT004;IT004.Q117;3;80002;5;6;9;1;08/09/2025;29/11/2025;B7.04;;LT;
2025_2026_1;IT004;IT004.Q117.1;1;80003;5;1;5;2;22/09/2025;20/12/2025;B2.22;;HT1;
2025_2026_1;IT004;IT004.Q117.2;1;80004;5;1;5;2;29/09/2025;13/12/2025;B2.22;;HT1;
2025_2026_1;IT004;IT004.Q118;3;80005;6;1;4;1;08/09/2025;29/11/2025;B7.06;;LT;
2025_2026_1;IT004;IT004.Q118.1;1;80006;6;6;0;2;22/09/2025;20/12/2025;B2.20;;HT1;
2025_2026_1;IT004;IT004.Q118.2;1;80007;6;6;0;2;29/09/2025;13/12/2025;B2.20;;HT1;
2025_2026_1;IT004;IT004.Q12;3;80008;2;1;4;1;08/09/2025;29/11/2025;B3.12;;LT;
2025_2026_1;IT004;IT004.Q12.1;1;80009;2;6;0;2;22/09/2025;20/12/2025;B2.22;;HT1;
2025_2026_1;IT004;IT004.Q12.2;1;80010;2;6;0;2;29/09/2025;13/12/2025;B2.22;;HT1;
2025_2026_1;IT004;IT004.Q12.CNVN;3;80011;5;1;4;1;08/09/2025;29/11/2025;C305;;LT;
2025_2026_1;IT004;IT004.Q12.CNVN.1;1;80012;5;6;0;2;22/09/2025;20/12/2025;B2.12;;HT1;
2025_2026_1;IT004;IT004.Q12.CNVN.2;1;80013;5;6;0;2;29/09/2025;13/12/2025;B2.12;;HT1;
2025_2026_1;IT004;IT004.Q13;3;80014;2;1;4;1;08/09/2025;29/11/2025;B6.08;;LT;
2025_2026_1;IT004;IT004.Q13.1;1;80015;2;6;0;2;22/09/2025;20/12/2025;B3.04;;HT1;
2025_2026_1;IT004;IT004.Q13.2;1;80016;2;6;0;2;29/09/2025;13/12/2025;B3.04;;HT1;
2025_2026_1;IT004;IT004.Q14;3;80017;2;6;9;1;08/09/2025;29/11/2025;B5.12;;LT;
2025_2026_1;IT004;IT004.Q14.1;1;80018;2;1;5;2;22/09/2025;20/12/2025;B2.22;;HT1;
2025_2026_1;IT004;IT004.Q14.2;1;80019;2;1;5;2;29/09/2025;13/12/2025;B2.22;;HT1;
2025_2026_1;IT004;IT004.Q15;3;80020;2;6;9;1;08/09/2025;29/11/2025;B4.14;;LT;
2025_2026_1;IT004;IT004.Q15.1;1;80021;2;1;5;2;22/09/2025;20/12/2025;B2.16;;HT1;
2025_2026_1;IT004;IT004.Q15.2;1;80022;2;1;5;2;29/09/2025;13/12/2025;B2.16;;HT1;
2025_2026_1;IT004;IT004.Q16;3;80101;3;1;4;1;08/09/2025;29/11/2025;B5.12;;LT;
2025_2026_1;IT004;IT004.Q16.1;1;80102;3;6;0;2;22/09/2025;20/12/2025;B2.20;;HT1;
2025_2026_1;IT004;IT004.Q16.2;1;80103;3;6;0;2;29/09/2025;13/12/2025;B2.20;;HT1;
2025_2026_1;IT004;IT004.Q17;3;80104;3;1;4;1;08/09/2025;29/11/2025;B3.22;;LT;
2025_2026_1;IT004;IT004.Q17.1;1;80105;3;6;0;2;22/09/2025;20/12/2025;B2.12;;HT1;
2025_2026_1;IT004;IT004.Q17.2;1;80106;3;6;0;2;29/09/2025;13/12/2025;B2.12;;HT1;
2025_2026_1;IT004;IT004.Q18;3;80107;3;6;9;1;08/09/2025;29/11/2025;B3.14;;LT;
2025_2026_1;IT004;IT004.Q18.1;1;80108;3;1;5;2;22/09/2025;20/12/2025;B3.04;;HT1;
2025_2026_1;IT004;IT004.Q18.2;1;80109;3;1;5;2;29/09/2025;13/12/2025;B3.04;;HT1;
2025_2026_1;IT004;IT004.Q19;3;80110;3;6;9;1;08/09/2025;29/11/2025;B3.22;;LT;
2025_2026_1;IT004;IT004.Q19.1;1;80111;3;1;5;2;22/09/2025;20/12/2025;B3.02;;HT1;
2025_2026_1;IT004;IT004.Q19.2;1;80112;3;1;5;2;29/09/2025;13/12/2025;B3.02;;HT1;
2025_2026_1;IT005;IT005.Q11;3;80060;2;1;3;1;08/09/2025;27/12/2025;B7.06;;LT;
2025_2026_1;IT005;IT005.Q11.1;1;80061;2;6;0;2;22/09/2025;20/12/2025;B2.02;;HT1;
2025_2026_1;IT005;IT005.Q11.2;1;80062;2;6;0;2;29/09/2025;13/12/2025;B2.02;;HT1;
2025_2026_1;IT005;IT005.Q11.CNVN;3;80063;5;1;3;1;08/09/2025;27/12/2025;B1.12;;LT;
2025_2026_1;IT005;IT005.Q11.CNVN.1;1;80064;5;6;0;2;22/09/2025;20/12/2025;B2.02;;HT1;
2025_2026_1;IT005;IT005.Q11.CNVN.2;1;80065;5;6;0;2;29/09/2025;13/12/2025;B2.02;;HT1;
2025_2026_1;IT005;IT005.Q110;3;80066;4;1;3;1;08/09/2025;27/12/2025;B6.10;;LT;
2025_2026_1;IT005;IT005.Q110.1;1;80067;4;6;0;2;22/09/2025;20/12/2025;B2.02;;HT1;
2025_2026_1;IT005;IT005.Q110.2;1;80182;4;6;0;2;29/09/2025;13/12/2025;B2.02;;HT1;
2025_2026_1;IT005;IT005.Q111;3;80183;4;1;3;1;08/09/2025;27/12/2025;B7.04;;LT;
2025_2026_1;IT005;IT005.Q111.1;1;80184;4;6;0;2;22/09/2025;20/12/2025;B2.08;;HT1;
2025_2026_1;IT005;IT005.Q111.2;1;80185;4;6;0;2;29/09/2025;13/12/2025;B2.08;;HT1;
2025_2026_1;IT005;IT005.Q112;3;80186;4;6;8;1;08/09/2025;27/12/2025;B6.10;;LT;
2025_2026_1;IT005;IT005.Q112.1;1;80187;4;1;5;2;22/09/2025;20/12/2025;B2.18;;HT1;
2025_2026_1;IT005;IT005.Q112.2;1;80188;4;1;5;2;29/09/2025;13/12/2025;B2.18;;HT1;
2025_2026_1;IT005;IT005.Q113;3;80189;4;6;8;1;08/09/2025;27/12/2025;B7.06;;LT;
2025_2026_1;IT005;IT005.Q113.1;1;80190;4;1;5;2;22/09/2025;20/12/2025;B5.06;;HT1;
2025_2026_1;IT005;IT005.Q113.2;1;80191;4;1;5;2;29/09/2025;13/12/2025;B5.06;;HT1;
2025_2026_1;IT005;IT005.Q114;3;80192;4;6;8;1;08/09/2025;27/12/2025;B7.04;;LT;
2025_2026_1;IT005;IT005.Q114.1;1;80193;4;1;5;2;22/09/2025;20/12/2025;B5.04;;HT1;
2025_2026_1;IT005;IT005.Q114.2;1;80194;4;1;5;2;29/09/2025;13/12/2025;B5.04;;HT1;
2025_2026_1;IT005;IT005.Q115;3;80195;5;1;3;1;08/09/2025;27/12/2025;B3.22;;LT;
2025_2026_1;IT005;IT005.Q115.1;1;80196;5;6;0;2;22/09/2025;20/12/2025;B3.02;;HT1;
2025_2026_1;IT005;IT005.Q115.2;1;80197;5;6;0;2;29/09/2025;13/12/2025;B3.02;;HT1;
2025_2026_1;IT005;IT005.Q116;3;80198;5;1;3;1;08/09/2025;27/12/2025;B6.08;;LT;
2025_2026_1;IT005;IT005.Q116.1;1;80199;5;6;0;2;22/09/2025;20/12/2025;B2.06;;HT1;
2025_2026_1;IT005;IT005.Q116.2;1;80200;5;6;0;2;29/09/2025;13/12/2025;B2.06;;HT1;
2025_2026_1;IT005;IT005.Q118;3;80055;5;6;8;1;08/09/2025;27/12/2025;B5.12;;LT;
2025_2026_1;IT005;IT005.Q118.1;1;80056;5;1;5;2;22/09/2025;20/12/2025;B3.04;;HT1;
2025_2026_1;IT005;IT005.Q118.2;1;80057;5;1;5;2;29/09/2025;13/12/2025;B3.04;;HT1;
2025_2026_1;IT005;IT005.Q119;3;80058;6;1;3;1;08/09/2025;27/12/2025;B3.22;;LT;
2025_2026_1;IT005;IT005.Q119.1;1;80059;6;6;0;2;22/09/2025;20/12/2025;B2.06;;HT1;
2025_2026_1;IT005;IT005.Q119.2;1;80060;6;6;0;2;29/09/2025;13/12/2025;B2.06;;HT1;
2025_2026_1;IT005;IT005.Q12;3;80061;2;1;3;1;08/09/2025;27/12/2025;B7.04;;LT;
2025_2026_1;IT005;IT005.Q12.1;1;80062;2;6;0;2;22/09/2025;20/12/2025;B3.06;;HT1;
2025_2026_1;IT005;IT005.Q12.2;1;80063;2;6;0;2;29/09/2025;13/12/2025;B3.06;;HT1;
2025_2026_1;IT005;IT005.Q12.CNVN;3;80064;6;6;8;1;08/09/2025;27/12/2025;C306;;LT;
2025_2026_1;IT005;IT005.Q12.CNVN.1;1;80065;6;1;5;2;22/09/2025;20/12/2025;B2.02;;HT1;
2025_2026_1;IT005;IT005.Q12.CNVN.2;1;80066;6;1;5;2;29/09/2025;13/12/2025;B2.02;;HT1;
2025_2026_1;IT005;IT005.Q121;3;80067;6;6;8;1;08/09/2025;27/12/2025;B3.10;;LT;
2025_2026_1;IT005;IT005.Q121.1;1;80182;6;1;5;2;22/09/2025;20/12/2025;B2.06;;HT1;
2025_2026_1;IT005;IT005.Q13;3;80183;2;1;3;1;08/09/2025;27/12/2025;B6.04;;LT;
2025_2026_1;IT005;IT005.Q13.1;1;80184;2;6;0;2;22/09/2025;20/12/2025;B3.08;;HT1;
2025_2026_1;IT005;IT005.Q13.2;1;80185;2;6;0;2;29/09/2025;13/12/2025;B3.08;;HT1;
2025_2026_1;IT005;IT005.Q14;3;80186;2;6;8;1;08/09/2025;27/12/2025;B6.10;;LT;
2025_2026_1;IT005;IT005.Q14.1;1;80187;2;1;5;2;22/09/2025;20/12/2025;B2.02;;HT1;
2025_2026_1;IT005;IT005.Q14.2;1;80188;2;1;5;2;29/09/2025;13/12/2025;B2.02;;HT1;
2025_2026_1;IT005;IT005.Q15;3;80189;2;6;8;1;08/09/2025;27/12/2025;B3.22;;LT;
2025_2026_1;IT005;IT005.Q15.1;1;80190;2;1;5;2;22/09/2025;20/12/2025;B3.04;;HT1;
2025_2026_1;IT005;IT005.Q15.2;1;80191;2;1;5;2;29/09/2025;13/12/2025;B3.04;;HT1;
2025_2026_1;IT005;IT005.Q16;3;80192;3;1;3;1;08/09/2025;27/12/2025;B6.10;;LT;
2025_2026_1;IT005;IT005.Q16.1;1;80193;3;6;0;2;22/09/2025;20/12/2025;B2.06;;HT1;
2025_2026_1;IT005;IT005.Q16.2;1;80194;3;6;0;2;29/09/2025;13/12/2025;B2.06;;HT1;
2025_2026_1;IT005;IT005.Q17;3;80195;3;1;3;1;08/09/2025;27/12/2025;B7.04;;LT;
2025_2026_1;IT005;IT005.Q17.1;1;80196;3;6;0;2;22/09/2025;20/12/2025;B2.08;;HT1;
2025_2026_1;IT005;IT005.Q17.2;1;80197;3;6;0;2;29/09/2025;13/12/2025;B2.08;;HT1;
2025_2026_1;IT005;IT005.Q18;3;80198;3;6;8;1;08/09/2025;27/12/2025;B5.12;;LT;
2025_2026_1;IT005;IT005.Q18.1;1;80199;3;1;5;2;22/09/2025;20/12/2025;B2.06;;HT1;
2025_2026_1;IT005;IT005.Q18.2;1;80200;3;1;5;2;29/09/2025;13/12/2025;B2.06;;HT1;
2025_2026_1;IT006;IT006.Q11;3;80179;3;1;4;1;08/09/2025;29/11/2025;B1.16;;LT;
2025_2026_1;IT006;IT006.Q12;3;80180;3;6;8;1;08/09/2025;27/12/2025;B6.10;;LT;
2025_2026_1;IT006;IT006.Q13;3;80181;4;1;4;1;08/09/2025;29/11/2025;B7.06;;LT;
2025_2026_1;IT006;IT006.Q14;3;80041;4;6;8;1;08/09/2025;27/12/2025;B1.18;;LT;
2025_2026_1;IT006;IT006.Q15;3;80042;2;6;8;1;08/09/2025;27/12/2025;B1.16;;LT;
2025_2026_1;IT007;IT007.Q11;3;80043;2;1;4;1;08/09/2025;29/11/2025;B1.18;;LT;
2025_2026_1;IT007;IT007.Q11.1;1;80044;2;6;0;2;22/09/2025;20/12/2025;B2.16;;HT1;
2025_2026_1;IT007;IT007.Q11.2;1;80045;2;6;0;2;29/09/2025;13/12/2025;B2.16;;HT1;
2025_2026_1;IT007;IT007.Q11.CTTN;3;80046;5;6;9;1;08/09/2025;29/11/2025;C108;;LT;
2025_2026_1;IT007;IT007.Q11.CTTN.1;1;80047;5;1;5;2;22/09/2025;20/12/2025;B4.08;;HT1;
2025_2026_1;IT007;IT007.Q11.CTTN.2;1;80048;5;1;5;2;29/09/2025;13/12/2025;B4.08;;HT1;
2025_2026_1;IT007;IT007.Q110;3;80049;5;6;9;1;08/09/2025;29/11/2025;B6.08;;LT;
2025_2026_1;IT007;IT007.Q110.1;1;80050;5;1;5;2;22/09/2025;20/12/2025;B3.02;;HT1;
2025_2026_1;IT007;IT007.Q110.2;1;80051;5;1;5;2;29/09/2025;13/12/2025;B3.02;;HT1;
2025_2026_1;IT007;IT007.Q111;3;80052;4;6;9;1;08/09/2025;29/11/2025;B6.02;;LT;
2025_2026_1;IT007;IT007.Q111.1;1;80053;4;1;5;2;22/09/2025;20/12/2025;B2.08;;HT1;
2025_2026_1;IT007;IT007.Q111.2;1;80054;4;1;5;2;29/09/2025;13/12/2025;B2.08;;HT1;
2025_2026_1;IT007;IT007.Q112;3;80161;4;6;9;1;08/09/2025;29/11/2025;B6.04;;LT;
2025_2026_1;IT007;IT007.Q112.1;1;80162;4;1;5;2;22/09/2025;20/12/2025;B2.06;;HT1;
2025_2026_1;IT007;IT007.Q112.2;1;80163;4;1;5;2;29/09/2025;13/12/2025;B2.06;;HT1;
2025_2026_1;IT007;IT007.Q113;3;80164;3;6;8;1;08/09/2025;27/12/2025;B4.12;;LT;
2025_2026_1;IT007;IT007.Q113.1;1;80165;3;1;5;2;22/09/2025;20/12/2025;B2.04;;HT1;
2025_2026_1;IT007;IT007.Q113.2;1;80166;3;1;5;2;29/09/2025;13/12/2025;B2.04;;HT1;
2025_2026_1;IT007;IT007.Q114;3;80167;6;6;8;1;08/09/2025;27/12/2025;B7.02;;LT;
2025_2026_1;IT007;IT007.Q114.1;1;80168;6;1;5;2;22/09/2025;20/12/2025;B2.12;;HT1;
2025_2026_1;IT007;IT007.Q114.2;1;80169;6;1;5;2;29/09/2025;13/12/2025;B2.12;;HT1;
2025_2026_1;IT007;IT007.Q12;3;80170;2;1;4;1;08/09/2025;29/11/2025;B1.16;;LT;
2025_2026_1;IT007;IT007.Q12.1;1;80171;2;6;0;2;22/09/2025;20/12/2025;B5.06;;HT1;
2025_2026_1;IT007;IT007.Q12.2;1;80172;2;6;0;2;29/09/2025;13/12/2025;B5.06;;HT1;
2025_2026_1;IT007;IT007.Q13;3;80173;2;6;9;1;08/09/2025;29/11/2025;B3.10;;LT;
2025_2026_1;IT007;IT007.Q13.1;1;80174;2;1;5;2;22/09/2025;20/12/2025;B2.06;;HT1;
2025_2026_1;IT007;IT007.Q13.2;1;80175;2;1;5;2;29/09/2025;13/12/2025;B2.06;;HT1;
2025_2026_1;IT007;IT007.Q14;3;80176;2;6;9;1;08/09/2025;29/11/2025;B3.12;;LT;
2025_2026_1;IT007;IT007.Q14.1;1;80177;2;1;5;2;22/09/2025;20/12/2025;B5.06;;HT1;
2025_2026_1;IT007;IT007.Q14.2;1;80178;2;1;5;2;29/09/2025;13/12/2025;B5.06;;HT1;
2025_2026_1;IT007;IT007.Q15;3;80179;6;1;4;1;08/09/2025;29/11/2025;B6.10;;LT;
2025_2026_1;IT007;IT007.Q15.1;1;80180;6;6;0;2;22/09/2025;20/12/2025;B2.08;;HT1;
2025_2026_1;IT007;IT007.Q15.2;1;80181;6;6;0;2;29/09/2025;13/12/2025;B2.08;;HT1;
2025_2026_1;IT007;IT007.Q16;3;80041;6;1;4;1;08/09/2025;29/11/2025;B7.04;;LT;
2025_2026_1;IT007;IT007.Q16.1;1;80042;6;6;0;2;22/09/2025;20/12/2025;B5.06;;HT1;
2025_2026_1;IT007;IT007.Q16.2;1;80043;6;6;0;2;29/09/2025;13/12/2025;B5.06;;HT1;
2025_2026_1;IT007;IT007.Q17;3;80044;6;6;9;1;08/09/2025;29/11/2025;B5.12;;LT;
2025_2026_1;IT007;IT007.Q17.1;1;80045;6;1;5;2;22/09/2025;20/12/2025;B5.06;;HT1;
2025_2026_1;IT007;IT007.Q17.2;1;80046;6;1;5;2;29/09/2025;13/12/2025;B5.06;;HT1;
2025_2026_1;IT007;IT007.Q18;3;80047;6;6;9;1;08/09/2025;29/11/2025;B6.02;;LT;
2025_2026_1;IT007;IT007.Q18.1;1;80048;6;1;5;2;22/09/2025;20/12/2025;B2.08;;HT1;
2025_2026_1;IT007;IT007.Q18.2;1;80049;6;1;5;2;29/09/2025;13/12/2025;B2.08;;HT1;
2025_2026_1;IT007;IT007.Q19;3;80050;5;1;4;1;08/09/2025;29/11/2025;B6.10;;LT;
2025_2026_1;IT007;IT007.Q19.1;1;80051;5;6;0;2;22/09/2025;20/12/2025;B5.06;;HT1;
2025_2026_1;IT007;IT007.Q19.2;1;80052;5;6;0;2;29/09/2025;13/12/2025;B5.06;;HT1;
2025_2026_1;IT008;IT008.Q11;3;80219;2;1;3;1;08/09/2025;27/12/2025;B6.10;;LT;
2025_2026_1;IT008;IT008.Q11.1;1;80220;2;6;0;2;22/09/2025;20/12/2025;B5.04;;HT1;
2025_2026_1;IT008;IT008.Q12;3;80221;3;1;3;1;08/09/2025;27/12/2025;B1.18;;LT;
2025_2026_1;IT008;IT008.Q12.1;1;80222;3;6;0;2;22/09/2025;20/12/2025;B3.04;;HT1;
2025_2026_1;IT008;IT008.Q12.2;1;80223;3;6;0;2;29/09/2025;13/12/2025;B3.04;;HT1;
2025_2026_1;IT008;IT008.Q13;3;80224;4;6;8;1;08/09/2025;27/12/2025;B1.14;;LT;
2025_2026_1;IT008;IT008.Q13.1;1;80225;4;1;5;2;22/09/2025;20/12/2025;B3.06;;HT1;
2025_2026_1;IT008;IT008.Q13.2;1;80226;4;1;5;2;29/09/2025;13/12/2025;B3.06;;HT1;
2025_2026_1;IT008;IT008.Q14;3;80227;5;6;8;1;08/09/2025;27/12/2025;B1.18;;LT;
2025_2026_1;IT008;IT008.Q14.1;1;80228;5;1;5;2;22/09/2025;20/12/2025;B2.02;;HT1;
2025_2026_1;IT008;IT008.Q14.2;1;80229;5;1;5;2;29/09/2025;13/12/2025;B2.02;;HT1;
2025_2026_1;IT010;IT010.Q11;2;80053;4;4;5;1;08/09/2025;27/12/2025;B3.20;;LT;
2025_2026_1;IT010;IT010.Q12;2;80054;4;6;7;1;08/09/2025;27/12/2025;B3.20;;LT;
2025_2026_1;IT012;IT012.Q11;3;80161;6;6;8;1;08/09/2025;27/12/2025;B1.16;;LT;
2025_2026_1;IT012;IT012.Q11.1;1;80162;6;1;5;2;22/09/2025;20/12/2025;B2.18;;HT1;
2025_2026_1;IT012;IT012.Q11.2;1;80163;6;1;5;2;29/09/2025;13/12/2025;B2.18;;HT1;
2025_2026_1;IT012;IT012.Q11.CNVN;3;80164;6;2;5;1;08/09/2025;29/11/2025;C306;;LT;
2025_2026_1;IT012;IT012.Q11.CNVN.1;1;80165;6;6;0;2;22/09/2025;20/12/2025;B2.02;;HT1;
2025_2026_1;IT012;IT012.Q11.CNVN.2;1;80166;6;6;0;2;29/09/2025;13/12/2025;B2.02;;HT1;
2025_2026_1;IT012;IT012.Q12;3;80167;6;1;3;1;08/09/2025;27/12/2025;B5.10;;LT;
2025_2026_1;IT012;IT012.Q12.1;1;80168;6;6;0;2;22/09/2025;20/12/2025;B2.18;;HT1;
2025_2026_1;IT012;IT012.Q12.2;1;80169;6;6;0;2;29/09/2025;13/12/2025;B2.18;;HT1;
2025_2026_1;IT012;IT012.Q12.CNVN;3;80170;3;2;5;1;08/09/2025;29/11/2025;C307;;LT;
2025_2026_1;IT012;IT012.Q12.CNVN.1;1;80171;3;6;0;2;22/09/2025;20/12/2025;B2.22;;HT1;
2025_2026_1;IT012;IT012.Q12.CNVN.2;1;80172;3;6;0;2;29/09/2025;13/12/2025;B2.22;;HT1;
2025_2026_1;IT012;IT012.Q13;3;80173;6;6;8;1;08/09/2025;27/12/2025;B1.18;;LT;
2025_2026_1;IT012;IT012.Q13.1;1;80174;6;1;5;2;22/09/2025;20/12/2025;B2.20;;HT1;
2025_2026_1;IT012;IT012.Q13.2;1;80175;6;1;5;2;29/09/2025;13/12/2025;B2.20;;HT1;
2025_2026_1;IT012;IT012.Q15;3;80176;4;6;8;1;08/09/2025;27/12/2025;B3.12;;LT;
2025_2026_1;IT012;IT012.Q15.1;1;80177;4;1;5;2;22/09/2025;20/12/2025;B3.02;;HT1;
2025_2026_1;IT012;IT012.Q15.2;1;80178;4;1;5;2;29/09/2025;13/12/2025;B3.02;;HT1;
2025_2026_1;JAN01;JAN01.Q11.CNVN;2;80090;3;2;5;1;08/09/2025;22/11/2025;E116;;LT;
2025_2026_1;JAN01;JAN01.Q11.CNVN.1;3;80091;5;6;9;2;08/09/2025;22/11/2025;E116, E23;;HT1;
2025_2026_1;JAN01;JAN01.Q11.CNVN.1;3;80092;7;2;5;2;08/09/2025;22/11/2025;E116, E23;;HT1;
2025_2026_1;JAN01;JAN01.Q12.CNVN;2;80231;3;2;5;1;08/09/2025;22/11/2025;E118;;LT;
2025_2026_1;JAN01;JAN01.Q12.CNVN.1;3;80232;5;6;9;2;08/09/2025;22/11/2025;E118, E33;;HT1;
2025_2026_1;JAN01;JAN01.Q12.CNVN.1;3;80233;7;2;5;2;08/09/2025;22/11/2025;E118, E33;;HT1;
2025_2026_1;JAN01;JAN01.Q13.CNVN;2;80234;3;6;9;1;08/09/2025;22/11/2025;E118;;LT;
2025_2026_1;JAN01;JAN01.Q13.CNVN.1;3;80235;5;2;5;2;08/09/2025;22/11/2025;E112, E116;;HT1;
2025_2026_1;JAN01;JAN01.Q13.CNVN.1;3;80236;7;6;9;2;08/09/2025;22/11/2025;E112, E116;;HT1;
2025_2026_1;JAN01;JAN01.Q14.CNVN;2;80237;3;6;9;1;08/09/2025;22/11/2025;E116;;LT;
2025_2026_1;JAN01;JAN01.Q14.CNVN.1;3;80238;5;2;5;2;08/09/2025;22/11/2025;E114, E33;;HT1;
2025_2026_1;JAN01;JAN01.Q14.CNVN.1;3;80088;7;6;9;2;08/09/2025;22/11/2025;E114, E33;;HT1;
2025_2026_1;JAN04;JAN04.Q11.CNVN;2;80089;2;2;5;1;08/09/2025;22/11/2025;E112;;LT;
2025_2026_1;JAN04;JAN04.Q11.CNVN.1;3;80090;4;6;9;2;08/09/2025;22/11/2025;E112, E112;;HT1;
2025_2026_1;JAN04;JAN04.Q11.CNVN.1;3;80091;7;2;5;2;08/09/2025;22/11/2025;E112, E112;;HT1;
2025_2026_1;JAN04;JAN04.Q12.CNVN;2;80092;2;2;5;1;08/09/2025;22/11/2025;E114;;LT;
2025_2026_1;JAN04;JAN04.Q12.CNVN.1;3;80231;4;6;9;2;08/09/2025;22/11/2025;E114, E114;;HT1;
2025_2026_1;JAN04;JAN04.Q12.CNVN.1;3;80232;7;2;5;2;08/09/2025;22/11/2025;E114, E114;;HT1;
2025_2026_1;JAN04;JAN04.Q13.CNVN;2;80233;2;6;9;1;08/09/2025;22/11/2025;E112;;LT;
2025_2026_1;JAN04;JAN04.Q13.CNVN.1;3;80234;4;2;5;2;08/09/2025;22/11/2025;E112, E112;;HT1;
2025_2026_1;JAN04;JAN04.Q13.CNVN.1;3;80235;7;6;9;2;08/09/2025;22/11/2025;E112, E112;;HT1;
2025_2026_1;JAN04;JAN04.Q14.CNVN;2;80236;2;6;9;1;08/09/2025;22/11/2025;E114;;LT;
2025_2026_1;JAN04;JAN04.Q14.CNVN.1;3;80237;4;2;5;2;08/09/2025;22/11/2025;E114, E114;;HT1;
2025_2026_1;JAN04;JAN04.Q14.CNVN.1;3;80238;7;6;9;2;08/09/2025;22/11/2025;E114, E114;;HT1;
2025_2026_1;MA003;MA003.Q11;3;80093;3;1;4;1;08/09/2025;29/11/2025;B3.18;;LT;
2025_2026_1;MA003;MA003.Q110;3;80094;5;1;4;1;08/09/2025;29/11/2025;B5.12;;LT;
2025_2026_1;MA003;MA003.Q111;3;80239;5;6;9;1;08/09/2025;29/11/2025;B3.20;;LT;
2025_2026_1;MA003;MA003.Q112;3;80240;5;1;4;1;08/09/2025;29/11/2025;B1.16;;LT;
2025_2026_1;MA003;MA003.Q113;3;80241;5;1;4;1;08/09/2025;29/11/2025;B4.18;;LT;
2025_2026_1;MA003;MA003.Q114;3;80242;5;1;4;1;08/09/2025;29/11/2025;B4.20;;LT;
2025_2026_1;MA003;MA003.Q115;3;80093;5;6;9;1;08/09/2025;29/11/2025;B3.18;;LT;
2025_2026_1;MA003;MA003.Q116;3;80094;6;1;4;1;08/09/2025;29/11/2025;B4.18;;LT;
2025_2026_1;MA003;MA003.Q117;3;80239;6;6;9;1;08/09/2025;29/11/2025;B4.16;;LT;
2025_2026_1;MA003;MA003.Q118;3;80240;6;6;9;1;08/09/2025;29/11/2025;B4.18;;LT;
2025_2026_1;MA003;MA003.Q119;3;80241;6;1;4;1;08/09/2025;29/11/2025;B3.20;;LT;
2025_2026_1;MA003;MA003.Q12;3;80242;7;6;9;1;08/09/2025;29/11/2025;B1.18;;LT;
2025_2026_1;MA003;MA003.Q12.CNVN;3;80093;6;6;9;1;08/09/2025;29/11/2025;C311;;LT;
2025_2026_1;MA003;MA003.Q120;3;80094;6;1;4;1;08/09/2025;29/11/2025;B4.16;;LT;
2025_2026_1;MA003;MA003.Q121;3;80239;6;6;9;1;08/09/2025;29/11/2025;B3.20;;LT;
2025_2026_1;MA003;MA003.Q122;3;80240;2;1;4;1;08/09/2025;29/11/2025;B3.16;;LT;
2025_2026_1;MA003;MA003.Q123;3;80241;2;1;4;1;08/09/2025;29/11/2025;B3.18;;LT;
2025_2026_1;MA003;MA003.Q124;3;80242;2;6;9;1;08/09/2025;29/11/2025;B3.16;;LT;
2025_2026_1;MA003;MA003.Q125;3;80093;2;6;9;1;08/09/2025;29/11/2025;B3.18;;LT;
2025_2026_1;MA003;MA003.Q13;3;80094;3;6;9;1;08/09/2025;29/11/2025;B3.16;;LT;
2025_2026_1;MA003;MA003.Q13.CNVN;3;80239;3;6;9;1;08/09/2025;29/11/2025;;;LT;
2025_2026_1;MA003;MA003.Q14;3;80240;3;6;9;1;08/09/2025;29/11/2025;B3.18;;LT;
2025_2026_1;MA003;MA003.Q15;3;80241;4;1;4;1;08/09/2025;29/11/2025;B4.22;;LT;
2025_2026_1;MA003;MA003.Q16;3;80242;4;6;9;1;08/09/2025;29/11/2025;B5.12;;LT;
2025_2026_1;MA003;MA003.Q17;3;80093;4;6;9;1;08/09/2025;29/11/2025;B4.18;;LT;
2025_2026_1;MA003;MA003.Q18;3;80094;4;6;9;1;08/09/2025;29/11/2025;B4.20;;LT;
2025_2026_1;MA003;MA003.Q19;3;80239;4;6;9;1;08/09/2025;29/11/2025;B4.22;;LT;
2025_2026_1;MA004;MA004.Q11.CNVN;4;80240;4;1;4;1;08/09/2025;27/12/2025;C305;;LT;
2025_2026_1;MA005;MA005.Q11;3;80241;3;1;4;1;08/09/2025;29/11/2025;B7.06;;LT;
2025_2026_1;MA005;MA005.Q12;3;80242;6;1;4;1;08/09/2025;29/11/2025;B5.12;;LT;
2025_2026_1;MA005;MA005.Q13;3;80093;6;6;9;1;08/09/2025;29/11/2025;B6.04;;LT;
2025_2026_1;MA005;MA005.Q14;3;80094;7;1;4;1;08/09/2025;29/11/2025;B1.22;;LT;
2025_2026_1;MA005;MA005.Q15;3;80239;7;6;9;1;08/09/2025;29/11/2025;B1.20;;LT;
2025_2026_1;MA006;MA006.Q11;4;80240;6;1;4;1;08/09/2025;27/12/2025;B4.20;;LT;
2025_2026_1;MA006;MA006.Q110;4;80241;7;1;4;1;08/09/2025;27/12/2025;B3.18;;LT;
2025_2026_1;MA006;MA006.Q111;4;80242;7;1;4;1;08/09/2025;27/12/2025;B1.18;;LT;
2025_2026_1;MA006;MA006.Q112;4;80093;7;6;9;1;08/09/2025;27/12/2025;B3.22;;LT;
2025_2026_1;MA006;MA006.Q113;4;80094;3;6;9;1;08/09/2025;27/12/2025;B3.20;;LT;
2025_2026_1;MA006;MA006.Q114;4;80239;3;1;4;1;08/09/2025;27/12/2025;B4.16;;LT;
2025_2026_1;MA006;MA006.Q115;4;80240;3;1;4;1;08/09/2025;27/12/2025;B4.18;;LT;
2025_2026_1;MA006;MA006.Q116;4;80241;2;1;4;1;08/09/2025;27/12/2025;B4.16;;LT;
2025_2026_1;MA006;MA006.Q117;4;80242;2;6;9;1;08/09/2025;27/12/2025;B4.18;;LT;
2025_2026_1;MA006;MA006.Q118;4;80093;2;1;4;1;08/09/2025;27/12/2025;B4.18;;LT;
2025_2026_1;MA006;MA006.Q119;4;80094;2;1;4;1;08/09/2025;27/12/2025;B3.20;;LT;
2025_2026_1;MA006;MA006.Q12;4;80239;6;1;4;1;08/09/2025;27/12/2025;B4.22;;LT;
2025_2026_1;MA006;MA006.Q12.CNVN;4;80240;3;1;4;1;08/09/2025;27/12/2025;C311;;LT;
2025_2026_1;MA006;MA006.Q120;4;80241;2;6;9;1;08/09/2025;27/12/2025;B3.20;;LT;
2025_2026_1;MA006;MA006.Q121;4;80242;2;6;9;1;08/09/2025;27/12/2025;B4.16;;LT;
2025_2026_1;MA006;MA006.Q122;4;80093;4;1;4;1;08/09/2025;27/12/2025;B3.16;;LT;
2025_2026_1;MA006;MA006.Q123;4;80094;4;1;4;1;08/09/2025;27/12/2025;B3.18;;LT;
2025_2026_1;MA006;MA006.Q124;4;80239;4;6;9;1;08/09/2025;27/12/2025;B3.16;;LT;
2025_2026_1;MA006;MA006.Q125;4;80240;4;6;9;1;08/09/2025;27/12/2025;B3.18;;LT;
2025_2026_1;MA006;MA006.Q13;4;80241;6;6;9;1;08/09/2025;27/12/2025;B4.20;;LT;
2025_2026_1;MA006;MA006.Q13.CNVN;4;80242;4;6;9;1;08/09/2025;27/12/2025;;;LT;
2025_2026_1;MA006;MA006.Q14;4;80093;6;6;9;1;08/09/2025;27/12/2025;B4.22;;LT;
2025_2026_1;MA006;MA006.Q14.CNVN;4;80094;3;1;4;1;08/09/2025;27/12/2025;;;LT;
2025_2026_1;MA006;MA006.Q15;4;80239;5;6;9;1;29/09/2025;13/12/2025;B4.16;;LT;
2025_2026_1;MA006;MA006.Q16;4;80240;5;1;4;1;08/09/2025;27/12/2025;B1.18;;LT;
2025_2026_1;MA006;MA006.Q17;4;80241;5;1;4;1;08/09/2025;27/12/2025;B4.22;;LT;
2025_2026_1;MA006;MA006.Q18;4;80242;5;1;4;1;08/09/2025;27/12/2025;B5.10;;LT;
2025_2026_1;MA006;MA006.Q19;4;80093;7;6;9;1;08/09/2025;27/12/2025;B3.18;;LT;
2025_2026_1;MSIS207;MSIS207.Q11.CTTT;3;80115;5;1;4;1;08/09/2025;29/11/2025;E32;;LT;
2025_2026_1;MSIS207;MSIS207.Q11.CTTT.1;1;80116;6;1;5;2;22/09/2025;20/12/2025;B4.08;;HT1;
2025_2026_1;MSIS207;MSIS207.Q12.CTTT;3;80117;5;6;9;1;08/09/2025;29/11/2025;E32;;LT;
2025_2026_1;MSIS207;MSIS207.Q12.CTTT.1;1;80118;6;1;5;2;29/09/2025;13/12/2025;B4.08;;HT1;
2025_2026_1;MSIS207;MSIS207.Q13.CTTT;3;80119;3;1;4;1;08/09/2025;29/11/2025;E42;;LT;
2025_2026_1;MSIS207;MSIS207.Q13.CTTT.1;1;80120;4;1;5;2;22/09/2025;20/12/2025;B4.06;;HT1;
2025_2026_1;MSIS207;MSIS207.Q14.CTTT;3;80121;3;6;9;1;08/09/2025;29/11/2025;E42;;LT;
2025_2026_1;MSIS207;MSIS207.Q14.CTTT.1;1;80122;4;1;5;2;29/09/2025;13/12/2025;B4.06;;HT1;
2025_2026_1;MSIS4133;MSIS4133.Q11.CTTT;3;80123;3;6;9;1;08/09/2025;29/11/2025;E10.1;;LT;
2025_2026_1;MSIS4133;MSIS4133.Q12.CTTT;3;80124;3;1;4;1;08/09/2025;29/11/2025;E10.1;;LT;
2025_2026_1;MSIS4263;MSIS4263.Q11.CTTT;3;80125;5;1;4;1;08/09/2025;29/11/2025;E10.1;;LT;
2025_2026_1;MSIS4263;MSIS4263.Q11.CTTT.1;0;80126;2;6;0;2;22/09/2025;20/12/2025;B4.06;;HT1;
2025_2026_1;MSIS4263;MSIS4263.Q12.CTTT;3;80127;5;6;9;1;08/09/2025;29/11/2025;E10.1;;LT;
2025_2026_1;MSIS4263;MSIS4263.Q12.CTTT.1;0;80128;2;6;0;2;29/09/2025;13/12/2025;B4.06;;HT1;
2025_2026_1;MSIS5723;MSIS5723.Q11.CTTT;3;80129;5;6;9;1;08/09/2025;29/11/2025;E24;;LT;
2025_2026_1;MSIS5723;MSIS5723.Q11.CTTT.1;1;80130;4;6;0;2;22/09/2025;20/12/2025;B3.06;;HT1;
2025_2026_1;MSIS5723;MSIS5723.Q12.CTTT;3;80131;5;1;4;1;08/09/2025;29/11/2025;E24;;LT;
2025_2026_1;MSIS5723;MSIS5723.Q12.CTTT.1;1;80132;4;6;0;2;29/09/2025;13/12/2025;B3.06;;HT1;
2025_2026_1;NT005;NT005.Q11;1;80055;6;6;8;1;08/09/2025;22/11/2025;B3.14;;LT;
2025_2026_1;NT005;NT005.Q12;1;80056;6;6;8;1;15/09/2025;15/11/2025;B3.14;;LT;
2025_2026_1;NT015;NT015.Q11;1;80057;3;6;8;1;08/09/2025;22/11/2025;B5.10;;LT;
2025_2026_1;NT015;NT015.Q12;1;80058;3;6;8;1;15/09/2025;15/11/2025;B5.10;;LT;
2025_2026_1;NT101;NT101.Q11;3;80059;4;1;3;1;08/09/2025;27/12/2025;C301;;LT;
2025_2026_1;NT101;NT101.Q11.1;1;80060;4;6;0;2;22/09/2025;20/12/2025;B4.02;;HT1;
2025_2026_1;NT101;NT101.Q11.2;1;80061;4;6;0;2;29/09/2025;13/12/2025;B4.02;;HT1;
2025_2026_1;NT101;NT101.Q13;3;80062;6;1;3;1;08/09/2025;27/12/2025;C218;;LT;
2025_2026_1;NT101;NT101.Q13.1;1;80063;6;6;0;2;22/09/2025;20/12/2025;B2.10;;HT1;
2025_2026_1;NT101;NT101.Q13.2;1;80064;6;6;0;2;29/09/2025;13/12/2025;B2.10;;HT1;
2025_2026_1;NT106;NT106.Q11;2;80065;2;3;5;1;08/09/2025;22/11/2025;E10.1;;LT;
2025_2026_1;NT106;NT106.Q11.1;1;80066;2;6;0;2;22/09/2025;20/12/2025;;;HT1;
2025_2026_1;NT106;NT106.Q11.2;1;80067;2;6;0;2;29/09/2025;13/12/2025;;;HT1;
2025_2026_1;NT106;NT106.Q12;2;80182;4;4;5;1;08/09/2025;27/12/2025;C218;;LT;
2025_2026_1;NT106;NT106.Q12.1;1;80183;4;6;0;2;22/09/2025;20/12/2025;B2.16;;HT1;
2025_2026_1;NT106;NT106.Q12.2;1;80184;4;6;0;2;29/09/2025;13/12/2025;B2.16;;HT1;
2025_2026_1;NT106;NT106.Q13;2;80185;3;6;8;1;08/09/2025;22/11/2025;C302;;LT;
2025_2026_1;NT106;NT106.Q13.1;1;80186;3;1;5;2;22/09/2025;20/12/2025;B2.10;;HT1;
2025_2026_1;NT106;NT106.Q13.2;1;80187;3;1;5;2;29/09/2025;13/12/2025;B2.10;;HT1;
2025_2026_1;NT106;NT106.Q14;2;80188;5;4;5;1;08/09/2025;27/12/2025;C302;;LT;
2025_2026_1;NT106;NT106.Q14.1;1;80189;5;6;0;2;22/09/2025;20/12/2025;B3.06;;HT1;
2025_2026_1;NT106;NT106.Q14.2;1;80190;5;6;0;2;29/09/2025;13/12/2025;B3.06;;HT1;
2025_2026_1;NT113;NT113.Q11;2;80191;5;6;8;1;08/09/2025;22/11/2025;C302;;LT;
2025_2026_1;NT113;NT113.Q11.1;1;*;*;;;0;22/09/2025;27/12/2025;*;;HT2;
2025_2026_1;NT114;NT114.Q11;2;*;*;;;0;08/09/2025;03/01/2026;*;;ĐA;
2025_2026_1;NT114;NT114.Q11.ANTT;2;*;*;;;0;08/09/2025;03/01/2026;*;;ĐA;
2025_2026_1;NT114;NT114.Q11.ATCL;2;*;*;;;0;08/09/2025;03/01/2026;*;;ĐA;
2025_2026_1;NT114;NT114.Q11.MMCL;2;*;*;;;0;08/09/2025;03/01/2026;*;;ĐA;
2025_2026_1;NT118;NT118.Q11;2;80192;2;4;5;1;08/09/2025;27/12/2025;B1.08;;LT;
2025_2026_1;NT118;NT118.Q11.1;1;80193;2;6;0;2;22/09/2025;20/12/2025;;;HT1;
2025_2026_1;NT118;NT118.Q11.2;1;80194;2;6;0;2;29/09/2025;13/12/2025;;;HT1;
2025_2026_1;NT118;NT118.Q12;2;80195;3;4;5;1;08/09/2025;27/12/2025;C302;;LT;
2025_2026_1;NT118;NT118.Q12.1;1;80196;3;6;0;2;22/09/2025;20/12/2025;;;HT1;
2025_2026_1;NT118;NT118.Q12.2;1;80197;3;6;0;2;29/09/2025;13/12/2025;;;HT1;
2025_2026_1;NT118;NT118.Q13;2;80198;4;4;5;1;08/09/2025;27/12/2025;C214;;LT;
2025_2026_1;NT118;NT118.Q13.1;1;80199;4;6;0;2;22/09/2025;20/12/2025;;;HT1;
2025_2026_1;NT118;NT118.Q13.2;1;80200;4;6;0;2;29/09/2025;13/12/2025;;;HT1;
2025_2026_1;NT118;NT118.Q14;2;80055;6;2;3;1;08/09/2025;03/01/2026;C301;;LT;
2025_2026_1;NT118;NT118.Q14.1;1;80056;6;6;0;2;22/09/2025;20/12/2025;B5.04;;HT1;
2025_2026_1;NT118;NT118.Q14.2;1;80057;6;6;0;2;29/09/2025;13/12/2025;B5.04;;HT1;
2025_2026_1;NT131;NT131.Q11;3;80058;3;2;5;1;08/09/2025;29/11/2025;C305;;LT;
2025_2026_1;NT131;NT131.Q11.1;1;80059;3;6;0;2;22/09/2025;20/12/2025;E03.1;;HT1;
2025_2026_1;NT131;NT131.Q11.2;1;80060;3;6;0;2;29/09/2025;13/12/2025;E03.1;;HT1;
2025_2026_1;NT132;NT132.Q11.ANTT;3;80061;3;1;3;1;08/09/2025;27/12/2025;B1.08;;LT;
2025_2026_1;NT132;NT132.Q11.ANTT.1;1;80062;3;6;0;2;22/09/2025;20/12/2025;B2.04;;HT1;
2025_2026_1;NT132;NT132.Q11.ANTT.2;1;80063;3;6;0;2;29/09/2025;13/12/2025;B2.04;;HT1;
2025_2026_1;NT132;NT132.Q12.ANTT;3;80064;6;1;3;1;08/09/2025;27/12/2025;B1.08;;LT;
2025_2026_1;NT132;NT132.Q12.ANTT.1;1;80065;6;6;0;2;22/09/2025;20/12/2025;B2.04;;HT1;
2025_2026_1;NT132;NT132.Q12.ANTT.2;1;80066;6;6;0;2;29/09/2025;13/12/2025;B2.04;;HT1;
2025_2026_1;NT137;NT137.Q11.ANTT;2;80067;3;3;5;1;08/09/2025;22/11/2025;C218;;LT;
2025_2026_1;NT137;NT137.Q11.ANTT.1;1;80182;3;6;0;2;22/09/2025;20/12/2025;B2.16;;HT1;
2025_2026_1;NT140;NT140.Q11.ANTN;3;80183;7;1;3;1;08/09/2025;27/12/2025;E10.1;;LT;
2025_2026_1;NT140;NT140.Q11.ANTN.1;1;80184;4;1;5;2;29/09/2025;13/12/2025;B2.04;;HT1;
2025_2026_1;NT140;NT140.Q11.ANTT;3;80185;4;6;8;1;08/09/2025;27/12/2025;C302;;LT;
2025_2026_1;NT140;NT140.Q11.ANTT.1;1;80186;4;1;5;2;22/09/2025;20/12/2025;B2.16;;HT1;
2025_2026_1;NT140;NT140.Q11.ANTT.2;1;80187;4;1;5;2;29/09/2025;13/12/2025;B2.16;;HT1;
2025_2026_1;NT140;NT140.Q12.ANTT;3;80188;2;6;8;1;08/09/2025;27/12/2025;C302;;LT;
2025_2026_1;NT140;NT140.Q12.ANTT.1;1;80189;2;1;5;2;22/09/2025;20/12/2025;B3.08;;HT1;
2025_2026_1;NT140;NT140.Q12.ANTT.2;1;80190;2;1;5;2;29/09/2025;13/12/2025;B3.08;;HT1;
2025_2026_1;NT140;NT140.Q13.ANTT;3;80191;3;6;8;1;08/09/2025;27/12/2025;B1.08;;LT;
2025_2026_1;NT140;NT140.Q13.ANTT.1;1;80192;3;1;5;2;22/09/2025;20/12/2025;B2.08;;HT1;
2025_2026_1;NT207;NT207.Q11.ANTT;2;80193;6;2;4;1;08/09/2025;22/11/2025;C216;;LT;
2025_2026_1;NT207;NT207.Q11.ANTT.1;1;*;*;;;0;22/09/2025;27/12/2025;*;;HT2;
2025_2026_1;NT207;NT207.Q11.ANTT.2;1;*;*;;;0;22/09/2025;27/12/2025;*;;HT2;
2025_2026_1;NT209;NT209.Q11.ANTN;2;80194;6;2;3;1;08/09/2025;29/11/2025;C101;;LT;
2025_2026_1;NT209;NT209.Q11.ANTN.1;1;80195;6;6;0;2;22/09/2025;27/12/2025;B4.08;;HT1;
2025_2026_1;NT209;NT209.Q11.ANTT;2;80196;4;4;5;1;08/09/2025;27/12/2025;C302;;LT;
2025_2026_1;NT209;NT209.Q11.ANTT.1;1;80197;5;1;5;2;22/09/2025;20/12/2025;B5.04;;HT1;
2025_2026_1;NT209;NT209.Q11.ANTT.2;1;80198;5;1;5;2;29/09/2025;13/12/2025;B5.04;;HT1;
2025_2026_1;NT209;NT209.Q12.ANTT;2;80199;2;6;7;1;08/09/2025;27/12/2025;E10.1;;LT;
2025_2026_1;NT209;NT209.Q12.ANTT.1;1;80200;2;1;5;2;22/09/2025;20/12/2025;B4.06;;HT1;
2025_2026_1;NT209;NT209.Q12.ANTT.2;1;80055;2;1;5;2;29/09/2025;13/12/2025;B4.06;;HT1;
2025_2026_1;NT209;NT209.Q13.ANTT;2;80056;3;4;5;1;08/09/2025;27/12/2025;C214;;LT;
2025_2026_1;NT209;NT209.Q13.ANTT.1;1;80057;3;6;0;2;22/09/2025;20/12/2025;B5.04;;HT1;
2025_2026_1;NT209;NT209.Q13.ANTT.2;1;80058;3;6;0;2;29/09/2025;13/12/2025;B5.04;;HT1;
2025_2026_1;NT212;NT212.Q11.ANTT;2;80059;5;4;5;1;08/09/2025;27/12/2025;A315;;LT;
2025_2026_1;NT212;NT212.Q11.ANTT.1;1;*;*;;;0;22/09/2025;27/12/2025;*;;HT2;
2025_2026_1;NT212;NT212.Q11.ANTT.2;1;*;*;;;0;22/09/2025;27/12/2025;*;;HT2;
2025_2026_1;NT213;NT213.Q11.ANTN;2;80060;4;6;7;1;08/09/2025;27/12/2025;A315;;LT;
2025_2026_1;NT213;NT213.Q11.ANTN.1;1;80061;4;1;5;2;22/09/2025;20/12/2025;B2.04;;HT1;
2025_2026_1;NT213;NT213.Q11.ANTT;2;80062;3;4;5;1;08/09/2025;27/12/2025;B1.08;;LT;
2025_2026_1;NT213;NT213.Q11.ANTT.1;1;80063;3;6;0;2;22/09/2025;20/12/2025;B4.06;;HT1;
2025_2026_1;NT213;NT213.Q12.ANTT;2;80064;5;4;5;1;08/09/2025;27/12/2025;B1.08;;LT;
2025_2026_1;NT213;NT213.Q12.ANTT.1;1;80065;5;6;0;2;22/09/2025;20/12/2025;B2.20;;HT1;
2025_2026_1;NT213;NT213.Q12.ANTT.2;1;80066;5;6;0;2;29/09/2025;13/12/2025;B2.20;;HT1;
2025_2026_1;NT215;NT215.Q11;2;*;*;;;0;08/09/2025;03/01/2026;*;;TTTN;
2025_2026_1;NT215;NT215.Q11.ANTN;2;*;*;;;0;08/09/2025;03/01/2026;*;;TTTN;
2025_2026_1;NT215;NT215.Q11.ANTT;2;*;*;;;0;08/09/2025;03/01/2026;*;;TTTN;
2025_2026_1;NT215;NT215.Q11.ATCL;2;*;*;;;0;08/09/2025;03/01/2026;*;;TTTN;
2025_2026_1;NT215;NT215.Q11.MMCL;2;*;*;;;0;08/09/2025;03/01/2026;*;;TTTN;
2025_2026_1;NT219;NT219.Q11.ANTN;2;80067;2;4;5;1;08/09/2025;29/11/2025;C108;;LT;
2025_2026_1;NT219;NT219.Q11.ANTN.1;1;80182;6;6;0;2;29/09/2025;13/12/2025;B4.08;;HT1;
2025_2026_1;NT219;NT219.Q12.ANTT;2;80183;3;6;7;1;08/09/2025;27/12/2025;C218;;LT;
2025_2026_1;NT219;NT219.Q12.ANTT.1;1;80184;3;1;5;2;22/09/2025;20/12/2025;B3.06;;HT1;
2025_2026_1;NT230;NT230.Q11.ANTN;2;80185;3;4;5;1;08/09/2025;27/12/2025;C216;;LT;
2025_2026_1;NT230;NT230.Q11.ANTN.1;1;80186;2;1;5;2;22/09/2025;20/12/2025;B2.20;;HT1;
2025_2026_1;NT230;NT230.Q12.ANTT;2;80187;6;4;5;1;08/09/2025;27/12/2025;B1.08;;LT;
2025_2026_1;NT230;NT230.Q12.ANTT.1;1;80188;6;6;0;2;22/09/2025;20/12/2025;B2.22;;HT1;
2025_2026_1;NT230;NT230.Q12.ANTT.2;1;80189;6;6;0;2;29/09/2025;13/12/2025;B2.22;;HT1;
2025_2026_1;NT332;NT332.Q11;3;80190;2;6;8;1;08/09/2025;27/12/2025;B1.08;;LT;
2025_2026_1;NT332;NT332.Q11.1;1;80191;2;1;5;2;22/09/2025;20/12/2025;B2.10;;HT1;
2025_2026_1;NT402;NT402.Q11;2;80192;6;1;3;1;08/09/2025;22/11/2025;E10.1;;LT;
2025_2026_1;NT402;NT402.Q11.1;1;*;*;;;0;22/09/2025;27/12/2025;*;;HT2;
2025_2026_1;NT402;NT402.Q11.2;1;*;*;;;0;22/09/2025;27/12/2025;*;;HT2;
2025_2026_1;NT405;NT405.Q11;2;80193;5;4;5;1;08/09/2025;27/12/2025;C214;;LT;
2025_2026_1;NT405;NT405.Q11.1;1;*;*;;;0;22/09/2025;27/12/2025;*;;HT2;
2025_2026_1;NT405;NT405.Q11.2;1;*;*;;;0;22/09/2025;27/12/2025;*;;HT2;
2025_2026_1;NT505;NT505.Q11;10;*;*;;;0;08/09/2025;03/01/2026;*;;KLTN;
2025_2026_1;NT505;NT505.Q11.ANTN;10;*;*;;;0;08/09/2025;03/01/2026;*;;KLTN;
2025_2026_1;NT505;NT505.Q11.ANTT;10;*;*;;;0;08/09/2025;03/01/2026;*;;KLTN;
2025_2026_1;NT521;NT521.Q11.ANTN;3;80194;2;6;8;1;08/09/2025;27/12/2025;A315;;LT;
2025_2026_1;NT521;NT521.Q11.ANTN.1;1;80195;2;1;5;2;29/09/2025;13/12/2025;B2.20;;HT1;
2025_2026_1;NT521;NT521.Q12.ANTT;3;80196;5;1;3;1;08/09/2025;27/12/2025;B1.08;;LT;
2025_2026_1;NT521;NT521.Q12.ANTT.1;1;80197;5;6;0;2;22/09/2025;20/12/2025;B2.18;;HT1;
2025_2026_1;NT521;NT521.Q12.ANTT.2;1;80198;5;6;0;2;29/09/2025;13/12/2025;B2.18;;HT1;
2025_2026_1;NT521;NT521.Q13.ANTT;3;80199;4;1;3;1;08/09/2025;27/12/2025;E10.1;;LT;
2025_2026_1;NT521;NT521.Q13.ANTT.1;1;80200;4;6;0;2;22/09/2025;20/12/2025;B2.18;;HT1;
2025_2026_1;NT521;NT521.Q13.ANTT.2;1;80055;4;6;0;2;29/09/2025;13/12/2025;B2.18;;HT1;
2025_2026_1;NT522;NT522.Q11.ANTT;2;80056;2;4;5;1;08/09/2025;27/12/2025;C302;;LT;
2025_2026_1;NT522;NT522.Q11.ANTT.1;1;80057;2;6;0;2;22/09/2025;20/12/2025;;;HT1;
2025_2026_1;NT531;NT531.Q11;2;80058;2;1;3;1;08/09/2025;22/11/2025;B1.08;;LT;
2025_2026_1;NT531;NT531.Q11.1;1;80059;2;6;0;2;22/09/2025;20/12/2025;E03.1;;HT1;
2025_2026_1;NT531;NT531.Q11.2;1;80060;2;6;0;2;29/09/2025;13/12/2025;E03.1;;HT1;
2025_2026_1;NT531;NT531.Q12;2;80061;5;6;8;1;08/09/2025;22/11/2025;B1.08;;LT;
2025_2026_1;NT531;NT531.Q12.1;1;80062;5;1;5;2;22/09/2025;20/12/2025;B2.16;;HT1;
2025_2026_1;NT531;NT531.Q12.2;1;80063;5;1;5;2;29/09/2025;13/12/2025;B2.16;;HT1;
2025_2026_1;NT532;NT532.Q11;2;80064;5;4;5;1;08/09/2025;27/12/2025;C218;;LT;
2025_2026_1;NT532;NT532.Q11.1;1;80065;5;6;0;2;22/09/2025;20/12/2025;E03.1;;HT1;
2025_2026_1;NT532;NT532.Q11.2;1;80066;5;6;0;2;29/09/2025;13/12/2025;E03.1;;HT1;
2025_2026_1;NT533;NT533.Q11;2;80067;3;2;3;1;08/09/2025;27/12/2025;C302;;LT;
2025_2026_1;NT533;NT533.Q11.1;1;80182;3;6;0;2;22/09/2025;20/12/2025;B2.14;;HT1;
2025_2026_1;NT533;NT533.Q11.2;1;80183;3;6;0;2;29/09/2025;13/12/2025;B2.14;;HT1;
2025_2026_1;NT533;NT533.Q12;2;80184;4;4;5;1;08/09/2025;27/12/2025;B1.08;;LT;
2025_2026_1;NT533;NT533.Q12.1;1;80185;4;6;0;2;22/09/2025;20/12/2025;B2.14;;HT1;
2025_2026_1;NT533;NT533.Q12.2;1;80186;4;6;0;2;29/09/2025;13/12/2025;B2.14;;HT1;
2025_2026_1;NT536;NT536.Q11;2;80187;3;1;3;1;08/09/2025;22/11/2025;C214;;LT;
2025_2026_1;NT536;NT536.Q11.1;1;*;*;;;0;22/09/2025;27/12/2025;*;;HT2;
2025_2026_1;NT536;NT536.Q12;2;80188;5;4;5;1;08/09/2025;27/12/2025;C301;;LT;
2025_2026_1;NT536;NT536.Q12.1;1;*;*;;;0;22/09/2025;27/12/2025;*;;HT2;
2025_2026_1;NT538;NT538.Q11;2;80189;4;2;3;1;08/09/2025;27/12/2025;B1.08;;LT;
2025_2026_1;NT538;NT538.Q11.1;1;*;*;;;0;22/09/2025;27/12/2025;*;;HT2;
2025_2026_1;NT538;NT538.Q11.2;1;*;*;;;0;22/09/2025;27/12/2025;*;;HT2;
2025_2026_1;NT539;NT539.Q11;3;80190;5;6;8;1;08/09/2025;27/12/2025;C218;;LT;
2025_2026_1;NT539;NT539.Q11.1;1;*;*;;;0;22/09/2025;27/12/2025;*;;HT2;
2025_2026_1;NT541;NT541.Q11;3;80191;5;1;3;1;08/09/2025;27/12/2025;C218;;LT;
2025_2026_1;NT541;NT541.Q11.1;1;80192;5;6;0;2;22/09/2025;20/12/2025;B2.08;;HT1;
2025_2026_1;NT541;NT541.Q11.2;1;80193;5;6;0;2;29/09/2025;13/12/2025;B2.08;;HT1;
2025_2026_1;NT542;NT542.Q11;2;80194;6;1;3;1;08/09/2025;22/11/2025;C302;;LT;
2025_2026_1;NT542;NT542.Q11.1;1;*;*;;;0;22/09/2025;27/12/2025;*;;HT2;
2025_2026_1;NT547;NT547.Q12.ANTT;2;80195;5;6;8;1;08/09/2025;22/11/2025;C214;;LT;
2025_2026_1;NT547;NT547.Q12.ANTT.2;1;80196;5;1;5;2;29/09/2025;13/12/2025;B2.10;;HT1;
2025_2026_1;NT548;NT548.Q11;3;80197;4;1;3;1;08/09/2025;27/12/2025;C214;;LT;
2025_2026_1;NT548;NT548.Q11.1;1;*;*;;;0;22/09/2025;27/12/2025;*;;HT2;
2025_2026_1;NT548;NT548.Q11.2;1;*;*;;;0;08/09/2025;27/12/2025;*;;HT2;
2025_2026_1;PE231;PE231.Q11;0;80089;2;6;8;1;08/09/2025;27/12/2025;bongban;;LT;
2025_2026_1;PE231;PE231.Q110;0;80090;4;6;8;1;08/09/2025;27/12/2025;bongban;;LT;
2025_2026_1;PE231;PE231.Q111;0;80091;4;9;0;1;08/09/2025;27/12/2025;bongda;;LT;
2025_2026_1;PE231;PE231.Q112;0;80092;4;9;0;1;08/09/2025;27/12/2025;bongro;;LT;
2025_2026_1;PE231;PE231.Q113;0;80231;5;9;0;1;08/09/2025;27/12/2025;bongban;;LT;
2025_2026_1;PE231;PE231.Q114;0;80232;5;9;0;1;08/09/2025;27/12/2025;bongda;;LT;
2025_2026_1;PE231;PE231.Q115;0;80233;5;9;0;1;08/09/2025;27/12/2025;bongro;;LT;
2025_2026_1;PE231;PE231.Q116;0;80234;6;3;5;1;08/09/2025;27/12/2025;bongban;;LT;
2025_2026_1;PE231;PE231.Q117;0;80235;6;6;8;1;08/09/2025;27/12/2025;bongban;;LT;
2025_2026_1;PE231;PE231.Q118;0;80236;6;6;8;1;08/09/2025;27/12/2025;pickleball;;LT;
2025_2026_1;PE231;PE231.Q119;0;80237;6;9;0;1;08/09/2025;27/12/2025;bongda;;LT;
2025_2026_1;PE231;PE231.Q12;0;80238;2;6;8;1;08/09/2025;27/12/2025;bongchuyen;;LT;
2025_2026_1;PE231;PE231.Q120;0;80088;7;9;0;1;08/09/2025;27/12/2025;bongchuyen;;LT;
2025_2026_1;PE231;PE231.Q121;0;80089;7;9;0;1;08/09/2025;27/12/2025;bongro;;LT;
2025_2026_1;PE231;PE231.Q13;0;80090;2;6;8;1;08/09/2025;27/12/2025;vothuat;;LT;
2025_2026_1;PE231;PE231.Q14;0;80091;2;9;0;1;08/09/2025;27/12/2025;bongro;;LT;
2025_2026_1;PE231;PE231.Q15;0;80092;3;3;5;1;08/09/2025;27/12/2025;bongban;;LT;
2025_2026_1;PE231;PE231.Q16;0;80231;3;3;5;1;08/09/2025;27/12/2025;bongchuyen;;LT;
2025_2026_1;PE231;PE231.Q17;0;80232;3;3;5;1;08/09/2025;27/12/2025;*;;LT;
2025_2026_1;PE231;PE231.Q18;0;80233;3;6;8;1;08/09/2025;27/12/2025;pickleball;;LT;
2025_2026_1;PE231;PE231.Q19;0;80234;3;6;8;1;08/09/2025;27/12/2025;bongchuyen;;LT;
2025_2026_1;PE232;PE232.Q11;0;80235;2;9;0;1;08/09/2025;27/12/2025;bongda;;LT;
2025_2026_1;PE232;PE232.Q14;0;80236;5;9;0;1;08/09/2025;27/12/2025;pickleball;;LT;
2025_2026_1;PE232;PE232.Q15;0;80237;6;3;5;1;08/09/2025;27/12/2025;vothuat;;LT;
2025_2026_1;PE232;PE232.Q17;0;80238;6;9;0;1;08/09/2025;27/12/2025;bongro;;LT;
2025_2026_1;PE232;PE232.Q18;0;80088;7;9;0;1;08/09/2025;27/12/2025;bongban;;LT;
2025_2026_1;PE232;PE232.Q19;0;80089;7;9;0;1;08/09/2025;27/12/2025;bongda;;LT;
2025_2026_1;PH002;PH002.Q11;3;80179;2;1;3;1;08/09/2025;27/12/2025;B5.10;;LT;
2025_2026_1;PH002;PH002.Q11.1;1;80180;2;6;0;2;22/09/2025;20/12/2025;B2.10;;HT1;
2025_2026_1;PH002;PH002.Q11.2;1;80181;2;6;0;2;29/09/2025;13/12/2025;B2.10;;HT1;
2025_2026_1;PH002;PH002.Q12;3;80041;2;1;3;1;22/09/2025;20/12/2025;B5.12;;LT;
2025_2026_1;PH002;PH002.Q12.1;1;80042;2;6;0;2;22/09/2025;20/12/2025;B2.20;;HT1;
2025_2026_1;PH002;PH002.Q12.2;1;80043;2;6;0;2;29/09/2025;13/12/2025;B2.20;;HT1;
2025_2026_1;PH002;PH002.Q13;3;80044;2;6;8;1;08/09/2025;27/12/2025;B5.10;;LT;
2025_2026_1;PH002;PH002.Q13.1;1;80045;2;1;5;2;22/09/2025;20/12/2025;B2.18;;HT1;
2025_2026_1;PH002;PH002.Q13.2;1;80046;2;1;5;2;29/09/2025;13/12/2025;B2.18;;HT1;
2025_2026_1;PH002;PH002.Q14;3;80047;7;6;8;1;08/09/2025;27/12/2025;B3.16;;LT;
2025_2026_1;PH002;PH002.Q14.1;1;80048;7;1;5;2;22/09/2025;20/12/2025;B5.04;;HT1;
2025_2026_1;PH002;PH002.Q14.2;1;80049;7;1;5;2;29/09/2025;13/12/2025;B5.04;;HT1;
2025_2026_1;PH002;PH002.Q15;3;80050;7;1;3;1;08/09/2025;27/12/2025;B3.16;;LT;
2025_2026_1;PH002;PH002.Q15.1;1;80051;7;6;0;2;22/09/2025;20/12/2025;B5.04;;HT1;
2025_2026_1;PH002;PH002.Q15.2;1;80052;7;6;0;2;29/09/2025;13/12/2025;B5.04;;HT1;
2025_2026_1;PH002;PH002.Q16;3;80053;3;1;3;1;08/09/2025;27/12/2025;B1.20;;LT;
2025_2026_1;PH002;PH002.Q16.1;1;80054;3;6;0;2;22/09/2025;20/12/2025;B5.06;;HT1;
2025_2026_1;SE005;SE005.Q11;1;80081;7;1;3;1;08/09/2025;22/11/2025;B4.14;;LT;
2025_2026_1;SE005;SE005.Q12;1;80082;7;1;3;1;15/09/2025;15/11/2025;B4.14;;LT;
2025_2026_1;SE100;SE100.Q11;3;80083;4;1;3;1;08/09/2025;27/12/2025;C309;;LT;
2025_2026_1;SE100;SE100.Q11.1;1;*;*;;;0;08/09/2025;27/12/2025;*;;HT2;
2025_2026_1;SE100;SE100.Q12;3;80084;4;6;8;1;08/09/2025;27/12/2025;C309;;LT;
2025_2026_1;SE100;SE100.Q12.1;1;*;*;;;0;08/09/2025;27/12/2025;*;;HT2;
2025_2026_1;SE100;SE100.Q13;3;80085;6;1;4;1;06/10/2025;27/12/2025;C314;;LT;
2025_2026_1;SE100;SE100.Q13.1;1;*;*;;;0;06/10/2025;27/12/2025;*;;HT2;
2025_2026_1;SE100;SE100.Q14;3;80086;3;1;4;1;06/10/2025;27/12/2025;C309;;LT;
2025_2026_1;SE100;SE100.Q14.1;1;*;*;;;0;06/10/2025;27/12/2025;*;;HT2;
2025_2026_1;SE104;SE104.Q11;3;80087;6;2;5;1;08/09/2025;29/11/2025;C309;;LT;
2025_2026_1;SE104;SE104.Q11.1;1;*;*;;;0;08/09/2025;27/12/2025;*;;HT2;
2025_2026_1;SE104;SE104.Q12;3;80217;6;7;0;1;08/09/2025;29/11/2025;C309;;LT;
2025_2026_1;SE104;SE104.Q12.1;1;*;*;;;0;08/09/2025;27/12/2025;*;;HT2;
2025_2026_1;SE104;SE104.Q13;3;80218;7;2;5;1;08/09/2025;29/11/2025;C309;;LT;
2025_2026_1;SE104;SE104.Q13.1;1;*;*;;;0;08/09/2025;27/12/2025;*;;HT2;
2025_2026_1;SE113;SE113.Q11;3;80219;4;1;4;1;08/09/2025;29/11/2025;C314;;LT;
2025_2026_1;SE113;SE113.Q11.1;1;*;*;;;0;08/09/2025;27/12/2025;*;;HT2;
2025_2026_1;SE113;SE113.Q12;3;80220;4;6;8;1;08/09/2025;27/12/2025;C314;;LT;
2025_2026_1;SE113;SE113.Q12.1;1;*;*;;;0;08/09/2025;27/12/2025;*;;HT2;
2025_2026_1;SE114;SE114.Q11;2;80221;3;6;8;1;06/10/2025;20/12/2025;C309;;LT;
2025_2026_1;SE114;SE114.Q11.1;1;*;*;;;0;06/10/2025;27/12/2025;*;;HT2;
2025_2026_1;SE121;SE121.Q11;2;*;*;;;0;08/09/2025;27/12/2025;*;;ĐA;
2025_2026_1;SE122;SE122.Q11;2;*;*;;;0;08/09/2025;27/12/2025;*;;ĐA;
2025_2026_1;SE214;SE214.Q11;3;80222;3;6;8;1;08/09/2025;27/12/2025;C314;;LT;
2025_2026_1;SE214;SE214.Q11.1;1;*;*;;;0;08/09/2025;27/12/2025;*;;HT2;
2025_2026_1;SE215;SE215.Q12;3;80223;7;6;8;1;08/09/2025;27/12/2025;C309;;LT;
2025_2026_1;SE215;SE215.Q12.1;1;*;*;;;0;08/09/2025;27/12/2025;*;;HT2;
2025_2026_1;SE310;SE310.Q12;3;80224;3;6;9;1;08/09/2025;29/11/2025;B4.10;;LT;
2025_2026_1;SE310;SE310.Q12.1;1;*;*;;;0;08/09/2025;27/12/2025;*;;HT2;
2025_2026_1;SE313;SE313.Q11;2;80225;5;1;4;1;08/09/2025;01/11/2025;B4.10;;LT;
2025_2026_1;SE347;SE347.Q11;3;80226;7;1;3;1;08/09/2025;27/12/2025;B4.10;;LT;
2025_2026_1;SE347;SE347.Q11.1;1;*;*;;;0;08/09/2025;27/12/2025;*;;HT2;
2025_2026_1;SE347;SE347.Q12;3;80227;7;6;8;1;08/09/2025;27/12/2025;B4.10;;LT;
2025_2026_1;SE347;SE347.Q12.1;1;*;*;;;0;08/09/2025;27/12/2025;*;;HT2;
2025_2026_1;SE347;SE347.Q13;3;80228;4;1;3;1;08/09/2025;27/12/2025;B4.10;;LT;
2025_2026_1;SE347;SE347.Q13.1;1;*;*;;;0;08/09/2025;27/12/2025;*;;HT2;
2025_2026_1;SE347;SE347.Q14;3;80229;7;1;3;1;08/09/2025;27/12/2025;B6.04;;LT;
2025_2026_1;SE347;SE347.Q14.1;1;*;*;;;0;08/09/2025;27/12/2025;*;;HT2;
2025_2026_1;SE357;SE357.Q11;2;80230;6;1;3;1;08/09/2025;27/12/2025;B6.02;;LT;
2025_2026_1;SE357;SE357.Q11.1;1;*;*;;;0;08/09/2025;27/12/2025;*;;HT2;
2025_2026_1;SE357;SE357.Q12;2;80079;6;6;8;1;08/09/2025;27/12/2025;C314;;LT;
2025_2026_1;SE357;SE357.Q12.1;1;*;*;;;0;08/09/2025;27/12/2025;*;;HT2;
2025_2026_1;SE358;SE358.Q11;3;80080;5;1;3;1;08/09/2025;27/12/2025;C314;;LT;
2025_2026_1;SE358;SE358.Q11.1;1;*;*;;;0;08/09/2025;27/12/2025;*;;HT2;
2025_2026_1;SE358;SE358.Q12;3;80081;2;1;3;1;08/09/2025;27/12/2025;C314;;LT;
2025_2026_1;SE358;SE358.Q12.1;1;*;*;;;0;08/09/2025;27/12/2025;*;;HT2;
2025_2026_1;SE400;SE400.Q11;4;80082;4;1;4;1;08/09/2025;27/12/2025;B6.06;;LT;
2025_2026_1;SE401;SE401.Q11;3;80083;7;1;3;1;08/09/2025;27/12/2025;B6.02;;LT;
2025_2026_1;SE405;SE405.Q11;3;80084;5;1;4;1;08/09/2025;29/11/2025;B6.02;;LT;
2025_2026_1;SE501;SE501.Q11;2;*;*;;;0;08/09/2025;27/12/2025;*;;TTTN;
2025_2026_1;SE505;SE505.Q11;10;*;*;;;0;08/09/2025;27/12/2025;*;;KLTN;
2025_2026_1;SE506;SE506.Q11;10;*;*;;;0;08/09/2025;29/11/2025;*;;KLTN;
2025_2026_1;SPCH2713;SPCH2713.Q11.CTTT;2;80133;4;6;9;1;08/09/2025;01/11/2025;E24;;LT;
2025_2026_1;SPCH2713;SPCH2713.Q12.CTTT;2;80001;4;1;4;1;08/09/2025;01/11/2025;E24;;LT;
2025_2026_1;SPCH3723;SPCH3723.Q11.CTTT;3;80002;5;6;8;1;08/09/2025;27/12/2025;E34;;LT;
2025_2026_1;SPCH3723;SPCH3723.Q12.CTTT;3;80003;4;6;8;1;08/09/2025;27/12/2025;E34;;LT;
2025_2026_1;SS003;SS003.Q11;2;80090;2;1;2;1;08/09/2025;27/12/2025;B1.14;;LT;
2025_2026_1;SS003;SS003.Q12;2;80091;2;4;5;1;08/09/2025;27/12/2025;B1.14;;LT;
2025_2026_1;SS003;SS003.Q13;2;80092;2;1;2;1;08/09/2025;27/12/2025;B3.14;;LT;
2025_2026_1;SS003;SS003.Q14;2;80231;2;4;5;1;08/09/2025;27/12/2025;B3.14;;LT;
2025_2026_1;SS003;SS003.Q15;2;80232;2;6;7;1;08/09/2025;27/12/2025;B1.14;;LT;
2025_2026_1;SS003;SS003.Q16;2;80233;2;8;9;1;08/09/2025;27/12/2025;B1.14;;LT;
2025_2026_1;SS004;SS004.Q11;2;80234;4;1;2;1;08/09/2025;27/12/2025;B1.10;;LT;
2025_2026_1;SS004;SS004.Q12;2;80235;2;1;2;1;08/09/2025;27/12/2025;B4.14;;LT;
2025_2026_1;SS004;SS004.Q13;2;80236;2;4;5;1;08/09/2025;27/12/2025;B4.14;;LT;
2025_2026_1;SS004;SS004.Q14;2;80237;5;1;2;1;08/09/2025;27/12/2025;B1.20;;LT;
2025_2026_1;SS004;SS004.Q15;2;80238;5;4;5;1;08/09/2025;27/12/2025;B1.20;;LT;
2025_2026_1;SS004;SS004.Q16;2;80088;6;1;2;1;08/09/2025;27/12/2025;B1.16;;LT;
2025_2026_1;SS004;SS004.Q17;2;80089;7;6;8;1;08/09/2025;22/11/2025;B4.16;;LT;
2025_2026_1;SS004;SS004.Q18;2;80090;5;3;5;1;08/09/2025;22/11/2025;B1.22;;LT;
2025_2026_1;SS006;SS006.Q11;2;80091;3;6;8;1;08/09/2025;22/11/2025;B4.14;;LT;
2025_2026_1;SS006;SS006.Q110;2;80092;6;6;7;1;08/09/2025;27/12/2025;B1.22;;LT;
2025_2026_1;SS006;SS006.Q111;2;80231;6;6;8;1;08/09/2025;22/11/2025;B5.14;;LT;
2025_2026_1;SS006;SS006.Q12;2;80232;3;6;7;1;08/09/2025;27/12/2025;B6.06;;LT;
2025_2026_1;SS006;SS006.Q13;2;80233;7;1;3;1;08/09/2025;22/11/2025;B3.22;;LT;
2025_2026_1;SS006;SS006.Q14;2;80234;4;1;2;1;08/09/2025;27/12/2025;B7.02;;LT;
2025_2026_1;SS006;SS006.Q15;2;80235;4;4;5;1;08/09/2025;27/12/2025;B7.02;;LT;
2025_2026_1;SS006;SS006.Q16;2;80236;2;1;2;1;08/09/2025;27/12/2025;B7.02;;LT;
2025_2026_1;SS006;SS006.Q17;2;80237;2;4;5;1;08/09/2025;27/12/2025;B7.02;;LT;
2025_2026_1;SS006;SS006.Q18;2;80238;5;1;2;1;08/09/2025;27/12/2025;B6.06;;LT;
2025_2026_1;SS006;SS006.Q19;2;80088;5;4;5;1;08/09/2025;27/12/2025;B6.06;;LT;
2025_2026_1;SS007;SS007.Q11;3;80089;7;1;3;1;08/09/2025;27/12/2025;B3.14;;LT;
2025_2026_1;SS007;SS007.Q12;3;80090;7;6;8;1;08/09/2025;27/12/2025;B1.14;;LT;
2025_2026_1;SS007;SS007.Q13;3;80091;2;1;3;1;08/09/2025;27/12/2025;B5.14;;LT;
2025_2026_1;SS007;SS007.Q14;3;80092;2;6;8;1;08/09/2025;27/12/2025;B1.18;;LT;
2025_2026_1;SS007;SS007.Q15;3;80231;3;1;3;1;08/09/2025;27/12/2025;B1.22;;LT;
2025_2026_1;SS007;SS007.Q16;3;80232;3;6;8;1;08/09/2025;27/12/2025;B1.14;;LT;
2025_2026_1;SS007;SS007.Q17;3;80233;4;1;3;1;08/09/2025;27/12/2025;B1.22;;LT;
2025_2026_1;SS007;SS007.Q18;3;80234;4;6;8;1;08/09/2025;27/12/2025;B3.14;;LT;
2025_2026_1;SS008;SS008.Q11;2;80235;5;1;2;1;08/09/2025;27/12/2025;B7.02;;LT;
2025_2026_1;SS008;SS008.Q12;2;80236;5;4;5;1;08/09/2025;27/12/2025;B7.02;;LT;
2025_2026_1;SS008;SS008.Q13;2;80237;5;1;2;1;08/09/2025;27/12/2025;B5.14;;LT;
2025_2026_1;SS008;SS008.Q14;2;80238;5;4;5;1;08/09/2025;27/12/2025;B5.14;;LT;
2025_2026_1;SS008;SS008.Q15;2;80088;5;6;7;1;08/09/2025;27/12/2025;B3.14;;LT;
2025_2026_1;SS008;SS008.Q16;2;80089;5;8;9;1;08/09/2025;27/12/2025;B3.14;;LT;
2025_2026_1;SS009;SS009.Q11;2;80090;6;1;2;1;08/09/2025;27/12/2025;B1.22;;LT;
2025_2026_1;SS009;SS009.Q12;2;80091;6;4;5;1;08/09/2025;27/12/2025;B1.22;;LT;
2025_2026_1;SS009;SS009.Q13;2;80092;6;1;2;1;08/09/2025;27/12/2025;B3.14;;LT;
2025_2026_1;SS009;SS009.Q14;2;80231;6;4;5;1;08/09/2025;27/12/2025;B3.14;;LT;
2025_2026_1;SS009;SS009.Q15;2;80232;6;6;7;1;08/09/2025;27/12/2025;B1.14;;LT;
2025_2026_1;SS009;SS009.Q16;2;80233;6;8;9;1;08/09/2025;27/12/2025;B1.14;;LT;
2025_2026_1;SS010;SS010.Q11;2;80234;5;6;7;1;08/09/2025;27/12/2025;B1.14;;LT;
2025_2026_1;SS010;SS010.Q12;2;80235;5;8;9;1;08/09/2025;27/12/2025;B1.14;;LT;
2025_2026_1;SS010;SS010.Q13;2;80236;6;6;7;1;08/09/2025;27/12/2025;B4.14;;LT;
2025_2026_1;SS010;SS010.Q14;2;80237;6;8;9;1;08/09/2025;27/12/2025;B4.14;;LT;
2025_2026_1;SS010;SS010.Q15;2;80238;2;6;7;1;08/09/2025;27/12/2025;B3.14;;LT;
2025_2026_1;SS010;SS010.Q16;2;80088;2;8;9;1;08/09/2025;27/12/2025;B3.14;;LT;
2025_2026_1;STAT3013;STAT3013.Q11.CTTT;3;80004;6;1;4;1;08/09/2025;29/11/2025;E34;;LT;
2025_2026_1;STAT3013;STAT3013.Q11.CTTT.1;0;*;7;1;5;0;22/09/2025;20/12/2025;B2.22;;TG;
2025_2026_1;STAT3013;STAT3013.Q12.CTTT;3;80005;6;6;9;1;08/09/2025;29/11/2025;E34;;LT;
2025_2026_1;STAT3013;STAT3013.Q12.CTTT.1;0;*;7;1;5;0;29/09/2025;13/12/2025;B2.22;;TG;
2025_2026_1;STAT4033;STAT4033.Q11.CTTT;3;80006;3;1;4;1;08/09/2025;29/11/2025;E32;;LT;
2025_2026_1;STAT4033;STAT4033.Q11.CTTT.1;0;*;6;6;0;0;22/09/2025;20/12/2025;B3.06;;TG;
2025_2026_1;TLH025;TLH025.Q11;3;80089;4;1;3;1;08/09/2025;27/12/2025;B1.20;;LT;
2025_2026_1;TLH025;TLH025.Q12;3;80090;4;6;8;1;08/09/2025;27/12/2025;B4.14;;LT;
2025_2026_1;AI505;AI505.Q11;10;*;*;;;0;08/09/2025;27/12/2025;*;;KLTN;
2025_2026_1;CE006;CE006.Q11.VMTN;1;80161;2;6;8;1;08/09/2025;11/10/2025;C216;;LT;
2025_2026_1;CE118;CE118.Q11.VMTN;3;80162;5;1;4;1;08/09/2025;29/11/2025;C212;;LT;
2025_2026_1;CE118;CE118.Q11.VMTN.1;1;80163;5;6;0;2;22/09/2025;20/12/2025;B4.06;;HT1;
2025_2026_1;CE119;CE119.Q11.VMTN.1;1;80164;4;6;0;2;22/09/2025;20/12/2025;;;HT1;
2025_2026_1;CE125;CE125.Q11.VMTN;3;80165;3;1;4;1;08/09/2025;29/11/2025;C209;;LT;
2025_2026_1;CE125;CE125.Q11.VMTN.1;1;80166;3;6;0;2;22/09/2025;20/12/2025;B5.08;;HT1;
2025_2026_1;CE224;CE224.Q14;3;80167;7;1;4;1;08/09/2025;29/11/2025;B1.10;;LT;
2025_2026_1;CE224;CE224.Q14.1;1;80168;7;6;0;2;22/09/2025;20/12/2025;B4.02;;HT1;
2025_2026_1;CE334;CE334.Q11;3;80169;4;1;4;1;08/09/2025;29/11/2025;;;LT;
2025_2026_1;CE334;CE334.Q11.1;1;*;*;;;0;08/09/2025;29/11/2025;*;;HT2;
2025_2026_1;CE433;CE433.Q11;3;80170;2;1;4;1;08/09/2025;29/11/2025;B1.12;;LT;
2025_2026_1;CE433;CE433.Q11.1;1;80171;2;6;0;2;22/09/2025;20/12/2025;B2.14;;HT1;
2025_2026_1;CNBU101;CNBU101.Q11.ATBC;40;80198;5;2;5;1;06/10/2025;20/12/2025;E33;;LT;
2025_2026_1;CNBU101;CNBU101.Q11.ATBC.1;25;80199;5;6;0;2;13/10/2025;13/12/2025;B4.06;;HT1;
2025_2026_1;CS2134;CS2134.Q11.CTTT;3;80007;4;6;9;1;08/09/2025;29/11/2025;;;LT;
2025_2026_1;CS2134;CS2134.Q11.CTTT.1;1;80008;5;1;5;2;22/09/2025;20/12/2025;B3.08;;HT1;
2025_2026_1;CS222;CS222.Q11.KHTN;3;80155;4;6;8;1;08/09/2025;27/12/2025;C101;;LT;
2025_2026_1;CS222;CS222.Q11.KHTN.1;1;*;*;;;0;08/09/2025;27/12/2025;*;;HT2;
2025_2026_1;CS519;CS519.Q11.KHTN;3;80156;5;7;9;1;08/09/2025;27/12/2025;C308;;LT;
2025_2026_1;CU001;CU001.Q11.CNVN;2;80076;6;6;9;1;08/09/2025;01/11/2025;B4.12;;LT;
2025_2026_1;CU001;CU001.Q12.CNVN;2;80077;3;6;9;1;08/09/2025;01/11/2025;B1.22;;LT;
2025_2026_1;IE103;IE103.Q11.CNVN;3;80078;2;6;9;1;08/09/2025;29/11/2025;B1.04;;LT;
2025_2026_1;IE103;IE103.Q11.CNVN.1;1;80201;2;1;5;2;22/09/2025;20/12/2025;B2.08;;HT1;
2025_2026_1;IE103;IE103.Q11.CNVN.2;1;80202;2;1;5;2;29/09/2025;13/12/2025;B2.08;;HT1;
2025_2026_1;IE106;IE106.Q12.CNVN;3;80203;3;6;9;1;08/09/2025;29/11/2025;B1.02;;LT;
2025_2026_1;IE106;IE106.Q12.CNVN.1;1;*;*;;;0;15/09/2025;27/12/2025;*;;HT2;
2025_2026_1;IE307;IE307.Q11.CNVN;3;80204;3;1;4;1;08/09/2025;29/11/2025;B1.04;;LT;
2025_2026_1;IE307;IE307.Q11.CNVN.1;1;80205;3;6;0;2;22/09/2025;20/12/2025;B3.08;;HT1;
2025_2026_1;IE307;IE307.Q11.CNVN.2;1;80206;3;6;0;2;29/09/2025;13/12/2025;B3.08;;HT1;
2025_2026_1;IS005;IS005.Q11.CTTT;1;80009;6;6;8;1;08/09/2025;11/10/2025;E10.1;;LT;
2025_2026_1;IS005;IS005.Q12.CTTT;1;80010;6;6;8;1;13/10/2025;22/11/2025;E10.1;;LT;
2025_2026_1;IS347;IS347.Q11;3;80011;5;1;4;1;08/09/2025;29/11/2025;;;LT;
2025_2026_1;IS348;IS348.Q11;2;80012;6;1;4;1;29/09/2025;01/11/2025;A215;;LT;
2025_2026_1;IS348;IS348.Q11.1;1;80013;6;6;0;2;22/09/2025;20/12/2025;B2.14;;HT1;
2025_2026_1;IS349;IS349.Q11;3;80014;5;1;4;1;08/09/2025;29/11/2025;A215;;LT;
2025_2026_1;IT001;IT001.Q11.CTTN;3;80157;2;6;8;1;08/09/2025;27/12/2025;C108;;LT;
2025_2026_1;IT001;IT001.Q11.CTTN.1;1;80158;2;1;5;2;22/09/2025;20/12/2025;C109;;HT1;
2025_2026_1;IT001;IT001.Q11.CTTN.2;1;80159;2;1;5;2;29/09/2025;13/12/2025;C109;;HT1;
2025_2026_1;IT001;IT001.Q11.VMTN;3;80160;3;1;3;1;08/09/2025;27/12/2025;C201;;LT;
2025_2026_1;IT001;IT001.Q11.VMTN.1;1;80023;3;6;0;2;22/09/2025;20/12/2025;C109;;HT1;
2025_2026_1;IT001;IT001.Q11.VMTN.2;1;80024;3;6;0;2;29/09/2025;13/12/2025;C109;;HT1;
2025_2026_1;IT002;IT002.Q13;3;80085;4;6;8;1;08/09/2025;27/12/2025;B1.22;;LT;
2025_2026_1;IT002;IT002.Q13.1;1;80086;4;1;5;2;22/09/2025;20/12/2025;B2.10;;HT1;
2025_2026_1;IT006;IT006.Q11.VMTN;3;80172;6;2;5;1;08/09/2025;29/11/2025;E44;;LT;
2025_2026_1;JAN01;JAN01.Q15.CNVN;2;80091;2;2;5;1;08/09/2025;22/11/2025;E23;;LT;
2025_2026_1;JAN01;JAN01.Q15.CNVN.1;3;80092;5;2;5;2;08/09/2025;22/11/2025;E116;;HT1;
2025_2026_1;JAN01;JAN01.Q15.CNVN.1;3;80231;7;2;5;2;08/09/2025;22/11/2025;E42;;HT1;
2025_2026_1;JAN07;JAN07.Q11.CNVN;1;80232;3;2;5;1;08/09/2025;22/11/2025;E112;;LT;
2025_2026_1;JAN07;JAN07.Q11.CNVN.1;2;80233;5;6;9;2;08/09/2025;22/11/2025;E112;;HT1;
2025_2026_1;JAN07;JAN07.Q12.CNVN;1;80234;3;2;5;1;08/09/2025;22/11/2025;E114;;LT;
2025_2026_1;JAN07;JAN07.Q12.CNVN.1;2;80235;5;6;9;2;08/09/2025;22/11/2025;E114;;HT1;
2025_2026_1;JAN07;JAN07.Q13.CNVN;1;80236;3;6;9;1;08/09/2025;22/11/2025;E114;;LT;
2025_2026_1;JAN07;JAN07.Q13.CNVN.1;2;80237;7;2;5;2;08/09/2025;22/11/2025;E116;;HT1;
2025_2026_1;JAN07;JAN07.Q14.CNVN;1;80238;3;6;9;1;08/09/2025;22/11/2025;E112;;LT;
2025_2026_1;JAN07;JAN07.Q14.CNVN.1;2;80088;7;2;5;2;08/09/2025;22/11/2025;E118;;HT1;
2025_2026_1;JAN08;JAN08.Q11.CNVN;1;80089;3;6;9;1;08/09/2025;11/10/2025;E43;;LT;
2025_2026_1;JAN08;JAN08.Q11.CNVN.1;2;80090;2;6;9;2;08/09/2025;11/10/2025;E34;;HT1;
2025_2026_1;JAN08;JAN08.Q11.CNVN.1;2;80091;6;2;5;2;08/09/2025;11/10/2025;A325;;HT1;
2025_2026_1;JAN08;JAN08.Q11.CNVN.1;2;80092;7;2;5;2;08/09/2025;11/10/2025;E32;;HT1;
2025_2026_1;MA003;MA003.Q11.CNVN;3;80094;3;6;9;1;08/09/2025;29/11/2025;C311;;LT;
2025_2026_1;MA003;MA003.Q11.CTTN;3;80239;6;6;9;1;08/09/2025;29/11/2025;C108;;LT;
2025_2026_1;MA003;MA003.Q11.VMTN;3;80240;5;6;9;1;08/09/2025;29/11/2025;C206;;LT;
2025_2026_1;MA004;MA004.Q12.CNVN;4;80241;4;6;9;1;08/09/2025;27/12/2025;C305;;LT;
2025_2026_1;MA004;MA004.Q13;4;80242;3;6;9;1;08/09/2025;27/12/2025;B7.04;;LT;
2025_2026_1;MA005;MA005.Q11.VMTN;3;80093;4;1;4;1;08/09/2025;29/11/2025;C101;;LT;
2025_2026_1;MA006;MA006.Q11.CNVN;4;80094;4;6;9;1;08/09/2025;27/12/2025;C311;;LT;
2025_2026_1;MA006;MA006.Q11.CTTN;4;80239;4;1;4;1;08/09/2025;27/12/2025;B3.12;;LT;
2025_2026_1;MA006;MA006.Q11.VMTN;4;80240;4;6;9;1;08/09/2025;27/12/2025;C208;;LT;
2025_2026_1;MATH2154;MATH2154.Q11.CTTT;4;80015;2;1;4;1;08/09/2025;27/12/2025;E34;;LT;
2025_2026_1;NT505;NT505.Q11.MMCL;10;*;*;;;0;08/09/2025;03/01/2026;*;;KLTN;
2025_2026_1;NT521;NT521.Q11.ANTT;3;80200;6;6;8;1;08/09/2025;27/12/2025;B1.08;;LT;
2025_2026_1;NT521;NT521.Q11.ANTT.1;1;80055;6;1;5;2;22/09/2025;20/12/2025;B2.16;;HT1;
2025_2026_1;PE231;PE231.Q123;0;80231;7;6;8;1;08/09/2025;27/12/2025;bongban;;LT;
2025_2026_1;PE232;PE232.Q13;0;80232;4;6;8;1;08/09/2025;27/12/2025;bongchuyen;;LT;
2025_2026_1;SE102;SE102.Q11;2;80087;5;1;3;1;06/10/2025;20/12/2025;B6.04;;LT;
2025_2026_1;SE102;SE102.Q11.1;1;*;*;;;0;06/10/2025;20/12/2025;*;;HT2;
2025_2026_1;SE104;SE104.Q11.KHTN;3;80217;4;6;8;1;08/09/2025;27/12/2025;C108;;LT;
2025_2026_1;SE104;SE104.Q11.KHTN.1;1;*;*;;;0;22/09/2025;27/12/2025;*;;HT2;
2025_2026_1;SE220;SE220.Q11;3;80218;7;1;3;1;08/09/2025;27/12/2025;C314;;LT;
2025_2026_1;SS004;SS004.Q11.CTTN;2;80233;4;6;8;1;08/09/2025;22/11/2025;C206;;LT;
2025_2026_1;SS004;SS004.Q11.VMTN;2;80234;6;1;3;1;08/09/2025;22/11/2025;C214;;LT;
2025_2026_1;SS007;SS007.Q11.CTTT;3;80235;3;6;9;1;08/09/2025;29/11/2025;C214;;LT;
2025_2026_1;SS007;SS007.Q11.KHBC;3;80236;2;2;5;1;06/10/2025;27/12/2025;;;LT;
2025_2026_1;SS008;SS008.Q11.KHBC;2;80237;4;1;3;1;06/10/2025;20/12/2025;E41;;LT;
