hoc_ky,ma_mon_hoc,ma_lop,so_tin_chi,ma_giang_vien,thu,tiet_bat_dau,tiet_ket_thuc,cach_tuan,ngay_bat_dau,ngay_ket_thuc,phong_hoc,si_so,hinh_thuc_giang_day,ghi_chu
2024_2025_2,BCH058,BCH058.P21,2,80234,4,1,5,1,2025-03-03,2025-05-10,,,LT,Học tại trường ĐHKHXH&NV
2024_2025_2,BCH058,BCH058.P22,2,80091,4,6,9,1,2025-03-03,2025-05-24,*,,LT,Học tại trường ĐHKHXH&NV
2024_2025_2,ENG03,ENG03.P21,4,80095,3,1,3,1,2025-02-17,2025-05-17,*,,LT,
2024_2025_2,ENG03,ENG03.P21,4,80244,5,1,3,1,2025-02-17,2025-05-17,*,,LT,
2024_2025_2,ENG01,ENG01.P21,4,80096,3,1,3,1,2025-02-17,2025-05-17,*,,LT,
2024_2025_2,ENG01,ENG01.P21,4,80245,5,1,3,1,2025-02-17,2025-05-17,*,,LT,
2024_2025_2,ENG02,ENG02.P21,4,80095,2,1,3,1,2025-02-17,2025-05-17,*,,LT,
2024_2025_2,ENG02,ENG02.P21,4,80245,4,1,3,1,2025-02-17,2025-05-17,*,,LT,
2024_2025_2,PE231,PE231.P25,0,*,7,1,3,1,2025-02-17,2025-06-07,*,,LT,"Bơi lội, học tại https://goo.gl/maps/NGD24VkSEtJmJ5pJ6"
2024_2025_2,CE505,CE505.P21,10,*,*,,,1,2025-02-17,2025-06-07,*,,KLTN,
2024_2025_2,CE502,CE502.P21,2,*,*,,,1,2025-02-17,2025-06-07,*,,TTTN,
2024_2025_2,CE201,CE201.P21,2,*,*,,,1,2025-02-17,2025-06-07,*,,ĐA,
2024_2025_2,CE206,CE206.P21,2,*,*,,,1,2025-02-17,2025-06-07,*,,ĐA,
2024_2025_2,CE408,CE408.P21,2,*,*,,,1,2025-02-17,2025-06-07,*,,ĐA,môn đồ án
2024_2025_2,CE412,CE412.P21,2,*,*,,,1,2025-02-17,2025-06-07,*,,ĐA,môn đồ án
2024_2025_2,IE505,IE505.P21,10,*,*,,,1,2025-02-17,2025-06-07,*,,KLTN,
2024_2025_2,DS505,DS505.P21,10,*,*,,,1,2025-02-17,2025-06-07,*,,KLTN,
2024_2025_2,IE207,IE207.P21,2,*,*,,,1,2025-02-17,2025-06-07,*,,ĐA,
2024_2025_2,IE309,IE309.P21,2,*,*,,,1,2025-02-17,2025-06-07,*,,TTTN,
2024_2025_2,DS204,DS204.P21,2,*,*,,,1,2025-02-17,2025-06-07,*,,ĐA,
2024_2025_2,DS207,DS207.P21,2,*,*,,,1,2025-02-17,2025-06-07,*,,ĐA,
2024_2025_2,DS309,DS309.P21,2,*,*,,,1,2025-02-17,2025-06-07,*,,TTTN,
2024_2025_2,IE207,IE207.P21.CNVN,2,*,*,,,1,2025-02-17,2025-06-07,*,,ĐA,
2024_2025_2,NT505,NT505.P21,10,*,*,,,1,2025-02-17,2025-06-07,*,,KLTN,
2024_2025_2,NT215,NT215.P21,2,*,*,,,1,2025-02-17,2025-06-07,*,,TTTN,
2024_2025_2,NT114,NT114.P21,2,*,*,,,1,2025-02-17,2025-06-07,*,,ĐA,
2024_2025_2,NT505,NT505.P21.ANTT,10,*,*,,,1,2025-02-17,2025-06-07,*,,KLTN,
2024_2025_2,NT215,NT215.P21.ANTT,2,*,*,,,1,2025-02-17,2025-06-07,*,,TTTN,
2024_2025_2,NT114,NT114.P21.ANTT,2,*,*,,,1,2025-02-17,2025-06-07,*,,ĐA,
2024_2025_2,IS502,IS502.P21,2,*,*,,,1,2025-02-17,2025-06-07,*,,TTTN,
2024_2025_2,IS401,IS401.P21,10,*,*,,,1,2025-02-17,2025-06-07,*,,KLTN,
2024_2025_2,EC222,EC222.P21,2,*,*,,,1,2025-02-17,2025-06-07,*,,TTTN,
2024_2025_2,SE121,SE121.P21,2,*,*,,,1,2025-02-17,2025-06-07,*,,ĐA,DA
2024_2025_2,SE122,SE122.P21,2,*,*,,,1,2025-02-17,2025-06-07,*,,ĐA,DA
2024_2025_2,SE501,SE501.P21,2,*,*,,,1,2025-02-17,2025-06-07,*,,TTTN,TTTN
2024_2025_2,SE505,SE505.P21,10,*,*,,,1,2025-02-17,2025-06-07,*,,KLTN,KLTN
2024_2025_2,SE506,SE506.P21,10,*,*,,,1,2025-02-17,2025-06-07,*,,KLTN,KLTN
2024_2025_2,CS551,CS551.P21,2,*,*,,,1,2025-02-17,2025-06-07,*,,TTTN,
2024_2025_2,CS505,CS505.P21,10,*,*,,,1,2025-02-17,2025-06-07,*,,KLTN,
2024_2025_2,INI01,INI01.P21,2,*,*,,,1,2025-02-17,2025-06-07,*,,TTTN,
2024_2025_2,CE507,CE507.P21,10,*,*,,,1,2025-02-17,2025-06-07,*,,KLTN,"SV đăng ký lớp này yêu cầu: đã có doanh nghiệp nhận, có đề tài và tham khảo danh sách doanh nghiệp công bố trên website khoa. SV nào muốn đăng ký môn đó phải tham vấn ý kiến thầy CVHT hoặc BCN Khoa (thầy Đoàn Duy) trước."
2024_2025_2,ENG03,ENG03.P223,4,80243,3,1,3,1,2025-02-17,2025-05-17,*,,LT,Mở bổ sung
2024_2025_2,ENG03,ENG03.P223,4,80246,5,1,3,1,2025-02-17,2025-05-17,*,,LT,Mở bổ sung
2024_2025_2,IE213,IE213.P21,3,80212,3,2,5,1,2025-02-17,2025-05-10,A215,,LT,
2024_2025_2,ENG02,ENG02.P22,4,80095,5,4,5,1,2025-02-17,2025-05-17,A301,,LT,
2024_2025_2,ENG02,ENG02.P24,4,80095,3,6,8,1,2025-02-17,2025-05-17,A301,,LT,KTMT
2024_2025_2,ENG02,ENG02.P210,4,80096,6,6,8,1,2025-02-17,2025-05-17,A301,,LT,MMT
2024_2025_2,ENG03,ENG03.P219,4,80246,4,6,8,1,2025-02-17,2025-05-17,A301,,LT,MMT
2024_2025_2,ENG03,ENG03.P222,4,80244,5,6,8,1,2025-02-17,2025-05-17,A301,,LT,
2024_2025_2,ENG01,ENG01.P22,4,80244,3,,9,1,2025-02-17,2025-05-17,A305,,LT,KTMT
2024_2025_2,ENG02,ENG02.P28,4,80096,3,6,8,1,2025-02-17,2025-05-17,A305,,LT,
2024_2025_2,ENG03,ENG03.P215,4,80245,5,6,8,1,2025-02-17,2025-05-17,A305,,LT,KTMT
2024_2025_2,ENG01,ENG01.P22,4,80246,5,6,8,1,2025-02-17,2025-05-17,A307,,LT,KTMT
2024_2025_2,ENG02,ENG02.P210,4,80244,4,,9,1,2025-02-17,2025-05-17,A309,,LT,MMT
2024_2025_2,ENG03,ENG03.P219,4,80243,6,,9,1,2025-02-17,2025-05-17,A309,,LT,MMT
2024_2025_2,ENG03,ENG03.P220,4,80095,6,1,3,1,2025-02-17,2025-05-17,A309,,LT,
2024_2025_2,EC304,EC304.P21,3,80007,2,1,4,1,2025-02-17,2025-05-10,A315,,LT,
2024_2025_2,ENG02,ENG02.P22,4,80243,2,6,8,1,2025-02-17,2025-05-17,A323,,LT,
2024_2025_2,ENG02,ENG02.P24,4,80243,5,,9,1,2025-02-17,2025-05-17,A323,,LT,KTMT
2024_2025_2,ENG03,ENG03.P215,4,*,3,,9,1,2025-02-17,2025-05-17,A323,,LT,KTMT
2024_2025_2,ENG03,ENG03.P222,4,80246,3,,9,1,2025-02-17,2025-05-17,A325,,LT,
2024_2025_2,IE103,IE103.P22,3,80208,5,1,4,1,2025-02-17,2025-05-10,B1.02,,LT,
2024_2025_2,IE101,IE101.P21.CNVN,2,80216,6,2,5,1,2025-02-17,2025-04-12,B1.02,,LT,
2024_2025_2,EC229,EC229.P21,2,80008,2,1,3,1,2025-02-17,2025-05-03,B1.02,,LT,
2024_2025_2,IE402,IE402.P21,3,80071,7,6,9,1,2025-02-17,2025-05-10,B1.04,,LT,
2024_2025_2,DS312,DS312.P21,3,80213,3,6,9,1,2025-02-17,2025-05-10,B1.04,,LT,
2024_2025_2,IE204,IE204.P22,3,80074,4,2,5,1,2025-02-17,2025-05-10,B1.04,,LT,
2024_2025_2,IE101,IE101.P22,2,80073,2,2,5,1,2025-02-17,2025-04-12,B1.04,,LT,
2024_2025_2,IE105,IE105.P22,3,80208,3,1,4,1,2025-02-17,2025-05-10,B1.04,,LT,
2024_2025_2,IE108,IE108.P22,3,80068,6,2,5,1,2025-02-17,2025-05-10,B1.04,,LT,
2024_2025_2,IE213,IE213.P22,3,80209,3,1,4,1,2025-02-17,2025-05-10,B1.06,,LT,
2024_2025_2,IE101,IE101.P21,2,80074,2,6,9,1,2025-02-17,2025-04-12,B1.06,,LT,
2024_2025_2,IE108,IE108.P21,3,80068,4,1,4,1,2025-02-17,2025-05-10,B1.06,,LT,
2024_2025_2,EC201,EC201.P22,3,80109,3,6,9,1,2025-02-17,2025-05-10,B1.06,,LT,
2024_2025_2,NT535,NT535.P21,2,80183,2,4,5,1,2025-02-17,2025-06-07,B1.08,,LT,
2024_2025_2,NT405,NT405.P21,2,80067,2,2,3,1,2025-02-17,2025-06-07,B1.08,,LT,
2024_2025_2,NT121,NT121.P21,2,80060,3,4,5,1,2025-02-17,2025-06-07,B1.08,,LT,
2024_2025_2,NT541,NT541.P21,3,80061,4,6,8,1,2025-02-17,2025-06-07,B1.08,,LT,
2024_2025_2,NT132,NT132.P24,3,80188,5,1,3,1,2025-02-17,2025-06-07,B1.08,,LT,
2024_2025_2,NT330,NT330.P21.ANTT,2,80063,3,6,8,1,2025-02-17,2025-05-03,B1.08,,LT,
2024_2025_2,NT118,NT118.P22,2,80189,6,2,3,1,2025-02-17,2025-06-07,B1.08,,LT,
2024_2025_2,IT003,IT003.P21.CNVN,3,80143,5,6,8,1,2025-02-17,2025-06-07,B1.10,,LT,
2024_2025_2,IT003,IT003.P22.CNVN,3,80153,6,1,3,1,2025-02-17,2025-06-07,B1.10,,LT,
2024_2025_2,MA005,MA005.P21.CNVN,3,80242,2,6,9,1,2025-02-17,2025-05-10,B1.10,,LT,
2024_2025_2,MA005,MA005.P22.CNVN,3,80093,2,1,4,1,2025-02-17,2025-05-10,B1.10,,LT,
2024_2025_2,CE340,CE340.P21,3,80175,3,1,4,1,2025-02-17,2025-05-10,B1.10,,LT,
2024_2025_2,CE103,CE103.P22,3,80170,4,6,9,1,2025-02-17,2025-05-10,B1.10,,LT,
2024_2025_2,IE106,IE106.P21.CNVN,3,80069,6,6,9,1,2025-02-17,2025-05-10,B1.10,,LT,
2024_2025_2,IE103,IE103.P21.CNVN,3,80069,4,1,4,1,2025-02-17,2025-05-10,B1.10,,LT,
2024_2025_2,NT534,NT534.P21.ANTT,2,80195,7,4,5,1,2025-02-17,2025-06-07,B1.10,,LT,
2024_2025_2,IT002,IT002.P22.CNVN,3,80079,4,6,9,1,2025-02-17,2025-05-10,B1.12,,LT,
2024_2025_2,CE433,CE433.P21,3,80053,5,6,9,1,2025-02-17,2025-05-10,B1.12,,LT,
2024_2025_2,IT003,IT003.P21.TTNT,3,80134,3,1,3,1,2025-02-17,2025-06-07,B1.12,,LT,
2024_2025_2,CS116,CS116.P22,3,80156,4,1,3,1,2025-02-17,2025-06-07,B1.12,,LT,
2024_2025_2,CS231,CS231.P21,3,80027,2,1,3,1,2025-02-17,2025-06-07,B1.12,,LT,
2024_2025_2,CS231,CS231.P22,3,80033,2,6,8,1,2025-02-17,2025-06-07,B1.12,,LT,
2024_2025_2,CS523,CS523.P21,3,80158,6,6,8,1,2025-02-17,2025-06-07,B1.12,,LT,
2024_2025_2,MA004,MA004.P22,4,80094,2,1,4,1,2025-02-17,2025-06-07,B1.14,,LT,
2024_2025_2,MA004,MA004.P24,4,80093,2,6,9,1,2025-02-17,2025-06-07,B1.14,,LT,
2024_2025_2,MA004,MA004.P28,4,80241,3,6,9,1,2025-02-17,2025-06-07,B1.14,,LT,
2024_2025_2,MA004,MA004.P212,4,80094,4,6,9,1,2025-02-17,2025-06-07,B1.14,,LT,
2024_2025_2,MA004,MA004.P216,4,80241,5,6,9,1,2025-02-17,2025-06-07,B1.14,,LT,
2024_2025_2,MA004,MA004.P220,4,80093,6,6,9,1,2025-02-17,2025-06-07,B1.14,,LT,
2024_2025_2,SS004,SS004.P21,2,80237,3,1,3,1,2025-02-17,2025-05-03,B1.14,,LT,
2024_2025_2,SS004,SS004.P25,2,80234,5,1,3,1,2025-02-17,2025-05-03,B1.14,,LT,
2024_2025_2,SS004,SS004.P27,2,80232,6,1,3,1,2025-02-17,2025-05-03,B1.14,,LT,
2024_2025_2,SS004,SS004.P29,2,80231,7,6,8,1,2025-02-17,2025-05-03,B1.14,,LT,
2024_2025_2,SS006,SS006.P28,2,80092,7,1,2,1,2025-02-17,2025-06-07,B1.14,,LT,
2024_2025_2,CE126,CE126.P21,3,80053,4,1,4,1,2025-02-17,2025-05-10,B1.14,,LT,
2024_2025_2,IT004,IT004.P21,3,80110,3,6,9,1,2025-02-17,2025-05-10,B1.16,,LT,
2024_2025_2,MA004,MA004.P21,4,80239,2,1,4,1,2025-02-17,2025-06-07,B1.16,,LT,
2024_2025_2,MA004,MA004.P25,4,80242,3,1,4,1,2025-02-17,2025-06-07,B1.16,,LT,
2024_2025_2,MA004,MA004.P219,4,80094,6,6,9,1,2025-02-17,2025-06-07,B1.16,,LT,
2024_2025_2,MA004,MA004.P223,4,80239,4,1,4,1,2025-02-17,2025-06-07,B1.16,,LT,
2024_2025_2,MA004,MA004.P224,4,80094,2,6,9,1,2025-02-17,2025-06-07,B1.16,,LT,
2024_2025_2,MA004,MA004.P225,4,80242,5,1,4,1,2025-02-17,2025-06-07,B1.16,,LT,
2024_2025_2,MA005,MA005.P219,3,80239,6,1,4,1,2025-02-17,2025-05-10,B1.16,,LT,
2024_2025_2,IE103,IE103.P21,3,80075,4,6,9,1,2025-02-17,2025-05-10,B1.16,,LT,
2024_2025_2,NT334,NT334.P21.ANTT,2,80056,5,6,8,1,2025-02-17,2025-05-03,B1.16,,LT,
2024_2025_2,MA005,MA005.P221,3,80242,7,6,9,1,2025-02-17,2025-05-10,B1.16,,LT,
2024_2025_2,MA004,MA004.P23,4,80239,2,6,9,1,2025-02-17,2025-06-07,B1.18,,LT,
2024_2025_2,MA004,MA004.P27,4,80242,3,6,9,1,2025-02-17,2025-06-07,B1.18,,LT,
2024_2025_2,MA004,MA004.P29,4,80240,4,1,4,1,2025-02-17,2025-06-07,B1.18,,LT,
2024_2025_2,MA004,MA004.P211,4,80239,4,6,9,1,2025-02-17,2025-06-07,B1.18,,LT,
2024_2025_2,MA004,MA004.P213,4,80093,5,1,4,1,2025-02-17,2025-06-07,B1.18,,LT,
2024_2025_2,MA004,MA004.P217,4,80240,6,1,4,1,2025-02-17,2025-06-07,B1.18,,LT,
2024_2025_2,MA005,MA005.P220,3,80093,7,6,9,1,2025-02-17,2025-05-10,B1.18,,LT,
2024_2025_2,MA006,MA006.P21,4,80240,7,1,4,1,2025-02-17,2025-06-07,B1.18,,LT,
2024_2025_2,SS004,SS004.P22,2,80089,3,3,5,1,2025-02-17,2025-05-03,B1.18,,LT,
2024_2025_2,NT132,NT132.P21,3,80062,2,1,3,1,2025-02-17,2025-06-07,B1.18,,LT,
2024_2025_2,NT219,NT219.P22.ANTT,2,80184,2,4,5,1,2025-02-17,2025-06-07,B1.18,,LT,
2024_2025_2,NT208,NT208.P23.ANTT,2,80057,5,6,8,1,2025-02-17,2025-05-03,B1.18,,LT,
2024_2025_2,IT002,IT002.P21,3,80083,2,1,3,1,2025-02-17,2025-06-07,B1.20,,LT,
2024_2025_2,IT002,IT002.P22,3,80222,2,6,8,1,2025-02-17,2025-06-07,B1.20,,LT,
2024_2025_2,IT002,IT002.P25,3,80229,3,1,3,1,2025-02-17,2025-06-07,B1.20,,LT,
2024_2025_2,IT002,IT002.P26,3,80085,3,6,8,1,2025-02-17,2025-06-07,B1.20,,LT,
2024_2025_2,IT002,IT002.P210,3,80080,4,6,8,1,2025-02-17,2025-06-07,B1.20,,LT,
2024_2025_2,IT002,IT002.P213,3,80219,5,1,3,1,2025-02-17,2025-06-07,B1.20,,LT,
2024_2025_2,IT002,IT002.P214,3,80228,5,6,8,1,2025-02-17,2025-06-07,B1.20,,LT,
2024_2025_2,IT002,IT002.P217,3,80222,6,3,5,1,2025-02-17,2025-06-07,B1.20,,LT,
2024_2025_2,IT002,IT002.P218,3,80223,6,6,8,1,2025-02-17,2025-06-07,B1.20,,LT,
2024_2025_2,IT002,IT002.P221,3,80229,7,1,3,1,2025-02-17,2025-06-07,B1.20,,LT,
2024_2025_2,CE103,CE103.P21,3,80054,4,1,4,1,2025-02-17,2025-05-10,B1.20,,LT,
2024_2025_2,IT002,IT002.P23,3,80084,2,1,3,1,2025-02-17,2025-06-07,B1.22,,LT,
2024_2025_2,IT002,IT002.P24,3,80223,2,6,8,1,2025-02-17,2025-06-07,B1.22,,LT,
2024_2025_2,IT002,IT002.P27,3,80230,3,1,3,1,2025-02-17,2025-06-07,B1.22,,LT,
2024_2025_2,IT002,IT002.P28,3,80086,3,6,8,1,2025-02-17,2025-06-07,B1.22,,LT,
2024_2025_2,IT002,IT002.P211,3,80219,4,1,3,1,2025-02-17,2025-06-07,B1.22,,LT,
2024_2025_2,IT002,IT002.P212,3,80081,4,6,8,1,2025-02-17,2025-06-07,B1.22,,LT,
2024_2025_2,IT002,IT002.P215,3,80220,5,1,3,1,2025-02-17,2025-06-07,B1.22,,LT,
2024_2025_2,IT002,IT002.P216,3,80229,5,6,8,1,2025-02-17,2025-06-07,B1.22,,LT,
2024_2025_2,IT002,IT002.P219,3,80083,6,1,3,1,2025-02-17,2025-06-07,B1.22,,LT,
2024_2025_2,IT002,IT002.P220,3,80224,6,6,8,1,2025-02-17,2025-06-07,B1.22,,LT,
2024_2025_2,MA003,MA003.P21,3,80094,7,6,9,1,2025-02-17,2025-05-10,B1.22,,LT,
2024_2025_2,IT012,IT012.P25,3,80048,7,1,4,1,2025-02-17,2025-05-10,B1.22,,LT,
2024_2025_2,NT548,NT548.P21,3,80193,3,1,3,1,2025-02-17,2025-06-07,B3.10,,LT,
2024_2025_2,SE101,SE101.P23,3,80220,4,1,3,1,2025-02-17,2025-05-10,B3.10,,LT,TC CS ngành
2024_2025_2,SE114,SE114.P21,2,80221,5,1,4,1,2025-02-17,2025-04-12,B3.10,,LT,TC CS ngành
2024_2025_2,SE358,SE358.P21,3,80085,2,1,4,1,2025-02-17,2025-05-10,B3.10,,LT,Môn chuyên ngành được dạy bằng tiếng Anh
2024_2025_2,SE109,SE109.P21,3,80084,6,1,4,1,2025-02-17,2025-05-10,B3.10,,LT,Tự chọn CN
2024_2025_2,SE101,SE101.P21,3,80086,2,1,3,1,2025-02-17,2025-05-10,B3.12,,LT,TC CS ngành
2024_2025_2,SE101,SE101.P22,3,80079,3,1,3,1,2025-02-17,2025-05-10,B3.12,,LT,TC CS ngành
2024_2025_2,SE102,SE102.P21,2,80230,7,1,4,1,2025-02-17,2025-04-12,B3.12,,LT,TC CS ngành
2024_2025_2,SE102,SE102.P22,2,80087,3,6,9,1,2025-02-17,2025-04-12,B3.12,,LT,TC CS ngành
2024_2025_2,SE330,SE330.P21,3,80085,6,1,3,1,2025-02-17,2025-06-07,B3.12,,LT,Môn học giảng dạy bằng hình thức Blended-learning
2024_2025_2,SE332,SE332.P21,2,80221,4,1,4,1,2025-02-17,2025-04-12,B3.12,,LT,Tự chọn CN
2024_2025_2,SE332,SE332.P22,2,80222,4,1,4,1,2025-04-21,2025-06-14,B3.12,,LT,Tự chọn CN
2024_2025_2,SE334,SE334.P21,2,80082,4,6,9,1,2025-02-17,2025-04-12,B3.12,,LT,Tự chọn CN
2024_2025_2,SE334,SE334.P22,2,80083,4,6,9,1,2025-04-21,2025-06-14,B3.12,,LT,Tự chọn CN
2024_2025_2,SE356,SE356.P22,3,80222,5,1,4,1,2025-02-17,2025-05-10,B3.12,,LT,Tự chọn CN
2024_2025_2,SE401,SE401.P21,3,80225,6,6,8,1,2025-02-17,2025-06-07,B3.12,,LT,CĐTN
2024_2025_2,MA004,MA004.P26,4,80093,3,1,4,1,2025-02-17,2025-06-07,B3.14,,LT,
2024_2025_2,MA004,MA004.P210,4,80241,4,1,4,1,2025-02-17,2025-06-07,B3.14,,LT,
2024_2025_2,MA004,MA004.P214,4,80094,5,1,4,1,2025-02-17,2025-06-07,B3.14,,LT,
2024_2025_2,MA004,MA004.P218,4,80241,6,1,4,1,2025-02-17,2025-06-07,B3.14,,LT,
2024_2025_2,SS004,SS004.P23,2,80090,5,6,8,1,2025-02-17,2025-05-03,B3.14,,LT,
2024_2025_2,IE105,IE105.P21,3,80214,3,6,9,1,2025-02-17,2025-05-10,B3.14,,LT,
2024_2025_2,SE104,SE104.P21,3,80079,7,2,5,1,2025-02-17,2025-05-10,B3.14,,LT,
2024_2025_2,IT007,IT007.P21.CNVN,3,80043,3,6,9,1,2025-02-17,2025-05-10,B3.16,,LT,
2024_2025_2,IT006,IT006.P24,3,80179,6,6,9,1,2025-02-17,2025-05-10,B3.16,,LT,
2024_2025_2,IT007,IT007.P23,3,80176,3,1,4,1,2025-02-17,2025-05-10,B3.16,,LT,
2024_2025_2,IT007,IT007.P25,3,80161,4,1,4,1,2025-02-17,2025-05-10,B3.16,,LT,
2024_2025_2,IT007,IT007.P26,3,80171,4,6,9,1,2025-02-17,2025-05-10,B3.16,,LT,
2024_2025_2,IT007,IT007.P28,3,80043,5,1,4,1,2025-02-17,2025-05-10,B3.16,,LT,Môn học giảng dạy bằng hình thức Blended-learning
2024_2025_2,IT007,IT007.P29,3,80169,6,1,4,1,2025-02-17,2025-05-10,B3.16,,LT,
2024_2025_2,MA005,MA005.P21,3,80240,2,1,4,1,2025-02-17,2025-05-10,B3.16,,LT,
2024_2025_2,MA005,MA005.P22,3,80240,2,6,9,1,2025-02-17,2025-05-10,B3.16,,LT,
2024_2025_2,IT006,IT006.P22,3,80172,4,6,9,1,2025-02-17,2025-05-10,B3.18,,LT,Môn học giảng dạy bằng hình thức Blended-learning
2024_2025_2,IT006,IT006.P23,3,80044,5,1,4,1,2025-02-17,2025-05-10,B3.18,,LT,
2024_2025_2,IT007,IT007.P22,3,80165,2,6,9,1,2025-02-17,2025-05-10,B3.18,,LT,
2024_2025_2,IT012,IT012.P22,3,80180,6,6,9,1,2025-02-17,2025-05-10,B3.18,,LT,
2024_2025_2,MA005,MA005.P24,3,80094,3,1,4,1,2025-02-17,2025-05-10,B3.18,,LT,
2024_2025_2,MA005,MA005.P25,3,80093,3,6,9,1,2025-02-17,2025-05-10,B3.18,,LT,
2024_2025_2,SS004,SS004.P24,2,80088,4,3,5,1,2025-02-17,2025-05-03,B3.18,,LT,
2024_2025_2,NT118,NT118.P21,2,80190,6,2,3,1,2025-02-17,2025-06-07,B3.18,,LT,
2024_2025_2,IS207,IS207.P21,3,80009,2,1,4,1,2025-02-17,2025-05-10,B3.18,,LT,
2024_2025_2,IT007,IT007.P210,3,80181,6,6,9,1,2025-02-17,2025-05-10,B3.20,,LT,
2024_2025_2,IT012,IT012.P21,3,80170,6,1,4,1,2025-02-17,2025-05-10,B3.20,,LT,
2024_2025_2,IT012,IT012.P23,3,80049,7,1,4,1,2025-02-17,2025-05-10,B3.20,,LT,
2024_2025_2,IT012,IT012.P24,3,80045,5,1,4,1,2025-02-17,2025-05-10,B3.20,,LT,
2024_2025_2,MA005,MA005.P28,3,80242,4,1,4,1,2025-02-17,2025-05-10,B3.20,,LT,
2024_2025_2,MA005,MA005.P29,3,80240,4,6,9,1,2025-02-17,2025-05-10,B3.20,,LT,
2024_2025_2,PH002,PH002.P21,3,80047,2,1,4,1,2025-02-17,2025-05-10,B3.20,,LT,
2024_2025_2,PH002,PH002.P22,3,80166,2,6,9,1,2025-02-17,2025-05-10,B3.20,,LT,
2024_2025_2,PH002,PH002.P23,3,80044,3,6,9,1,2025-02-17,2025-05-10,B3.20,,LT,
2024_2025_2,DS108,DS108.P21,3,80210,3,1,4,1,2025-02-17,2025-05-10,B3.20,,LT,
2024_2025_2,IT003,IT003.P21,3,80028,2,1,3,1,2025-02-17,2025-06-07,B3.22,,LT,
2024_2025_2,IT003,IT003.P22,3,80034,2,6,8,1,2025-02-17,2025-06-07,B3.22,,LT,
2024_2025_2,IT003,IT003.P25,3,80135,3,1,3,1,2025-02-17,2025-06-07,B3.22,,LT,
2024_2025_2,IT003,IT003.P26,3,80146,3,6,8,1,2025-02-17,2025-06-07,B3.22,,LT,
2024_2025_2,IT003,IT003.P28,3,80157,4,1,3,1,2025-02-17,2025-06-07,B3.22,,LT,
2024_2025_2,IT003,IT003.P29,3,80028,4,6,8,1,2025-02-17,2025-06-07,B3.22,,LT,
2024_2025_2,IT003,IT003.P212,3,80039,5,1,3,1,2025-02-17,2025-06-07,B3.22,,LT,
2024_2025_2,IT003,IT003.P213,3,80144,5,6,8,1,2025-02-17,2025-06-07,B3.22,,LT,
2024_2025_2,IT003,IT003.P217,3,80154,6,1,3,1,2025-02-17,2025-06-07,B3.22,,LT,
2024_2025_2,TLH025,TLH025.P23,3,80088,6,6,9,1,2025-02-17,2025-05-10,B3.22,,LT,
2024_2025_2,NT113,NT113.P21,2,80199,5,4,5,1,2025-02-17,2025-06-07,B4.10,,LT,
2024_2025_2,NT538,NT538.P21,2,80061,3,4,5,1,2025-02-17,2025-06-07,B4.10,,LT,
2024_2025_2,NT132,NT132.P23,3,80194,3,1,3,1,2025-02-17,2025-06-07,B4.10,,LT,
2024_2025_2,NT105,NT105.P22,3,80186,2,6,8,1,2025-02-17,2025-06-07,B4.10,,LT,
2024_2025_2,NT105,NT105.P23,3,80058,5,6,8,1,2025-02-17,2025-06-07,B4.10,,LT,
2024_2025_2,NT105,NT105.P24,3,80194,6,6,8,1,2025-02-17,2025-06-07,B4.10,,LT,
2024_2025_2,NT208,NT208.P21.ANTT,2,80192,6,4,5,1,2025-02-17,2025-06-07,B4.10,,LT,
2024_2025_2,NT208,NT208.P22.ANTT,2,80062,4,6,8,1,2025-02-17,2025-05-03,B4.10,,LT,
2024_2025_2,DS102,DS102.P21,3,80211,5,2,5,1,2025-02-17,2025-05-10,B4.12,,LT,
2024_2025_2,CS112,CS112.P21,3,80136,3,1,3,1,2025-02-17,2025-06-07,B4.12,,LT,
2024_2025_2,CS112,CS112.P22,3,80147,3,6,8,1,2025-02-17,2025-06-07,B4.12,,LT,
2024_2025_2,CS112,CS112.P23,3,80158,4,1,3,1,2025-02-17,2025-06-07,B4.12,,LT,
2024_2025_2,CS112,CS112.P24,3,80029,4,6,8,1,2025-02-17,2025-06-07,B4.12,,LT,
2024_2025_2,CS221,CS221.P21,3,80155,6,1,3,1,2025-02-17,2025-06-07,B4.12,,LT,
2024_2025_2,CS221,CS221.P22,3,80159,6,6,8,1,2025-02-17,2025-06-07,B4.12,,LT,
2024_2025_2,SS006,SS006.P21,2,80089,2,1,2,1,2025-02-17,2025-06-07,B4.14,,LT,
2024_2025_2,SS006,SS006.P22,2,80231,2,4,5,1,2025-02-17,2025-06-07,B4.14,,LT,
2024_2025_2,SS006,SS006.P23,2,80233,2,6,7,1,2025-02-17,2025-06-07,B4.14,,LT,
2024_2025_2,SS006,SS006.P24,2,80092,3,6,7,1,2025-02-17,2025-06-07,B4.14,,LT,
2024_2025_2,SS006,SS006.P25,2,80092,4,6,7,1,2025-02-17,2025-06-07,B4.14,,LT,
2024_2025_2,SS008,SS008.P21,2,80233,6,1,2,1,2025-02-17,2025-06-07,B4.14,,LT,
2024_2025_2,SS008,SS008.P22,2,80238,6,4,5,1,2025-02-17,2025-06-07,B4.14,,LT,
2024_2025_2,SS008,SS008.P23,2,80089,6,6,7,1,2025-02-17,2025-06-07,B4.14,,LT,
2024_2025_2,SS008,SS008.P24,2,80231,6,,9,1,2025-02-17,2025-06-07,B4.14,,LT,
2024_2025_2,SS008,SS008.P25,2,80235,5,1,2,1,2025-02-17,2025-06-07,B4.14,,LT,
2024_2025_2,SS008,SS008.P26,2,80089,5,4,5,1,2025-02-17,2025-06-07,B4.14,,LT,
2024_2025_2,SS010,SS010.P21,2,80238,3,1,2,1,2025-02-17,2025-06-07,B4.14,,LT,
2024_2025_2,SS010,SS010.P22,2,80090,3,4,5,1,2025-02-17,2025-06-07,B4.14,,LT,
2024_2025_2,SS010,SS010.P23,2,80235,4,1,2,1,2025-02-17,2025-06-07,B4.14,,LT,
2024_2025_2,SS010,SS010.P24,2,80089,4,4,5,1,2025-02-17,2025-06-07,B4.14,,LT,
2024_2025_2,SS010,SS010.P25,2,80091,5,6,7,1,2025-02-17,2025-06-07,B4.14,,LT,
2024_2025_2,SS010,SS010.P26,2,80233,5,,9,1,2025-02-17,2025-06-07,B4.14,,LT,
2024_2025_2,IT010,IT010.P21,2,80162,4,1,4,1,2025-02-17,2025-04-12,B4.16,,LT,
2024_2025_2,MA005,MA005.P212,3,80239,5,1,4,1,2025-02-17,2025-05-10,B4.16,,LT,
2024_2025_2,MA005,MA005.P213,3,80242,5,6,9,1,2025-02-17,2025-05-10,B4.16,,LT,
2024_2025_2,NT522,NT522.P21.ANTT,2,80193,6,4,5,1,2025-02-17,2025-06-07,B4.16,,LT,
2024_2025_2,IT006,IT006.P21,3,80048,2,1,4,1,2025-02-17,2025-05-10,B4.18,,LT,
2024_2025_2,MA004,MA004.P221,4,80241,7,1,4,1,2025-02-17,2025-06-07,B4.18,,LT,
2024_2025_2,MA004,MA004.P222,4,80239,3,1,4,1,2025-02-17,2025-06-07,B4.18,,LT,
2024_2025_2,MA005,MA005.P214,3,80240,5,1,4,1,2025-02-17,2025-05-10,B4.18,,LT,
2024_2025_2,MA005,MA005.P215,3,80093,5,6,9,1,2025-02-17,2025-05-10,B4.18,,LT,
2024_2025_2,MA005,MA005.P216,3,80239,6,6,9,1,2025-02-17,2025-05-10,B4.18,,LT,
2024_2025_2,MA005,MA005.P218,3,80242,6,1,4,1,2025-02-17,2025-05-10,B4.18,,LT,
2024_2025_2,CS313,CS313.P22,3,80148,3,6,9,1,2025-02-17,2025-05-10,B4.18,,LT,
2024_2025_2,NT219,NT219.P21.ANTT,2,80059,4,4,5,1,2025-02-17,2025-06-07,B4.18,,LT,
2024_2025_2,IT002,IT002.P22.TTNT,3,80223,4,1,3,1,2025-02-17,2025-06-07,B4.18,,LT,
2024_2025_2,MA004,MA004.P215,4,80094,5,6,9,1,2025-02-17,2025-06-07,B4.20,,LT,
2024_2025_2,TLH025,TLH025.P22,3,80236,4,1,4,1,2025-02-17,2025-05-10,B4.20,,LT,
2024_2025_2,MM003,MM003.P22,2,80231,4,6,8,1,2025-02-17,2025-05-03,B4.20,,LT,
2024_2025_2,MM003,MM003.P23,2,80236,5,1,3,1,2025-02-17,2025-05-03,B4.20,,LT,
2024_2025_2,DS200,DS200.P21,3,80075,2,6,9,1,2025-02-17,2025-05-10,B4.20,,LT,
2024_2025_2,SE114,SE114.P22,2,80086,6,1,4,1,2025-02-17,2025-04-12,B4.20,,LT,TC CS ngành
2024_2025_2,SE114,SE114.P23,2,80087,6,1,4,1,2025-04-21,2025-06-14,B4.20,,LT,TC CS ngành
2024_2025_2,SE330,SE330.P22,3,80226,6,6,9,1,2025-02-17,2025-05-10,B4.20,,LT,Tự chọn CN
2024_2025_2,MM214,MM214.P21,3,80231,3,6,9,1,2025-02-17,2025-05-10,B4.20,,LT,
2024_2025_2,IT005,IT005.P21,3,80195,3,1,3,1,2025-02-17,2025-06-07,B4.22,,LT,
2024_2025_2,IT006,IT006.P25,3,80163,4,1,4,1,2025-02-17,2025-05-10,B4.22,,LT,Môn học giảng dạy bằng hình thức Blended-learning
2024_2025_2,MA005,MA005.P23,3,80241,2,1,4,1,2025-02-17,2025-05-10,B4.22,,LT,
2024_2025_2,MA005,MA005.P217,3,80241,2,6,9,1,2025-02-17,2025-05-10,B4.22,,LT,
2024_2025_2,PH002,PH002.P24,3,80050,7,1,4,1,2025-02-17,2025-05-10,B4.22,,LT,
2024_2025_2,SS004,SS004.P26,2,80088,5,3,5,1,2025-02-17,2025-05-03,B4.22,,LT,
2024_2025_2,SS004,SS004.P28,2,80237,6,3,5,1,2025-02-17,2025-05-03,B4.22,,LT,
2024_2025_2,IS208,IS208.P21,3,80109,7,6,9,1,2025-02-17,2025-05-10,B4.22,,LT,
2024_2025_2,SE104,SE104.P22,3,80230,6,,9,1,2025-02-17,2025-05-10,B4.22,,LT,
2024_2025_2,SE104,SE104.P25,3,80084,4,6,9,1,2025-02-17,2025-05-10,B4.22,,LT,
2024_2025_2,MA005,MA005.P26,3,80240,3,1,4,1,2025-02-17,2025-05-10,B5.10,,LT,
2024_2025_2,MA005,MA005.P27,3,80094,3,6,9,1,2025-02-17,2025-05-10,B5.10,,LT,
2024_2025_2,CE232,CE232.P21,3,80171,6,1,4,1,2025-02-17,2025-05-10,B5.10,,LT,
2024_2025_2,NT536,NT536.P21,2,80189,5,1,3,1,2025-02-17,2025-05-03,B5.10,,LT,
2024_2025_2,NT105,NT105.P21,3,80063,4,6,8,1,2025-02-17,2025-06-07,B5.10,,LT,
2024_2025_2,NT230,NT230.P21.ANTT,2,80058,4,2,3,1,2025-02-17,2025-06-07,B5.10,,LT,
2024_2025_2,NT204,NT204.P21.ANTT,2,80200,5,4,5,1,2025-02-17,2025-06-07,B5.10,,LT,
2024_2025_2,NT106,NT106.P21.ANTT,2,80187,2,6,8,1,2025-02-17,2025-06-07,B5.10,,LT,
2024_2025_2,SE356,SE356.P21,3,80087,2,1,4,1,2025-02-17,2025-05-10,B5.10,,LT,Tự chọn CN
2024_2025_2,MA005,MA005.P210,3,80093,4,1,4,1,2025-02-17,2025-05-10,B5.12,,LT,
2024_2025_2,MA005,MA005.P211,3,80241,4,6,9,1,2025-02-17,2025-05-10,B5.12,,LT,
2024_2025_2,CE410,CE410.P21,3,80045,3,6,9,1,2025-02-17,2025-05-10,B5.12,,LT,môn CĐTN
2024_2025_2,CE222,CE222.P21,3,80049,2,1,4,1,2025-02-17,2025-05-10,B5.12,,LT,"Học lại, cải thiện"
2024_2025_2,CE213,CE213.P23,3,80167,2,6,9,1,2025-02-17,2025-05-10,B5.12,,LT,
2024_2025_2,CE103,CE103.P23,3,80046,5,1,4,1,2025-02-17,2025-05-10,B5.12,,LT,
2024_2025_2,CE103,CE103.P24,3,80054,5,6,9,1,2025-02-17,2025-05-10,B5.12,,LT,
2024_2025_2,SE400,SE400.P21,4,80217,6,1,4,1,2025-02-17,2025-06-07,B5.12,,LT,CĐTN
2024_2025_2,SS003,SS003.P21,2,80090,2,1,2,1,2025-02-17,2025-06-07,B5.14,,LT,
2024_2025_2,SS003,SS003.P22,2,80232,2,4,5,1,2025-02-17,2025-06-07,B5.14,,LT,
2024_2025_2,SS003,SS003.P23,2,80088,3,1,2,1,2025-02-17,2025-06-07,B5.14,,LT,
2024_2025_2,SS003,SS003.P24,2,80091,3,4,5,1,2025-02-17,2025-06-07,B5.14,,LT,
2024_2025_2,SS003,SS003.P25,2,80237,4,1,2,1,2025-02-17,2025-06-07,B5.14,,LT,
2024_2025_2,SS003,SS003.P26,2,80090,4,4,5,1,2025-02-17,2025-06-07,B5.14,,LT,
2024_2025_2,SS009,SS009.P21,2,80234,2,6,7,1,2025-02-17,2025-06-07,B5.14,,LT,
2024_2025_2,SS009,SS009.P22,2,80088,2,,9,1,2025-02-17,2025-06-07,B5.14,,LT,
2024_2025_2,SS009,SS009.P23,2,80232,3,6,7,1,2025-02-17,2025-06-07,B5.14,,LT,
2024_2025_2,SS009,SS009.P24,2,80236,3,,9,1,2025-02-17,2025-06-07,B5.14,,LT,
2024_2025_2,SS009,SS009.P25,2,80232,4,6,7,1,2025-02-17,2025-06-07,B5.14,,LT,
2024_2025_2,SS009,SS009.P26,2,80233,4,,9,1,2025-02-17,2025-06-07,B5.14,,LT,
2024_2025_2,SS006,SS006.P26,2,80237,5,1,2,1,2025-02-17,2025-06-07,B5.14,,LT,
2024_2025_2,SS006,SS006.P27,2,80090,6,6,7,1,2025-02-17,2025-06-07,B5.14,,LT,
2024_2025_2,NT531,NT531.P21,2,80194,4,1,3,1,2025-02-17,2025-05-03,B6.02,,LT,
2024_2025_2,EC201,EC201.P21,3,80020,3,1,4,1,2025-02-17,2025-05-10,B6.02,,LT,
2024_2025_2,IE106,IE106.P22.CNVN,3,80209,5,1,4,1,2025-02-17,2025-05-10,B6.04,,LT,
2024_2025_2,IE108,IE108.P21.CNVN,3,80076,2,6,9,1,2025-02-17,2025-05-10,B6.04,,LT,
2024_2025_2,SE346,SE346.P21,3,80080,3,1,4,1,2025-02-17,2025-05-10,B6.04,,LT,Tự chọn CN
2024_2025_2,SE405,SE405.P21,3,80224,4,1,4,1,2025-02-17,2025-05-10,B6.04,,LT,CĐTN
2024_2025_2,TLH025,TLH025.P21,3,80234,6,1,4,1,2025-02-17,2025-05-10,B6.06,,LT,
2024_2025_2,BUS1125,BUS1125.P21,3,80238,4,1,4,1,2025-02-17,2025-05-10,B6.06,,LT,Môn học giảng dạy bằng hình thức Blended-learning
2024_2025_2,IE229,IE229.P21.CNVN,3,80069,2,1,3,1,2025-02-17,2025-06-07,B6.06,,LT,
2024_2025_2,NT106,NT106.P22.ANTT,2,80064,3,6,8,1,2025-02-17,2025-05-03,B6.06,,LT,
2024_2025_2,IS210,IS210.P21,3,80014,2,6,9,1,2025-02-17,2025-05-10,B6.06,,LT,
2024_2025_2,EC001,EC001.P22,4,80127,5,,9,1,2025-02-17,2025-05-17,B6.06,,LT,
2024_2025_2,SE104,SE104.P23,3,80223,5,1,4,1,2025-02-17,2025-05-10,B6.06,,LT,
2024_2025_2,CS116,CS116.P21,3,80137,3,1,3,1,2025-02-17,2025-06-07,B6.06,,LT,
2024_2025_2,CS431,CS431.P22,2,80030,4,6,8,1,2025-02-17,2025-04-26,B6.06,,LT,
2024_2025_2,IT003,IT003.P23,3,80029,2,1,3,1,2025-02-17,2025-06-07,B6.08,,LT,
2024_2025_2,IT003,IT003.P27,3,80138,3,1,3,1,2025-02-17,2025-06-07,B6.08,,LT,
2024_2025_2,IT003,IT003.P210,3,80159,4,1,3,1,2025-02-17,2025-06-07,B6.08,,LT,
2024_2025_2,IT003,IT003.P211,3,80031,4,6,8,1,2025-02-17,2025-06-07,B6.08,,LT,
2024_2025_2,IT003,IT003.P214,3,80149,3,6,8,1,2025-02-17,2025-06-07,B6.08,,LT,
2024_2025_2,IT003,IT003.P215,3,80040,5,1,3,1,2025-02-17,2025-06-07,B6.08,,LT,
2024_2025_2,IT003,IT003.P216,3,80145,5,6,8,1,2025-02-17,2025-06-07,B6.08,,LT,
2024_2025_2,NT533,NT533.P21,2,80185,2,4,5,1,2025-02-17,2025-06-07,B6.08,,LT,
2024_2025_2,NT532,NT532.P21,2,80060,4,4,5,1,2025-02-17,2025-06-07,B6.08,,LT,
2024_2025_2,IS207,IS207.P22,3,80017,6,1,4,1,2025-02-17,2025-05-10,B6.08,,LT,
2024_2025_2,IT005,IT005.P22,3,80065,3,6,8,1,2025-02-17,2025-06-07,B6.10,,LT,
2024_2025_2,IT005,IT005.P23,3,80195,4,1,3,1,2025-02-17,2025-06-07,B6.10,,LT,
2024_2025_2,IT005,IT005.P24,3,80064,4,6,8,1,2025-02-17,2025-06-07,B6.10,,LT,
2024_2025_2,IT005,IT005.P25,3,80190,5,1,3,1,2025-02-17,2025-06-07,B6.10,,LT,
2024_2025_2,IE303,IE303.P22,3,80077,2,6,9,1,2025-02-17,2025-05-10,B6.10,,LT,
2024_2025_2,IE403,IE403.P21,3,80070,7,1,4,1,2025-02-17,2025-05-10,B6.10,,LT,
2024_2025_2,DS107,DS107.P21,3,80072,7,6,9,1,2025-02-17,2025-05-10,B6.10,,LT,
2024_2025_2,CS117,CS117.P22,3,80146,5,6,8,1,2025-02-17,2025-06-07,B6.10,,LT,
2024_2025_2,SS007,SS007.P21,3,80091,2,1,3,1,2025-02-17,2025-06-07,B6.12,,LT,
2024_2025_2,SS007,SS007.P22,3,80235,2,6,8,1,2025-02-17,2025-06-07,B6.12,,LT,
2024_2025_2,SS007,SS007.P23,3,80238,5,1,3,1,2025-02-17,2025-06-07,B6.12,,LT,
2024_2025_2,SS007,SS007.P24,3,80092,5,6,8,1,2025-02-17,2025-06-07,B6.12,,LT,
2024_2025_2,SS007,SS007.P25,3,80235,6,1,3,1,2025-02-17,2025-06-07,B6.12,,LT,
2024_2025_2,SS007,SS007.P26,3,80091,6,6,8,1,2025-02-17,2025-06-07,B6.12,,LT,
2024_2025_2,EC001,EC001.P21,4,80017,3,,9,1,2025-02-17,2025-05-17,B6.12,,LT,
2024_2025_2,IS402,IS402.P21,3,80104,7,1,4,1,2025-02-17,2025-05-10,B7.04,,LT,Môn chuyên đề tốt nghiệp
2024_2025_2,IS220,IS220.P21,3,80116,4,1,4,1,2025-02-17,2025-05-10,B7.04,,LT,
2024_2025_2,IS216,IS216.P21,3,80010,2,1,4,1,2025-02-17,2025-05-10,B7.04,,LT,
2024_2025_2,IS216,IS216.P22,3,80021,3,1,4,1,2025-02-17,2025-05-10,B7.04,,LT,
2024_2025_2,IS216,IS216.P23,3,80018,6,1,4,1,2025-02-17,2025-05-10,B7.04,,LT,
2024_2025_2,EC101,EC101.P22,3,80124,4,6,9,1,2025-02-17,2025-05-10,B7.04,,LT,
2024_2025_2,CS114,CS114.P21,3,80134,5,1,3,1,2025-02-17,2025-06-07,B7.04,,LT,
2024_2025_2,IS405,IS405.P21,3,80011,2,1,4,1,2025-02-17,2025-05-10,B7.06,,LT,Môn chuyên đề tốt nghiệp
2024_2025_2,IS211,IS211.P21,3,80022,3,1,4,1,2025-02-17,2025-05-10,B7.06,,LT,
2024_2025_2,IS403,IS403.P21,3,80015,2,6,9,1,2025-02-17,2025-05-10,B7.06,,LT,
2024_2025_2,IS403,IS403.P22,3,80111,3,6,9,1,2025-02-17,2025-05-10,B7.06,,LT,
2024_2025_2,IS403,IS403.P23,3,80117,4,1,4,1,2025-02-17,2025-05-10,B7.06,,LT,
2024_2025_2,IS201,IS201.P22,3,80130,5,1,4,1,2025-02-17,2025-05-10,B7.06,,LT,
2024_2025_2,IS201,IS201.P23,3,80125,4,6,9,1,2025-02-17,2025-05-10,B7.06,,LT,
2024_2025_2,IS208,IS208.P22,3,80005,5,6,9,1,2025-02-17,2025-05-10,B7.06,,LT,
2024_2025_2,IS211,IS211.P22,3,80019,6,1,4,1,2025-02-17,2025-05-10,B7.06,,LT,
2024_2025_2,NT131,NT131.P21,3,80186,6,1,3,1,2025-02-17,2025-06-07,C101,,LT,
2024_2025_2,NT131,NT131.P22,3,80196,4,1,3,1,2025-02-17,2025-06-07,C101,,LT,
2024_2025_2,NT131,NT131.P23,3,80188,2,6,8,1,2025-02-17,2025-06-07,C101,,LT,
2024_2025_2,NT131,NT131.P24,3,80066,3,6,8,1,2025-02-17,2025-06-07,C101,,LT,
2024_2025_2,IS405,IS405.P22,3,80102,6,6,9,1,2025-02-17,2025-05-10,C102,,LT,Môn K17/chuyên đề tốt nghiệp
2024_2025_2,EC208,EC208.P22,3,80101,3,1,4,1,2025-02-17,2025-05-10,C108,,LT,
2024_2025_2,NT207,NT207.P21.ANTT,2,80059,3,2,4,1,2025-02-17,2025-05-03,C201,,LT,
2024_2025_2,IS252,IS252.P21,3,80006,5,6,9,1,2025-02-17,2025-05-10,C201,,LT,
2024_2025_2,NT539,NT539.P21,3,80067,3,6,8,1,2025-02-17,2025-06-07,C202,,LT,
2024_2025_2,NT113,NT113.P22,2,80062,3,4,5,1,2025-02-17,2025-06-07,C202,,LT,
2024_2025_2,NT101,NT101.P21,3,80059,5,6,8,1,2025-02-17,2025-06-07,C202,,LT,
2024_2025_2,NT230,NT230.P22.ANTT,2,80198,5,2,3,1,2025-02-17,2025-06-07,C202,,LT,
2024_2025_2,NT204,NT204.P22.ANTT,2,80191,6,2,3,1,2025-02-17,2025-06-07,C202,,LT,
2024_2025_2,NT205,NT205.P21.ANTT,2,80182,2,2,4,1,2025-02-17,2025-05-03,C202,,LT,
2024_2025_2,CS106,CS106.P23,3,80139,3,1,3,1,2025-02-17,2025-06-07,C206,,LT,Lớp dành cho ngành Trí tuệ nhân tạo
2024_2025_2,CS321,CS321.P21,3,80147,5,6,8,1,2025-02-17,2025-06-07,C206,,LT,
2024_2025_2,CS112,CS112.P25,3,80035,2,6,8,1,2025-02-17,2025-06-07,C206,,LT,Lớp dành cho ngành Trí tuệ nhân tạo
2024_2025_2,CS114,CS114.P23,3,80032,4,6,8,1,2025-02-17,2025-06-07,C206,,LT,Lớp dành cho ngành Trí tuệ nhân tạo
2024_2025_2,CE118,CE118.P21,3,80052,5,2,5,1,2025-02-17,2025-05-10,C214,,LT,"Học lại, cải thiện"
2024_2025_2,CE213,CE213.P21,3,80178,6,2,5,1,2025-02-17,2025-05-10,C214,,LT,
2024_2025_2,CE213,CE213.P22,3,80173,4,6,9,1,2025-02-17,2025-05-10,C214,,LT,
2024_2025_2,CE122,CE122.P21,3,80168,2,6,9,1,2025-02-17,2025-05-10,C214,,LT,
2024_2025_2,CE122,CE122.P22,3,80050,2,1,4,1,2025-02-17,2025-05-10,C214,,LT,
2024_2025_2,CE122,CE122.P23,3,80177,3,1,4,1,2025-02-17,2025-05-10,C214,,LT,
2024_2025_2,CE122,CE122.P24,3,80046,3,6,9,1,2025-02-17,2025-05-10,C214,,LT,
2024_2025_2,IS405,IS405.P23,3,80007,5,6,9,1,2025-02-17,2025-05-10,C214,,LT,Môn K17/chuyên đề tốt nghiệp
2024_2025_2,IS210,IS210.P22,3,80103,6,6,9,1,2025-02-17,2025-05-10,C214,,LT,
2024_2025_2,EC214,EC214.P21,3,80108,3,2,5,1,2025-02-17,2025-05-10,C216,,LT,Tự chọn
2024_2025_2,EC402,EC402.P21,3,80020,6,1,4,1,2025-02-17,2025-05-10,C301,,LT,
2024_2025_2,IS403,IS403.P24,3,80102,3,1,4,1,2025-02-17,2025-05-10,C301,,LT,
2024_2025_2,IS336,IS336.P21,3,80118,4,1,4,1,2025-02-17,2025-05-10,C301,,LT,
2024_2025_2,EC403,EC403.P21,3,80112,3,6,9,1,2025-02-17,2025-05-10,C301,,LT,Chuyên đề
2024_2025_2,EC403,EC403.P22,3,80008,5,6,9,1,2025-02-17,2025-05-10,C301,,LT,Chuyên đề
2024_2025_2,EC229,EC229.P22,2,80016,2,6,8,1,2025-02-17,2025-05-03,C301,,LT,
2024_2025_2,SE104,SE104.P28,3,80217,2,1,3,1,2025-02-17,2025-06-07,C302,,LT,Lớp dành cho SV khoa KHMT
2024_2025_2,SE104,SE104.P29,3,80224,2,6,8,1,2025-02-17,2025-06-07,C302,,LT,Lớp dành cho SV khoa KHMT
2024_2025_2,CS105,CS105.P21,3,80135,5,1,3,1,2025-02-17,2025-06-07,C302,,LT,
2024_2025_2,CS105,CS105.P22,3,80148,5,6,8,1,2025-02-17,2025-06-07,C302,,LT,
2024_2025_2,CS331,CS331.P21,3,80145,3,2,4,1,2025-02-17,2025-06-07,C302,,LT,
2024_2025_2,CS331,CS331.P22,3,80150,3,6,8,1,2025-02-17,2025-06-07,C302,,LT,
2024_2025_2,CS431,CS431.P21,2,80156,6,1,3,1,2025-02-17,2025-04-26,C302,,LT,
2024_2025_2,CS116,CS116.P23,3,80160,6,6,8,1,2025-02-17,2025-06-07,C302,,LT,
2024_2025_2,CS317,CS317.P21,3,80160,4,1,3,1,2025-02-17,2025-06-07,C302,,LT,
2024_2025_2,CS317,CS317.P22,3,80033,4,6,8,1,2025-02-17,2025-06-07,C302,,LT,
2024_2025_2,CE433,CE433.P22,3,80041,6,6,9,1,2025-02-17,2025-05-10,C305,,LT,
2024_2025_2,CE320,CE320.P21,3,80047,5,1,4,1,2025-02-17,2025-05-10,C305,,LT,
2024_2025_2,NT208,NT208.P24,2,80055,5,4,5,1,2025-02-17,2025-06-07,C308,,LT,
2024_2025_2,CS117,CS117.P21,3,80034,4,6,8,1,2025-02-17,2025-06-07,C309,,LT,
2024_2025_2,CS106,CS106.P21,3,80136,5,1,3,1,2025-02-17,2025-06-07,C309,,LT,
2024_2025_2,CS338,CS338.P21,3,80140,3,1,3,1,2025-02-17,2025-06-07,C309,,LT,
2024_2025_2,CS338,CS338.P22,3,80023,4,1,3,1,2025-02-17,2025-06-07,C309,,LT,
2024_2025_2,CS338,CS338.P23,3,80151,3,6,8,1,2025-02-17,2025-06-07,C309,,LT,
2024_2025_2,CS313,CS313.P23,3,80023,6,6,8,1,2025-02-17,2025-06-07,C309,,LT,
2024_2025_2,CS410,CS410.P21,3,80157,6,1,3,1,2025-02-17,2025-06-07,C309,,LT,
2024_2025_2,CS419,CS419.P21,3,80030,2,1,3,1,2025-02-17,2025-06-07,C309,,LT,
2024_2025_2,IS353,IS353.P21,3,80103,3,1,4,1,2025-02-17,2025-05-10,C311,,LT,Môn chuyên đề tốt nghiệp
2024_2025_2,IS211,IS211.P23,3,80126,4,6,9,1,2025-02-17,2025-05-10,C311,,LT,
2024_2025_2,IS201,IS201.P21,3,80113,3,6,9,1,2025-02-17,2025-05-10,C311,,LT,
2024_2025_2,EC101,EC101.P21,3,80119,4,1,4,1,2025-02-17,2025-05-10,C311,,LT,
2024_2025_2,EC208,EC208.P21,3,80131,5,1,4,1,2025-02-17,2025-05-10,C311,,LT,
2024_2025_2,IE303,IE303.P21,3,80215,3,6,9,1,2025-02-17,2025-05-10,C314,,LT,
2024_2025_2,DS313,DS313.P21,3,80211,3,1,4,1,2025-02-17,2025-05-10,C314,,LT,
2024_2025_2,IE204,IE204.P21,3,80070,2,1,4,1,2025-02-17,2025-05-10,C314,,LT,
2024_2025_2,IE212,IE212.P22,3,80210,5,1,4,1,2025-02-17,2025-05-10,C314,,LT,
2024_2025_2,DS304,DS304.P21,3,80212,5,6,9,1,2025-02-17,2025-05-10,C314,,LT,
2024_2025_2,NT132,NT132.P22,3,80187,6,1,3,1,2025-02-17,2025-06-07,E10.1,,LT,
2024_2025_2,EC335,EC335.P21,3,80132,5,1,4,1,2025-02-17,2025-05-10,E41,,LT,
2024_2025_2,EC335,EC335.P22,3,80009,5,6,9,1,2025-02-17,2025-05-10,E41,,LT,
2024_2025_2,ENG03,ENG03.P220,4,80096,2,4,5,1,2025-02-17,2025-05-17,E42,,LT,
2024_2025_2,ENG02,ENG02.P28,4,*,5,4,5,1,2025-02-17,2025-05-17,E43,,LT,
2024_2025_2,PE231,PE231.P24,0,*,7,1,3,1,2025-02-17,2025-06-07,*,,LT,Bóng bàn
2024_2025_2,PE231,PE231.P29,0,*,7,6,8,1,2025-02-17,2025-06-07,*,,LT,Bóng bàn
2024_2025_2,PE231,PE231.P22,0,*,7,1,3,1,2025-02-17,2025-06-07,*,,LT,Bóng chuyền
2024_2025_2,PE231,PE231.P28,0,*,7,6,8,1,2025-02-17,2025-06-07,*,,LT,Bóng chuyền
2024_2025_2,PE231,PE231.P21,0,*,7,1,3,1,2025-02-17,2025-06-07,*,,LT,Bóng đá
2024_2025_2,PE231,PE231.P27,0,*,7,6,8,1,2025-02-17,2025-06-07,*,,LT,Bóng đá
2024_2025_2,PE231,PE231.P23,0,*,7,1,3,1,2025-02-17,2025-06-07,*,,LT,Bóng rổ
2024_2025_2,PE231,PE231.P26,0,*,7,1,3,1,2025-02-17,2025-06-07,*,,LT,Võ thuật
2024_2025_2,IT007,IT007.P210.1,1,80172,6,1,5,2,2025-03-03,2025-05-17,*,,HT1,
2024_2025_2,IT007,IT007.P210.2,1,80173,6,1,5,2,2025-03-10,2025-06-07,*,,HT1,
2024_2025_2,MM003,MM003.P22.1,1,*,*,,,1,2025-02-17,2025-05-03,*,,HT2,
2024_2025_2,MM003,MM003.P23.1,1,*,*,,,1,2025-02-17,2025-05-03,*,,HT2,
2024_2025_2,CE410,CE410.P21.1,1,*,*,,,1,2025-02-17,2025-06-07,*,,HT2,môn CĐTN
2024_2025_2,IE402,IE402.P21.1,1,*,*,,,1,2025-02-24,2025-06-07,*,,HT2,
2024_2025_2,DS313,DS313.P21.1,1,*,*,,,1,2025-02-24,2025-06-07,*,,HT2,
2024_2025_2,IE204,IE204.P21.1,1,*,*,,,1,2025-02-24,2025-06-07,*,,HT2,
2024_2025_2,IE204,IE204.P22.1,1,*,*,,,1,2025-02-24,2025-06-07,*,,HT2,
2024_2025_2,IE106,IE106.P21.CNVN.1,1,*,*,,,1,2025-02-24,2025-06-07,*,,HT2,
2024_2025_2,IE106,IE106.P22.CNVN.1,1,*,*,,,1,2025-02-24,2025-06-07,*,,HT2,
2024_2025_2,IE101,IE101.P21.1,1,*,*,,,1,2025-02-24,2025-06-07,*,,HT2,
2024_2025_2,IE105,IE105.P21.1,1,*,*,,,1,2025-02-24,2025-06-07,*,,HT2,
2024_2025_2,IE101,IE101.P22.1,1,*,*,,,1,2025-02-24,2025-06-07,*,,HT2,
2024_2025_2,IE105,IE105.P22.1,1,*,*,,,1,2025-02-24,2025-06-07,*,,HT2,
2024_2025_2,DS107,DS107.P21.1,1,*,*,,,1,2025-02-24,2025-06-07,*,,HT2,
2024_2025_2,IE101,IE101.P21.CNVN.1,1,*,*,,,1,2025-02-24,2025-06-07,*,,HT2,
2024_2025_2,CS313,CS313.P22.1,1,*,*,,,1,2025-02-24,2025-06-07,*,,HT2,
2024_2025_2,IS336,IS336.P21.1,1,*,*,,,1,2025-03-03,2025-06-07,*,,HT2,
2024_2025_2,EC201,EC201.P21.1,1,*,*,,,1,2025-03-03,2025-06-07,*,,HT2,
2024_2025_2,EC201,EC201.P22.1,1,*,*,,,1,2025-03-03,2025-06-07,*,,HT2,
2024_2025_2,NT539,NT539.P21.1,1,*,*,,,1,2025-02-17,2025-06-07,*,,HT2,
2024_2025_2,NT548,NT548.P21.1,1,*,*,,,1,2025-02-17,2025-06-07,*,,HT2,
2024_2025_2,NT405,NT405.P21.1,1,*,*,,,1,2025-02-17,2025-06-07,*,,HT2,
2024_2025_2,NT121,NT121.P21.1,1,*,*,,,1,2025-02-17,2025-06-07,*,,HT2,
2024_2025_2,NT113,NT113.P21.1,1,*,*,,,1,2025-02-17,2025-06-07,*,,HT2,
2024_2025_2,NT113,NT113.P22.1,1,*,*,,,1,2025-02-17,2025-06-07,*,,HT2,
2024_2025_2,NT536,NT536.P21.1,1,*,*,,,1,2025-02-17,2025-06-07,*,,HT2,
2024_2025_2,NT538,NT538.P21.1,1,*,*,,,1,2025-02-17,2025-06-07,*,,HT2,
2024_2025_2,NT207,NT207.P21.ANTT.1,1,*,*,,,1,2025-02-17,2025-06-07,*,,HT2,
2024_2025_2,NT205,NT205.P21.ANTT.1,1,*,*,,,1,2025-02-17,2025-06-07,*,,HT2,
2024_2025_2,SE104,SE104.P21.1,1,*,*,,,1,2025-02-17,2025-06-07,*,,HT2,
2024_2025_2,SE104,SE104.P22.1,1,*,*,,,1,2025-02-17,2025-06-07,*,,HT2,
2024_2025_2,SE104,SE104.P23.1,1,*,*,,,1,2025-02-17,2025-06-07,*,,HT2,
2024_2025_2,SE104,SE104.P25.1,1,*,*,,,1,2025-02-17,2025-06-07,*,,HT2,
2024_2025_2,SE102,SE102.P21.1,1,*,*,,,1,2025-02-17,2025-04-12,*,,HT2,TC CS ngành
2024_2025_2,SE102,SE102.P22.1,1,*,*,,,1,2025-02-17,2025-04-12,*,,HT2,TC CS ngành
2024_2025_2,SE114,SE114.P21.1,1,*,*,,,1,2025-02-17,2025-04-12,*,,HT2,TC CS ngành
2024_2025_2,SE114,SE114.P22.1,1,*,*,,,1,2025-02-17,2025-04-12,*,,HT2,TC CS ngành
2024_2025_2,SE114,SE114.P23.1,1,*,*,,,1,2025-04-21,2025-06-14,*,,HT2,TC CS ngành
2024_2025_2,SE358,SE358.P21.1,1,*,*,,,1,2025-02-17,2025-06-07,*,,HT2,Môn chuyên ngành được dạy bằng tiếng Anh
2024_2025_2,SE330,SE330.P21.1,1,*,*,,,1,2025-02-17,2025-06-07,*,,HT2,Môn học giảng dạy bằng hình thức Blended-learning
2024_2025_2,SE330,SE330.P22.1,1,*,*,,,1,2025-02-17,2025-06-07,*,,HT2,Tự chọn CN
2024_2025_2,SE334,SE334.P21.1,1,*,*,,,1,2025-02-17,2025-04-12,*,,HT2,Tự chọn CN
2024_2025_2,SE334,SE334.P22.1,1,*,*,,,1,2025-04-21,2025-06-14,*,,HT2,Tự chọn CN
2024_2025_2,SE346,SE346.P21.1,1,*,*,,,1,2025-02-17,2025-06-07,*,,HT2,Tự chọn CN
2024_2025_2,SE356,SE356.P21.1,1,*,*,,,1,2025-02-17,2025-06-07,*,,HT2,Tự chọn CN
2024_2025_2,SE356,SE356.P22.1,1,*,*,,,1,2025-02-17,2025-06-07,*,,HT2,Tự chọn CN
2024_2025_2,SE104,SE104.P28.1,1,*,*,,,1,2025-02-17,2025-06-07,*,,HT2,Lớp dành cho SV khoa KHMT
2024_2025_2,SE104,SE104.P29.1,1,*,*,,,1,2025-02-17,2025-06-07,*,,HT2,Lớp dành cho SV khoa KHMT
2024_2025_2,CS112,CS112.P21.1,1,*,*,,,1,2025-02-17,2025-06-07,*,,HT2,
2024_2025_2,CS112,CS112.P22.1,1,*,*,,,1,2025-02-17,2025-06-07,*,,HT2,
2024_2025_2,CS112,CS112.P23.1,1,*,*,,,1,2025-02-17,2025-06-07,*,,HT2,
2024_2025_2,CS112,CS112.P24.1,1,*,*,,,1,2025-02-17,2025-06-07,*,,HT2,
2024_2025_2,CS116,CS116.P21.1,1,*,*,,,1,2025-02-17,2025-06-07,*,,HT2,
2024_2025_2,CS116,CS116.P22.1,1,*,*,,,1,2025-02-17,2025-06-07,*,,HT2,
2024_2025_2,CS117,CS117.P21.1,1,*,*,,,1,2025-02-17,2025-06-07,*,,HT2,
2024_2025_2,CS117,CS117.P22.1,1,*,*,,,1,2025-02-17,2025-06-07,*,,HT2,
2024_2025_2,CS106,CS106.P21.1,1,*,*,,,1,2025-02-17,2025-06-07,*,,HT2,
2024_2025_2,CS106,CS106.P23.1,1,*,*,,,1,2025-02-17,2025-06-07,*,,HT2,Lớp dành cho ngành Trí tuệ nhân tạo
2024_2025_2,CS231,CS231.P21.1,1,*,*,,,1,2025-02-17,2025-06-07,*,,HT2,
2024_2025_2,CS231,CS231.P22.1,1,*,*,,,1,2025-02-17,2025-06-07,*,,HT2,
2024_2025_2,CS114,CS114.P21.1,1,*,*,,,1,2025-02-17,2025-06-07,*,,HT2,
2024_2025_2,CS221,CS221.P21.1,1,*,*,,,1,2025-02-17,2025-06-07,*,,HT2,
2024_2025_2,CS221,CS221.P22.1,1,*,*,,,1,2025-02-17,2025-06-07,*,,HT2,
2024_2025_2,CS105,CS105.P21.1,1,*,*,,,1,2025-02-17,2025-06-07,*,,HT2,
2024_2025_2,CS105,CS105.P22.1,1,*,*,,,1,2025-02-17,2025-06-07,*,,HT2,
2024_2025_2,CS338,CS338.P21.1,1,*,*,,,1,2025-02-17,2025-06-07,*,,HT2,
2024_2025_2,CS338,CS338.P22.1,1,*,*,,,1,2025-02-17,2025-06-07,*,,HT2,
2024_2025_2,CS338,CS338.P23.1,1,*,*,,,1,2025-02-17,2025-06-07,*,,HT2,
2024_2025_2,CS313,CS313.P23.1,1,*,*,,,1,2025-02-17,2025-06-07,*,,HT2,
2024_2025_2,CS410,CS410.P21.1,1,*,*,,,1,2025-02-17,2025-06-07,*,,HT2,
2024_2025_2,CS523,CS523.P21.1,1,*,*,,,1,2025-02-17,2025-06-07,*,,HT2,
2024_2025_2,CS419,CS419.P21.1,1,*,*,,,1,2025-02-17,2025-06-07,*,,HT2,
2024_2025_2,CS331,CS331.P21.1,1,*,*,,,1,2025-02-17,2025-06-07,*,,HT2,
2024_2025_2,CS331,CS331.P22.1,1,*,*,,,1,2025-02-17,2025-06-07,*,,HT2,
2024_2025_2,CS321,CS321.P21.1,1,*,*,,,1,2025-02-17,2025-06-07,*,,HT2,
2024_2025_2,CS431,CS431.P21.1,1,*,*,,,1,2025-02-17,2025-04-26,*,,HT2,
2024_2025_2,CS112,CS112.P25.1,1,*,*,,,1,2025-02-17,2025-06-07,*,,HT2,Lớp dành cho ngành Trí tuệ nhân tạo
2024_2025_2,CS114,CS114.P23.1,1,*,*,,,1,2025-02-17,2025-06-07,*,,HT2,Lớp dành cho ngành Trí tuệ nhân tạo
2024_2025_2,CS116,CS116.P23.1,1,*,*,,,1,2025-02-17,2025-06-07,*,,HT2,
2024_2025_2,CS431,CS431.P22.1,1,*,*,,,1,2025-02-17,2025-04-26,*,,HT2,
2024_2025_2,CS317,CS317.P21.1,1,*,*,,,1,2025-02-17,2025-06-07,*,,HT2,
2024_2025_2,CS317,CS317.P22.1,1,*,*,,,1,2025-02-17,2025-06-07,*,,HT2,
2024_2025_2,IT003,IT003.P21.CNVN.1,1,80137,5,1,5,2,2025-03-03,2025-05-17,B2.02,,HT1,
2024_2025_2,IT003,IT003.P21.CNVN.2,1,80138,5,1,5,2,2025-03-10,2025-06-07,B2.02,,HT1,
2024_2025_2,CE222,CE222.P21.1,1,80041,2,,9,2,2025-03-03,2025-05-17,B2.02,,HT1,"Học lại, cải thiện"
2024_2025_2,CE222,CE222.P21.2,1,80042,2,,9,2,2025-03-10,2025-06-07,B2.02,,HT1,"Học lại, cải thiện"
2024_2025_2,IE303,IE303.P21.1,1,80215,6,1,5,2,2025-03-10,2025-06-07,B2.02,,HT1,
2024_2025_2,IE213,IE213.P22.1,1,80078,3,,9,2,2025-03-03,2025-05-17,B2.02,,HT1,
2024_2025_2,IE213,IE213.P22.2,1,80201,3,,9,2,2025-03-10,2025-06-07,B2.02,,HT1,
2024_2025_2,IE103,IE103.P21.CNVN.1,1,80213,6,,9,2,2025-03-03,2025-05-17,B2.02,,HT1,
2024_2025_2,IE103,IE103.P21.CNVN.2,1,80214,6,,9,2,2025-03-10,2025-06-07,B2.02,,HT1,
2024_2025_2,IE108,IE108.P21.1,1,80071,2,1,5,2,2025-03-03,2025-05-17,B2.02,,HT1,
2024_2025_2,IE108,IE108.P21.2,1,80072,2,1,5,2,2025-03-10,2025-06-07,B2.02,,HT1,
2024_2025_2,IS405,IS405.P22.1,1,80021,6,1,5,2,2025-03-03,2025-05-17,B2.02,,HT1,Môn K17/chuyên đề tốt nghiệp
2024_2025_2,IS201,IS201.P22.1,1,80128,5,,9,2,2025-03-03,2025-05-17,B2.02,,HT1,
2024_2025_2,IS201,IS201.P22.2,1,80129,5,,9,2,2025-03-10,2025-06-07,B2.02,,HT1,
2024_2025_2,NT132,NT132.P21.1,1,80055,2,,9,2,2025-03-03,2025-05-24,B2.04,,HT1,
2024_2025_2,NT132,NT132.P21.2,1,80056,2,,9,2,2025-03-10,2025-05-31,B2.04,,HT1,
2024_2025_2,NT132,NT132.P22.1,1,80060,6,,9,2,2025-03-03,2025-05-24,B2.04,,HT1,
2024_2025_2,NT132,NT132.P22.2,1,80061,6,,9,2,2025-03-10,2025-05-31,B2.04,,HT1,
2024_2025_2,NT132,NT132.P23.1,1,80189,3,,9,2,2025-03-03,2025-05-24,B2.04,,HT1,
2024_2025_2,NT132,NT132.P23.2,1,80190,3,,9,2,2025-03-10,2025-05-31,B2.04,,HT1,
2024_2025_2,NT204,NT204.P21.ANTT.1,1,80065,5,,9,2,2025-03-03,2025-05-24,B2.04,,HT1,
2024_2025_2,NT204,NT204.P21.ANTT.2,1,80066,5,,9,2,2025-03-10,2025-05-31,B2.04,,HT1,
2024_2025_2,CE213,CE213.P23.1,1,80051,2,1,5,2,2025-03-03,2025-05-17,B2.06,,HT1,
2024_2025_2,CE213,CE213.P23.2,1,80052,2,1,5,2,2025-03-10,2025-06-07,B2.06,,HT1,
2024_2025_2,IE103,IE103.P21.1,1,80076,5,,9,2,2025-03-03,2025-05-17,B2.06,,HT1,
2024_2025_2,IE103,IE103.P21.2,1,80077,5,,9,2,2025-03-10,2025-06-07,B2.06,,HT1,
2024_2025_2,IE108,IE108.P22.1,1,80202,3,,9,2,2025-03-03,2025-05-17,B2.06,,HT1,
2024_2025_2,IE108,IE108.P22.2,1,80203,3,,9,2,2025-03-10,2025-06-07,B2.06,,HT1,
2024_2025_2,NT118,NT118.P21.1,1,80062,6,,9,2,2025-03-03,2025-05-24,B2.06,,HT1,
2024_2025_2,NT118,NT118.P21.2,1,80063,6,,9,2,2025-03-10,2025-05-31,B2.06,,HT1,
2024_2025_2,IS211,IS211.P23.1,1,80120,4,1,5,2,2025-03-03,2025-05-17,B2.06,,HT1,
2024_2025_2,IS211,IS211.P23.2,1,80121,4,1,5,2,2025-03-10,2025-06-07,B2.06,,HT1,
2024_2025_2,IS216,IS216.P21.1,1,80001,2,,9,2,2025-03-03,2025-05-17,B2.06,,HT1,
2024_2025_2,IS216,IS216.P21.2,1,80002,2,,9,2,2025-03-10,2025-06-07,B2.06,,HT1,
2024_2025_2,IE103,IE103.P22.1,1,80078,5,,9,2,2025-03-03,2025-05-17,B2.08,,HT1,
2024_2025_2,IE103,IE103.P22.2,1,80201,5,,9,2,2025-03-10,2025-06-07,B2.08,,HT1,
2024_2025_2,DS102,DS102.P21.1,1,80204,3,,9,2,2025-03-03,2025-05-17,B2.08,,HT1,
2024_2025_2,DS102,DS102.P21.2,1,80205,3,,9,2,2025-03-10,2025-06-07,B2.08,,HT1,
2024_2025_2,NT541,NT541.P21.1,1,80197,4,1,5,2,2025-03-03,2025-05-24,B2.08,,HT1,
2024_2025_2,NT541,NT541.P21.2,1,80198,4,1,5,2,2025-03-10,2025-05-31,B2.08,,HT1,
2024_2025_2,NT208,NT208.P21.ANTT.1,1,80064,6,,9,2,2025-03-03,2025-05-24,B2.08,,HT1,
2024_2025_2,NT208,NT208.P21.ANTT.2,1,80065,6,,9,2,2025-03-10,2025-05-31,B2.08,,HT1,
2024_2025_2,IS252,IS252.P21.1,1,80133,5,1,5,2,2025-03-03,2025-05-17,B2.08,,HT1,
2024_2025_2,IT002,IT002.P21.1,1,80079,2,,9,2,2025-03-03,2025-05-17,B2.10,,HT1,
2024_2025_2,IT002,IT002.P21.2,1,80080,2,,9,2,2025-03-10,2025-06-07,B2.10,,HT1,
2024_2025_2,IT002,IT002.P22.1,1,80218,2,1,5,2,2025-03-03,2025-05-17,B2.10,,HT1,
2024_2025_2,IT002,IT002.P22.2,1,80219,2,1,5,2,2025-03-10,2025-06-07,B2.10,,HT1,
2024_2025_2,IT002,IT002.P210.1,1,80225,4,1,5,2,2025-03-03,2025-05-17,B2.10,,HT1,
2024_2025_2,IT002,IT002.P210.2,1,80226,4,1,5,2,2025-03-10,2025-06-07,B2.10,,HT1,
2024_2025_2,IT002,IT002.P213.1,1,80086,5,,9,2,2025-03-03,2025-05-17,B2.10,,HT1,
2024_2025_2,IT002,IT002.P213.2,1,80087,5,,9,2,2025-03-10,2025-06-07,B2.10,,HT1,
2024_2025_2,IT002,IT002.P214.1,1,80224,5,1,5,2,2025-03-03,2025-05-17,B2.10,,HT1,
2024_2025_2,IT002,IT002.P214.2,1,80225,5,1,5,2,2025-03-10,2025-06-07,B2.10,,HT1,
2024_2025_2,IT002,IT002.P217.1,1,80079,6,,9,2,2025-03-03,2025-05-17,B2.10,,HT1,
2024_2025_2,IT002,IT002.P217.2,1,80080,6,,9,2,2025-03-10,2025-06-07,B2.10,,HT1,
2024_2025_2,IT007,IT007.P23.1,1,80169,3,,9,2,2025-03-03,2025-05-17,B2.10,,HT1,
2024_2025_2,IT007,IT007.P23.2,1,80170,3,,9,2,2025-03-10,2025-06-07,B2.10,,HT1,
2024_2025_2,IT002,IT002.P211.1,1,80217,4,,9,2,2025-03-03,2025-05-17,B2.12,,HT1,
2024_2025_2,IT002,IT002.P211.2,1,80218,4,,9,2,2025-03-10,2025-06-07,B2.12,,HT1,
2024_2025_2,IT002,IT002.P215.1,1,80217,5,,9,2,2025-03-03,2025-05-17,B2.12,,HT1,
2024_2025_2,IT002,IT002.P215.2,1,80218,5,,9,2,2025-03-10,2025-06-07,B2.12,,HT1,
2024_2025_2,IT003,IT003.P25.1,1,80036,3,,9,2,2025-03-03,2025-05-17,B2.12,,HT1,
2024_2025_2,IT003,IT003.P25.2,1,80037,3,,9,2,2025-03-10,2025-06-07,B2.12,,HT1,
2024_2025_2,IT003,IT003.P29.1,1,80024,4,1,5,2,2025-03-03,2025-05-17,B2.12,,HT1,
2024_2025_2,IT003,IT003.P29.2,1,80025,4,1,5,2,2025-03-10,2025-06-07,B2.12,,HT1,
2024_2025_2,IT003,IT003.P216.1,1,80139,5,1,5,2,2025-03-03,2025-05-17,B2.12,,HT1,
2024_2025_2,IT003,IT003.P216.2,1,80140,5,1,5,2,2025-03-10,2025-06-07,B2.12,,HT1,
2024_2025_2,IT004,IT004.P21.1,1,80104,3,1,5,2,2025-03-03,2025-05-17,B2.12,,HT1,
2024_2025_2,IT004,IT004.P21.2,1,80105,3,1,5,2,2025-03-10,2025-06-07,B2.12,,HT1,
2024_2025_2,CE126,CE126.P21.1,1,80047,4,,9,2,2025-03-03,2025-05-17,B2.14,,HT1,
2024_2025_2,CE126,CE126.P21.2,1,80048,4,,9,2,2025-03-10,2025-06-07,B2.14,,HT1,
2024_2025_2,IT003,IT003.P21.TTNT.1,1,80038,3,,9,2,2025-03-03,2025-05-17,B2.14,,HT1,
2024_2025_2,IT002,IT002.P28.1,1,80081,3,1,5,2,2025-03-03,2025-05-17,B2.16,,HT1,
2024_2025_2,IT002,IT002.P28.2,1,80082,3,1,5,2,2025-03-10,2025-06-07,B2.16,,HT1,
2024_2025_2,IT003,IT003.P28.1,1,80152,4,,9,2,2025-03-03,2025-05-17,B2.16,,HT1,
2024_2025_2,IT003,IT003.P28.2,1,80153,4,,9,2,2025-03-10,2025-06-07,B2.16,,HT1,
2024_2025_2,IT003,IT003.P212.1,1,80035,5,,9,2,2025-03-03,2025-05-17,B2.16,,HT1,
2024_2025_2,IT003,IT003.P212.2,1,80036,5,,9,2,2025-03-10,2025-06-07,B2.16,,HT1,
2024_2025_2,IT003,IT003.P213.1,1,80141,5,1,5,2,2025-03-03,2025-05-17,B2.16,,HT1,
2024_2025_2,IT003,IT003.P213.2,1,80142,5,1,5,2,2025-03-10,2025-06-07,B2.16,,HT1,
2024_2025_2,IT003,IT003.P217.1,1,80149,6,,9,2,2025-03-03,2025-05-17,B2.16,,HT1,
2024_2025_2,IT003,IT003.P217.2,1,80150,6,,9,2,2025-03-10,2025-06-07,B2.16,,HT1,
2024_2025_2,PH002,PH002.P24.1,1,80042,7,,9,2,2025-03-03,2025-05-17,B2.16,,HT1,
2024_2025_2,PH002,PH002.P24.2,1,80043,7,,9,2,2025-03-10,2025-06-07,B2.16,,HT1,
2024_2025_2,DS200,DS200.P21.1,1,80070,4,1,5,2,2025-03-03,2025-05-17,B2.16,,HT1,
2024_2025_2,DS200,DS200.P21.2,1,80071,4,1,5,2,2025-03-10,2025-06-07,B2.16,,HT1,
2024_2025_2,NT533,NT533.P21.1,1,80057,2,,9,2,2025-03-03,2025-05-24,B2.16,,HT1,
2024_2025_2,NT533,NT533.P21.2,1,80058,2,,9,2,2025-03-10,2025-05-31,B2.16,,HT1,
2024_2025_2,IS216,IS216.P22.1,1,80018,3,,9,2,2025-03-03,2025-05-17,B2.16,,HT1,
2024_2025_2,IS216,IS216.P22.2,1,80019,3,,9,2,2025-03-10,2025-06-07,B2.16,,HT1,
2024_2025_2,IS210,IS210.P21.1,1,80012,2,1,5,2,2025-03-03,2025-05-17,B2.16,,HT1,
2024_2025_2,IS210,IS210.P21.2,1,80013,2,1,5,2,2025-03-10,2025-06-07,B2.16,,HT1,
2024_2025_2,IS210,IS210.P22.1,1,80022,6,1,5,2,2025-03-03,2025-05-17,B2.16,,HT1,
2024_2025_2,IS210,IS210.P22.2,1,80101,6,1,5,2,2025-03-10,2025-06-07,B2.16,,HT1,
2024_2025_2,IS208,IS208.P21.1,1,80105,7,1,5,2,2025-03-03,2025-05-17,B2.16,,HT1,
2024_2025_2,IS208,IS208.P21.2,1,80106,7,1,5,2,2025-03-10,2025-06-07,B2.16,,HT1,
2024_2025_2,IT002,IT002.P22.CNVN.1,1,80227,4,1,5,2,2025-03-03,2025-05-17,B2.18,,HT1,
2024_2025_2,IT002,IT002.P22.CNVN.2,1,80228,4,1,5,2,2025-03-10,2025-06-07,B2.18,,HT1,
2024_2025_2,IT007,IT007.P21.CNVN.1,1,80178,3,1,5,2,2025-03-03,2025-05-17,B2.18,,HT1,
2024_2025_2,IT007,IT007.P21.CNVN.2,1,80179,3,1,5,2,2025-03-10,2025-06-07,B2.18,,HT1,
2024_2025_2,IT002,IT002.P27.1,1,80225,3,,9,2,2025-03-03,2025-05-17,B2.18,,HT1,
2024_2025_2,IT002,IT002.P27.2,1,80226,3,,9,2,2025-03-10,2025-06-07,B2.18,,HT1,
2024_2025_2,PH002,PH002.P21.1,1,80043,2,,9,2,2025-03-03,2025-05-17,B2.18,,HT1,
2024_2025_2,PH002,PH002.P21.2,1,80044,2,,9,2,2025-03-10,2025-06-07,B2.18,,HT1,
2024_2025_2,NT219,NT219.P21.ANTT.1,1,80182,4,,9,2,2025-03-03,2025-05-24,B2.18,,HT1,
2024_2025_2,NT219,NT219.P21.ANTT.2,1,80183,4,,9,2,2025-03-10,2025-05-31,B2.18,,HT1,
2024_2025_2,EC402,EC402.P21.1,1,80010,6,,9,2,2025-03-10,2025-06-07,B2.18,,HT1,
2024_2025_2,NT118,NT118.P22.1,1,80066,6,,9,2,2025-03-03,2025-05-24,B2.18,,HT1,
2024_2025_2,NT208,NT208.P24.1,1,80067,5,,9,2,2025-03-10,2025-05-31,B2.18,,HT1,
2024_2025_2,IT002,IT002.P26.1,1,80083,3,1,5,2,2025-03-03,2025-05-17,B2.20,,HT1,
2024_2025_2,IT002,IT002.P26.2,1,80084,3,1,5,2,2025-03-10,2025-06-07,B2.20,,HT1,
2024_2025_2,IT003,IT003.P215.1,1,80037,5,,9,2,2025-03-03,2025-05-17,B2.20,,HT1,
2024_2025_2,IT003,IT003.P215.2,1,80038,5,,9,2,2025-03-10,2025-06-07,B2.20,,HT1,
2024_2025_2,NT105,NT105.P21.1,1,80199,4,1,5,2,2025-03-10,2025-05-31,B2.20,,HT1,
2024_2025_2,NT105,NT105.P22.1,1,80063,2,1,5,2,2025-03-10,2025-05-31,B2.20,,HT1,
2024_2025_2,NT105,NT105.P24.1,1,80188,6,1,5,2,2025-03-03,2025-05-24,B2.20,,HT1,
2024_2025_2,NT219,NT219.P22.ANTT.1,1,80059,2,,9,2,2025-03-03,2025-05-24,B2.20,,HT1,
2024_2025_2,NT219,NT219.P22.ANTT.2,1,80060,2,,9,2,2025-03-10,2025-05-31,B2.20,,HT1,
2024_2025_2,IT002,IT002.P22.TTNT.1,1,80085,4,6,9,1,2025-03-03,2025-05-17,B2.20,,HT1,
2024_2025_2,IT005,IT005.P22.1,1,80196,3,1,5,2,2025-03-03,2025-05-17,B2.22,,HT1,
2024_2025_2,IT005,IT005.P22.2,1,80197,3,1,5,2,2025-03-10,2025-06-07,B2.22,,HT1,
2024_2025_2,IT005,IT005.P23.1,1,80184,4,,9,2,2025-03-03,2025-05-17,B2.22,,HT1,
2024_2025_2,IT005,IT005.P23.2,1,80185,4,,9,2,2025-03-10,2025-06-07,B2.22,,HT1,
2024_2025_2,IT005,IT005.P24.1,1,80200,4,1,5,2,2025-03-03,2025-05-17,B2.22,,HT1,
2024_2025_2,IT005,IT005.P24.2,1,80055,4,1,5,2,2025-03-10,2025-06-07,B2.22,,HT1,
2024_2025_2,IT005,IT005.P25.1,1,80182,5,,9,2,2025-03-03,2025-05-17,B2.22,,HT1,
2024_2025_2,IT005,IT005.P25.2,1,80183,5,,9,2,2025-03-10,2025-06-07,B2.22,,HT1,
2024_2025_2,IT007,IT007.P22.1,1,80053,2,1,5,2,2025-03-03,2025-05-17,B2.22,,HT1,
2024_2025_2,IT007,IT007.P22.2,1,80054,2,1,5,2,2025-03-10,2025-06-07,B2.22,,HT1,
2024_2025_2,NT105,NT105.P23.1,1,80191,5,1,5,2,2025-03-10,2025-05-31,B2.22,,HT1,
2024_2025_2,IS207,IS207.P21.1,1,80003,2,,9,2,2025-03-03,2025-05-17,B2.22,,HT1,
2024_2025_2,IS207,IS207.P21.2,1,80004,2,,9,2,2025-03-10,2025-06-07,B2.22,,HT1,
2024_2025_2,IS207,IS207.P22.1,1,80011,6,,9,2,2025-03-03,2025-05-17,B2.22,,HT1,
2024_2025_2,IS207,IS207.P22.2,1,80012,6,,9,2,2025-03-10,2025-06-07,B2.22,,HT1,
2024_2025_2,IT012,IT012.P23.1,1,80044,7,,9,2,2025-03-03,2025-05-17,B3.02,,HT1,
2024_2025_2,IT012,IT012.P23.2,1,80045,7,,9,2,2025-03-10,2025-06-07,B3.02,,HT1,
2024_2025_2,CE213,CE213.P22.1,1,80164,4,1,5,2,2025-03-03,2025-05-17,B3.02,,HT1,
2024_2025_2,CE213,CE213.P22.2,1,80165,4,1,5,2,2025-03-10,2025-06-07,B3.02,,HT1,
2024_2025_2,CE433,CE433.P21.1,1,80048,5,1,5,2,2025-03-03,2025-05-17,B3.02,,HT1,
2024_2025_2,CE433,CE433.P21.2,1,80049,5,1,5,2,2025-03-10,2025-06-07,B3.02,,HT1,
2024_2025_2,CE320,CE320.P21.1,1,80174,5,,9,2,2025-03-03,2025-05-17,B3.02,,HT1,
2024_2025_2,CE320,CE320.P21.2,1,80175,5,,9,2,2025-03-10,2025-06-07,B3.02,,HT1,
2024_2025_2,IS220,IS220.P21.1,1,80114,4,,9,2,2025-03-03,2025-05-17,B3.02,,HT1,
2024_2025_2,IS220,IS220.P21.2,1,80115,4,,9,2,2025-03-10,2025-06-07,B3.02,,HT1,
2024_2025_2,IS201,IS201.P21.1,1,80106,3,1,5,2,2025-03-03,2025-05-17,B3.02,,HT1,
2024_2025_2,IS201,IS201.P21.2,1,80107,3,1,5,2,2025-03-10,2025-06-07,B3.02,,HT1,
2024_2025_2,IT003,IT003.P22.CNVN.1,1,80151,6,,9,2,2025-03-03,2025-05-17,B3.04,,HT1,
2024_2025_2,IT003,IT003.P22.CNVN.2,1,80152,6,,9,2,2025-03-10,2025-06-07,B3.04,,HT1,
2024_2025_2,IT002,IT002.P221.1,1,80227,7,,9,2,2025-03-03,2025-05-17,B3.04,,HT1,
2024_2025_2,IT002,IT002.P221.2,1,80228,7,,9,2,2025-03-10,2025-06-07,B3.04,,HT1,
2024_2025_2,CE103,CE103.P21.1,1,80049,4,,9,2,2025-03-03,2025-05-17,B3.04,,HT1,
2024_2025_2,CE103,CE103.P21.2,1,80050,4,,9,2,2025-03-10,2025-06-07,B3.04,,HT1,
2024_2025_2,CE103,CE103.P24.1,1,80050,5,1,5,2,2025-03-03,2025-05-17,B3.04,,HT1,
2024_2025_2,CE103,CE103.P24.2,1,80051,5,1,5,2,2025-03-10,2025-06-07,B3.04,,HT1,
2024_2025_2,IT002,IT002.P23.1,1,80081,2,,9,2,2025-03-03,2025-05-17,B3.06,,HT1,
2024_2025_2,IT002,IT002.P23.2,1,80082,2,,9,2,2025-03-10,2025-06-07,B3.06,,HT1,
2024_2025_2,IT002,IT002.P24.1,1,80220,2,1,5,2,2025-03-03,2025-05-17,B3.06,,HT1,
2024_2025_2,IT002,IT002.P24.2,1,80221,2,1,5,2,2025-03-10,2025-06-07,B3.06,,HT1,
2024_2025_2,IT002,IT002.P212.1,1,80229,4,1,5,2,2025-03-03,2025-05-17,B3.06,,HT1,
2024_2025_2,IT002,IT002.P212.2,1,80230,4,1,5,2,2025-03-10,2025-06-07,B3.06,,HT1,
2024_2025_2,IT002,IT002.P216.1,1,80226,5,1,5,2,2025-03-03,2025-05-17,B3.06,,HT1,
2024_2025_2,IT002,IT002.P216.2,1,80227,5,1,5,2,2025-03-10,2025-06-07,B3.06,,HT1,
2024_2025_2,IT002,IT002.P219.1,1,80081,6,,9,2,2025-03-03,2025-05-17,B3.06,,HT1,
2024_2025_2,IT002,IT002.P219.2,1,80082,6,,9,2,2025-03-10,2025-06-07,B3.06,,HT1,
2024_2025_2,IT003,IT003.P26.1,1,80141,3,1,5,2,2025-03-03,2025-05-17,B3.06,,HT1,
2024_2025_2,IT003,IT003.P26.2,1,80142,3,1,5,2,2025-03-10,2025-06-07,B3.06,,HT1,
2024_2025_2,CE433,CE433.P22.1,1,80174,6,1,5,2,2025-03-03,2025-05-17,B3.06,,HT1,
2024_2025_2,CE433,CE433.P22.2,1,80175,6,1,5,2,2025-03-10,2025-06-07,B3.06,,HT1,
2024_2025_2,CE340,CE340.P21.1,1,80171,3,,9,2,2025-03-03,2025-05-17,B3.06,,HT1,
2024_2025_2,CE340,CE340.P21.2,1,80172,3,,9,2,2025-03-10,2025-06-07,B3.06,,HT1,
2024_2025_2,CE103,CE103.P23.1,1,80176,5,,9,2,2025-03-03,2025-05-17,B3.06,,HT1,
2024_2025_2,CE103,CE103.P23.2,1,80177,5,,9,2,2025-03-10,2025-06-07,B3.06,,HT1,
2024_2025_2,IS211,IS211.P21.1,1,80107,7,1,5,2,2025-03-03,2025-05-17,B3.06,,HT1,
2024_2025_2,IS211,IS211.P21.2,1,80108,7,1,5,2,2025-03-10,2025-06-07,B3.06,,HT1,
2024_2025_2,IT007,IT007.P29.1,1,80161,6,,9,2,2025-03-03,2025-05-17,B3.08,,HT1,
2024_2025_2,IT007,IT007.P29.2,1,80162,6,,9,2,2025-03-10,2025-06-07,B3.08,,HT1,
2024_2025_2,CE103,CE103.P22.1,1,80166,4,1,5,2,2025-03-03,2025-05-17,B3.08,,HT1,
2024_2025_2,CE103,CE103.P22.2,1,80167,4,1,5,2,2025-03-10,2025-06-07,B3.08,,HT1,
2024_2025_2,NT532,NT532.P21.1,1,80186,4,,9,2,2025-03-03,2025-05-24,B3.08,,HT1,
2024_2025_2,NT532,NT532.P21.2,1,80187,4,,9,2,2025-03-10,2025-05-31,B3.08,,HT1,
2024_2025_2,NT101,NT101.P21.1,1,80192,5,1,5,2,2025-03-03,2025-05-24,B3.08,,HT1,
2024_2025_2,NT101,NT101.P21.2,1,80193,5,1,5,2,2025-03-10,2025-05-31,B3.08,,HT1,
2024_2025_2,IT012,IT012.P25.1,1,80046,7,,9,2,2025-03-03,2025-05-17,B3.08,,HT1,
2024_2025_2,IT012,IT012.P25.2,1,80047,7,,9,2,2025-03-10,2025-06-07,B3.08,,HT1,
2024_2025_2,CE213,CE213.P21.1,1,80163,6,,9,2,2025-03-03,2025-05-17,B4.02,,HT1,
2024_2025_2,CE213,CE213.P21.2,1,80164,6,,9,2,2025-03-10,2025-06-07,B4.02,,HT1,
2024_2025_2,IE303,IE303.P22.1,1,80202,5,,9,2,2025-03-03,2025-05-17,B4.02,,HT1,
2024_2025_2,IE303,IE303.P22.2,1,80203,5,,9,2,2025-03-10,2025-06-07,B4.02,,HT1,
2024_2025_2,IE213,IE213.P21.1,1,80206,3,,9,2,2025-03-03,2025-05-17,B4.02,,HT1,
2024_2025_2,IE213,IE213.P21.2,1,80207,3,,9,2,2025-03-10,2025-06-07,B4.02,,HT1,
2024_2025_2,NT531,NT531.P21.1,1,80188,4,,9,2,2025-03-03,2025-05-24,B4.02,,HT1,
2024_2025_2,NT531,NT531.P21.2,1,80189,4,,9,2,2025-03-10,2025-05-31,B4.02,,HT1,
2024_2025_2,IS201,IS201.P23.1,1,80122,4,1,5,2,2025-03-03,2025-05-17,B4.02,,HT1,
2024_2025_2,IS201,IS201.P23.2,1,80123,4,1,5,2,2025-03-10,2025-06-07,B4.02,,HT1,
2024_2025_2,IT002,IT002.P218.1,1,80218,6,1,5,2,2025-03-03,2025-05-17,B4.04,,HT1,
2024_2025_2,IT002,IT002.P218.2,1,80219,6,1,5,2,2025-03-10,2025-06-07,B4.04,,HT1,
2024_2025_2,IT003,IT003.P23.1,1,80023,2,,9,2,2025-03-03,2025-05-17,B4.04,,HT1,
2024_2025_2,IT003,IT003.P23.2,1,80024,2,,9,2,2025-03-10,2025-06-07,B4.04,,HT1,
2024_2025_2,IT007,IT007.P25.1,1,80051,4,,9,2,2025-03-03,2025-05-17,B4.04,,HT1,
2024_2025_2,IT007,IT007.P25.2,1,80052,4,,9,2,2025-03-10,2025-06-07,B4.04,,HT1,
2024_2025_2,IT007,IT007.P26.1,1,80168,4,1,5,2,2025-03-03,2025-05-17,B4.04,,HT1,
2024_2025_2,IT007,IT007.P26.2,1,80169,4,1,5,2,2025-03-10,2025-06-07,B4.04,,HT1,
2024_2025_2,CE232,CE232.P21.1,1,80165,6,,9,2,2025-03-03,2025-05-17,B4.04,,HT1,
2024_2025_2,CE232,CE232.P21.2,1,80166,6,,9,2,2025-03-10,2025-06-07,B4.04,,HT1,
2024_2025_2,IE108,IE108.P21.CNVN.1,1,80204,5,,9,2,2025-03-03,2025-05-17,B4.04,,HT1,
2024_2025_2,IE108,IE108.P21.CNVN.2,1,80205,5,,9,2,2025-03-10,2025-06-07,B4.04,,HT1,
2024_2025_2,NT230,NT230.P21.ANTT.1,1,80190,4,,9,2,2025-03-03,2025-05-24,B4.06,,HT1,
2024_2025_2,NT230,NT230.P21.ANTT.2,1,80191,4,,9,2,2025-03-10,2025-05-31,B4.06,,HT1,
2024_2025_2,NT230,NT230.P22.ANTT.1,1,80184,5,,9,2,2025-03-03,2025-05-24,B4.06,,HT1,
2024_2025_2,NT230,NT230.P22.ANTT.2,1,80185,5,,9,2,2025-03-10,2025-05-31,B4.06,,HT1,
2024_2025_2,NT330,NT330.P21.ANTT.1,1,80198,3,1,5,2,2025-03-03,2025-05-24,B4.06,,HT1,
2024_2025_2,NT204,NT204.P22.ANTT.1,1,80067,6,,9,2,2025-03-03,2025-05-24,B4.06,,HT1,
2024_2025_2,NT204,NT204.P22.ANTT.2,1,80182,6,,9,2,2025-03-10,2025-05-31,B4.06,,HT1,
2024_2025_2,NT334,NT334.P21.ANTT.1,1,80194,5,1,5,2,2025-03-03,2025-05-24,B4.06,,HT1,
2024_2025_2,NT334,NT334.P21.ANTT.2,1,80195,5,1,5,2,2025-03-10,2025-05-31,B4.06,,HT1,
2024_2025_2,NT208,NT208.P22.ANTT.1,1,80056,4,1,5,2,2025-03-03,2025-05-24,B4.06,,HT1,
2024_2025_2,NT208,NT208.P22.ANTT.2,1,80057,4,1,5,2,2025-03-10,2025-05-31,B4.06,,HT1,
2024_2025_2,NT534,NT534.P21.ANTT.1,1,80199,3,1,5,2,2025-03-03,2025-05-24,B4.08,,HT1,
2024_2025_2,NT534,NT534.P21.ANTT.2,1,80200,3,1,5,2,2025-03-10,2025-05-31,B4.08,,HT1,
2024_2025_2,NT522,NT522.P21.ANTT.1,1,80183,6,,9,2,2025-03-03,2025-05-24,B4.08,,HT1,
2024_2025_2,NT522,NT522.P21.ANTT.2,1,80184,6,,9,2,2025-03-10,2025-05-31,B4.08,,HT1,
2024_2025_2,NT106,NT106.P21.ANTT.1,1,80064,2,1,5,2,2025-03-03,2025-05-24,B4.08,,HT1,
2024_2025_2,NT106,NT106.P21.ANTT.2,1,80065,2,1,5,2,2025-03-10,2025-05-31,B4.08,,HT1,
2024_2025_2,NT208,NT208.P23.ANTT.1,1,80196,5,1,5,2,2025-03-03,2025-05-24,B4.08,,HT1,
2024_2025_2,NT208,NT208.P23.ANTT.2,1,80197,5,1,5,2,2025-03-10,2025-05-31,B4.08,,HT1,
2024_2025_2,IT002,IT002.P25.1,1,80227,3,,9,2,2025-03-03,2025-05-17,B5.02,,HT1,
2024_2025_2,IT002,IT002.P25.2,1,80228,3,,9,2,2025-03-10,2025-06-07,B5.02,,HT1,
2024_2025_2,IT003,IT003.P21.1,1,80025,2,,9,2,2025-03-03,2025-05-17,B5.02,,HT1,
2024_2025_2,IT003,IT003.P21.2,1,80026,2,,9,2,2025-03-10,2025-06-07,B5.02,,HT1,
2024_2025_2,IT003,IT003.P22.1,1,80031,2,1,5,2,2025-03-03,2025-05-17,B5.02,,HT1,
2024_2025_2,IT003,IT003.P22.2,1,80032,2,1,5,2,2025-03-10,2025-06-07,B5.02,,HT1,
2024_2025_2,IT003,IT003.P210.1,1,80154,4,,9,2,2025-03-03,2025-05-17,B5.02,,HT1,
2024_2025_2,IT003,IT003.P210.2,1,80155,4,,9,2,2025-03-10,2025-06-07,B5.02,,HT1,
2024_2025_2,IT003,IT003.P214.1,1,80143,3,1,5,2,2025-03-03,2025-05-17,B5.02,,HT1,
2024_2025_2,IT003,IT003.P214.2,1,80144,3,1,5,2,2025-03-10,2025-06-07,B5.02,,HT1,
2024_2025_2,IE212,IE212.P22.1,1,80206,5,,9,2,2025-03-03,2025-05-17,B5.02,,HT1,
2024_2025_2,IE212,IE212.P22.2,1,80207,5,,9,2,2025-03-10,2025-06-07,B5.02,,HT1,
2024_2025_2,IS216,IS216.P23.1,1,80013,6,,9,2,2025-03-03,2025-05-17,B5.02,,HT1,
2024_2025_2,IS216,IS216.P23.2,1,80014,6,,9,2,2025-03-10,2025-06-07,B5.02,,HT1,
2024_2025_2,IT005,IT005.P21.1,1,80191,3,,9,2,2025-03-03,2025-05-17,B5.04,,HT1,
2024_2025_2,IT005,IT005.P21.2,1,80192,3,,9,2,2025-03-10,2025-06-07,B5.04,,HT1,
2024_2025_2,IT007,IT007.P28.1,1,80178,5,,9,2,2025-03-03,2025-05-17,B5.04,,HT1,
2024_2025_2,IT007,IT007.P28.2,1,80179,5,,9,2,2025-03-10,2025-06-07,B5.04,,HT1,
2024_2025_2,IT012,IT012.P22.1,1,80176,6,1,5,2,2025-03-03,2025-05-17,B5.04,,HT1,
2024_2025_2,IT012,IT012.P22.2,1,80177,6,1,5,2,2025-03-10,2025-06-07,B5.04,,HT1,
2024_2025_2,PH002,PH002.P22.1,1,80161,2,1,5,2,2025-03-03,2025-05-17,B5.04,,HT1,
2024_2025_2,PH002,PH002.P22.2,1,80162,2,1,5,2,2025-03-10,2025-06-07,B5.04,,HT1,
2024_2025_2,IE229,IE229.P21.CNVN.2,1,80068,2,,9,2,2025-03-24,2025-06-07,B5.04,,HT1,
2024_2025_2,IE229,IE229.P21.CNVN.3,1,80216,4,,9,2,2025-03-17,2025-05-17,B5.04,,HT1,
2024_2025_2,DS108,DS108.P21.1,1,80072,4,1,5,2,2025-03-03,2025-05-17,B5.04,,HT1,
2024_2025_2,DS108,DS108.P21.2,1,80073,4,1,5,2,2025-03-10,2025-06-07,B5.04,,HT1,
2024_2025_2,NT106,NT106.P22.ANTT.1,1,80055,3,1,5,2,2025-03-03,2025-05-24,B5.04,,HT1,
2024_2025_2,NT106,NT106.P22.ANTT.2,1,80056,3,1,5,2,2025-03-10,2025-05-31,B5.04,,HT1,
2024_2025_2,IS211,IS211.P22.1,1,80015,6,,9,2,2025-03-03,2025-05-17,B5.04,,HT1,
2024_2025_2,IS211,IS211.P22.2,1,80016,6,,9,2,2025-03-10,2025-06-07,B5.04,,HT1,
2024_2025_2,IS208,IS208.P22.1,1,80001,5,1,5,2,2025-03-03,2025-05-17,B5.04,,HT1,
2024_2025_2,IS208,IS208.P22.2,1,80002,5,1,5,2,2025-03-10,2025-06-07,B5.04,,HT1,
2024_2025_2,IT002,IT002.P220.1,1,80220,6,1,5,2,2025-03-03,2025-05-17,B5.06,,HT1,
2024_2025_2,IT002,IT002.P220.2,1,80221,6,1,5,2,2025-03-10,2025-06-07,B5.06,,HT1,
2024_2025_2,IT003,IT003.P27.1,1,80039,3,,9,2,2025-03-03,2025-05-17,B5.06,,HT1,
2024_2025_2,IT003,IT003.P27.2,1,80040,3,,9,2,2025-03-10,2025-06-07,B5.06,,HT1,
2024_2025_2,IT003,IT003.P211.1,1,80026,4,1,5,2,2025-03-03,2025-05-17,B5.06,,HT1,
2024_2025_2,IT003,IT003.P211.2,1,80027,4,1,5,2,2025-03-10,2025-06-07,B5.06,,HT1,
2024_2025_2,IT012,IT012.P21.1,1,80167,6,,9,2,2025-03-03,2025-05-17,B5.06,,HT1,
2024_2025_2,IT012,IT012.P21.2,1,80168,6,,9,2,2025-03-10,2025-06-07,B5.06,,HT1,
2024_2025_2,IT012,IT012.P24.1,1,80180,5,,9,2,2025-03-03,2025-05-17,B5.06,,HT1,
2024_2025_2,IT012,IT012.P24.2,1,80181,5,,9,2,2025-03-10,2025-06-07,B5.06,,HT1,
2024_2025_2,PH002,PH002.P23.1,1,80180,3,1,5,2,2025-03-03,2025-05-17,B5.06,,HT1,
2024_2025_2,PH002,PH002.P23.2,1,80181,3,1,5,2,2025-03-10,2025-06-07,B5.06,,HT1,
2024_2025_2,IS405,IS405.P21.1,1,80005,2,,9,2,2025-03-03,2025-05-17,B5.06,,HT1,Môn K17/chuyên đề tốt nghiệp
2024_2025_2,IS405,IS405.P21.2,1,80006,2,,9,2,2025-03-10,2025-06-07,B5.06,,HT1,Môn K17/chuyên đề tốt nghiệp
2024_2025_2,IS405,IS405.P23.1,1,80003,5,1,5,2,2025-03-03,2025-05-17,B5.06,,HT1,Môn K17/chuyên đề tốt nghiệp
2024_2025_2,IS405,IS405.P23.2,1,80004,5,1,5,2,2025-03-10,2025-06-07,B5.06,,HT1,Môn K17/chuyên đề tốt nghiệp
2024_2025_2,CE118,CE118.P21.1,1,80041,5,,9,2,2025-03-03,2025-05-17,B5.08,,HT1,Xếp phòng B508
2024_2025_2,CE118,CE118.P21.2,1,80042,5,,9,2,2025-03-10,2025-06-07,B5.08,,HT1,Xếp phòng B508
2024_2025_2,CE122,CE122.P21.1,1,80163,2,1,5,2,2025-03-03,2025-05-17,B5.08,,HT1,Xếp phòng B508
2024_2025_2,CE122,CE122.P21.2,1,80164,2,1,5,2,2025-03-10,2025-06-07,B5.08,,HT1,Xếp phòng B508
2024_2025_2,CE122,CE122.P22.1,1,80045,2,,9,2,2025-03-03,2025-05-17,B5.08,,HT1,Xếp phòng B508
2024_2025_2,CE122,CE122.P22.2,1,80046,2,,9,2,2025-03-10,2025-06-07,B5.08,,HT1,Xếp phòng B508
2024_2025_2,CE122,CE122.P23.1,1,80173,3,,9,2,2025-03-03,2025-05-17,B5.08,,HT1,Xếp phòng B508
2024_2025_2,CE122,CE122.P23.2,1,80174,3,,9,2,2025-03-10,2025-06-07,B5.08,,HT1,Xếp phòng B508
2024_2025_2,CE122,CE122.P24.1,1,80041,3,1,5,2,2025-03-03,2025-05-17,B5.08,,HT1,Xếp phòng B508
2024_2025_2,CE122,CE122.P24.2,1,80042,3,1,5,2,2025-03-10,2025-06-07,B5.08,,HT1,Xếp phòng B508
2024_2025_2,MM004,MM004.P21.1,2,80092,2,1,5,1,2025-02-17,2025-03-29,C306,,HT1,
2024_2025_2,MM004,MM004.P21.3,2,80236,6,1,5,1,2025-02-17,2025-03-29,C306,,HT1,
2024_2025_2,NT535,NT535.P21.1,1,80061,2,,9,2,2025-03-03,2025-05-24,E3.1,,HT1,
2024_2025_2,NT132,NT132.P24.1,1,80186,5,,9,2,2025-03-03,2025-05-24,E3.1,,HT1,
2024_2025_2,NT132,NT132.P24.2,1,80187,5,,9,2,2025-03-10,2025-05-31,E3.1,,HT1,
2024_2025_2,NT131,NT131.P21.1,1,80185,6,,9,2,2025-03-03,2025-05-24,E3.1,,HT1,
2024_2025_2,NT131,NT131.P22.1,1,80192,4,,9,2,2025-03-03,2025-05-24,E3.1,,HT1,
2024_2025_2,NT131,NT131.P22.2,1,80193,4,,9,2,2025-03-10,2025-05-31,E3.1,,HT1,
2024_2025_2,NT131,NT131.P23.1,1,80066,2,1,5,2,2025-03-03,2025-05-24,E3.1,,HT1,
2024_2025_2,NT131,NT131.P24.1,1,80057,3,1,5,2,2025-03-03,2025-05-24,E3.1,,HT1,
2024_2025_2,NT131,NT131.P24.2,1,80058,3,1,5,2,2025-03-10,2025-05-31,E3.1,,HT1,
