ma_lop,mssv,ma_lop_goc,diem_qua_trinh,diem_giua_ki,diem_thuc_hanh,diem_cuoi_ki,ghi_chu
IT001.O11,23520541,IT001.O11,10,,,9,
IT001.O11.1,23520541,IT001.O11,,,10,,
MA003.O11,23520541,MA003.O11,10,10,,9,
MA006.O11,23520541,MA006.O11,10,10,,9,
IE005.O11,23520541,IE005.O11,9,,,8,
SS006.O11,23520541,SS006.O11,,9,,5,
IT002.O21,23520541,IT002.O21,9,,,9,
IT002.O21.2,23520541,IT002.O21,,,9.5,,
IT003.O21,23520541,IT003.O21,10,,,7,
IT003.O21.2,23520541,IT003.O21,,,9.5,,
MA004.O21,23520541,MA004.O21,8,9,,10,
MA005.O21,23520541,MA005.O21,10,7,,10,
IT012.O21,23520541,IT012.O21,10,8,,8,
IT012.O21.1,23520541,IT012.O21,,,8,,
SS003.O23,23520541,SS003.O23,10,,,7,
SS009.O24,23520541,SS009.O24,8,,,8,
IT004.P11,23520541,IT004.P11,,6,,6,
IT004.P11.1,23520541,IT004.P11,,,7.5,,
IT005.P11.CNVN,23520541,IT005.P11.CNVN,10,7.5,,9,
IT005.P11.CNVN.1,23520541,IT005.P11.CNVN,,,9.5,,
IT007.P11,23520541,IT007.P11,10,9,,8,
IT007.P11.1,23520541,IT007.P11,,,8,,
SS007.P12,23520541,SS007.P12,8,,,4.5,
SS008.P15,23520541,SS008.P15,8.5,,,8,
IE101.P21,23520541,IE101.P21,8,,,6.5,
IE101.P21.1,23520541,IE101.P21,,,7.5,,
IE103.P21,23520541,IE103.P21,10,,,8.5,
IE103.P21.1,23520541,IE103.P21,,,9.5,,
IE108.P21,23520541,IE108.P21,,8,,8,
IE108.P21.1,23520541,IE108.P21,,,8.5,,
SS004.P22,23520541,SS004.P22,9.5,,,9,
IE104.Q11.CNVN,23520541,IE104.Q11.CNVN,,,,,
IE104.Q11.CNVN.1,23520541,IE104.Q11.CNVN,,,,,
IE106.Q11.CNVN,23520541,IE106.Q11.CNVN,,,,,
IE106.Q11.CNVN.1,23520541,IE106.Q11.CNVN,,,,,
IE307.Q12,23520541,IE307.Q12,,,,,
IE307.Q12.1,23520541,IE307.Q12,,,,,
SE104.Q13,23520541,SE104.Q13,,,,,
SE104.Q13.1,23520541,SE104.Q13,,,,,
PE231.Q116,23520541,PE231.Q116,,,,,
IT001.O11,23520542,IT001.O11,7.1,,,5.1,
IT001.O11.1,23520542,IT001.O11,,,9.1,,
MA003.O11,23520542,MA003.O11,6.5,6.8,,6,
MA006.O11,23520542,MA006.O11,7.8,5.8,,5.6,
IE005.O11,23520542,IE005.O11,7.2,,,7.8,
SS006.O11,23520542,SS006.O11,,5.9,,7.8,
IT002.O21,23520542,IT002.O21,6.8,,,9.8,
IT002.O21.2,23520542,IT002.O21,,,5.5,,
IT003.O21,23520542,IT003.O21,9.9,,,7.1,
IT003.O21.2,23520542,IT003.O21,,,7.5,,
MA004.O21,23520542,MA004.O21,5.7,8.6,,5.9,
MA005.O21,23520542,MA005.O21,6.7,5.1,,6.7,
IT012.O21,23520542,IT012.O21,9.8,9.9,,8.7,
IT012.O21.2,23520542,IT012.O21,,,5,,
SS003.O23,23520542,SS003.O23,9.7,,,9.4,
SS009.O24,23520542,SS009.O24,8.9,,,5.9,
IT004.P11,23520542,IT004.P11,,5.5,,7.1,
IT004.P11.1,23520542,IT004.P11,,,9.4,,
IT005.P11.CNVN,23520542,IT005.P11.CNVN,7.9,8.7,,6.2,
IT005.P11.CNVN.2,23520542,IT005.P11.CNVN,,,7.6,,
IT007.P11,23520542,IT007.P11,8.5,9.1,,9,
IT007.P11.1,23520542,IT007.P11,,,6.2,,
SS007.P12,23520542,SS007.P12,9.4,,,6.1,
SS008.P15,23520542,SS008.P15,9,,,7.8,
IE101.P21,23520542,IE101.P21,5.9,,,7.9,
IE101.P21.2,23520542,IE101.P21,,,7.6,,
IE103.P21,23520542,IE103.P21,9.8,,,5.2,
IE103.P21.2,23520542,IE103.P21,,,5.8,,
IE108.P21,23520542,IE108.P21,,9.9,,9.2,
IE108.P21.2,23520542,IE108.P21,,,5.8,,
SS004.P22,23520542,SS004.P22,6.1,,,7.7,
IE104.Q11.CNVN,23520542,IE104.Q11.CNVN,,,,,
IE104.Q11.CNVN.1,23520542,IE104.Q11.CNVN,,,,,
IE106.Q11.CNVN,23520542,IE106.Q11.CNVN,,,,,
IE106.Q11.CNVN.1,23520542,IE106.Q11.CNVN,,,,,
IE307.Q12,23520542,IE307.Q12,,,,,
IE307.Q12.1,23520542,IE307.Q12,,,,,
SE104.Q13,23520542,SE104.Q13,,,,,
SE104.Q13.1,23520542,SE104.Q13,,,,,
PE231.Q116,23520542,PE231.Q116,,,,,
IT001.O11,23520543,IT001.O11,5.8,,,6.6,
IT001.O11.1,23520543,IT001.O11,,,5.2,,
MA003.O11,23520543,MA003.O11,8.6,5.4,,10,
MA006.O11,23520543,MA006.O11,9.6,8.9,,8.9,
IE005.O11,23520543,IE005.O11,6.8,,,8.4,
SS006.O11,23520543,SS006.O11,,8.8,,7.4,
IT002.O21,23520543,IT002.O21,5.3,,,8.1,
IT002.O21.2,23520543,IT002.O21,,,6.6,,
IT003.O21,23520543,IT003.O21,8.1,,,7.1,
IT003.O21.2,23520543,IT003.O21,,,9.8,,
MA004.O21,23520543,MA004.O21,6,8.8,,8.5,
MA005.O21,23520543,MA005.O21,7.8,5.4,,5.8,
IT012.O21,23520543,IT012.O21,9.8,6.2,,5.8,
IT012.O21.2,23520543,IT012.O21,,,6.4,,
SS003.O23,23520543,SS003.O23,7.7,,,7.6,
SS009.O24,23520543,SS009.O24,5,,,5,
IT004.P11,23520543,IT004.P11,,7.5,,5.9,
IT004.P11.1,23520543,IT004.P11,,,8,,
IT005.P11.CNVN,23520543,IT005.P11.CNVN,9,5.5,,7.5,
IT005.P11.CNVN.2,23520543,IT005.P11.CNVN,,,7,,
IT007.P11,23520543,IT007.P11,9,9.8,,7.1,
IT007.P11.1,23520543,IT007.P11,,,6.2,,
SS007.P12,23520543,SS007.P12,9.4,,,5.1,
SS008.P15,23520543,SS008.P15,6.7,,,7,
IE101.P21,23520543,IE101.P21,5.9,,,8.4,
IE101.P21.2,23520543,IE101.P21,,,7.6,,
IE103.P21,23520543,IE103.P21,6.2,,,7.1,
IE103.P21.2,23520543,IE103.P21,,,8.5,,
IE108.P21,23520543,IE108.P21,,6.6,,5.3,
IE108.P21.2,23520543,IE108.P21,,,7.3,,
SS004.P22,23520543,SS004.P22,6,,,8.1,
IE104.Q11.CNVN,23520543,IE104.Q11.CNVN,,,,,
IE104.Q11.CNVN.1,23520543,IE104.Q11.CNVN,,,,,
IE106.Q11.CNVN,23520543,IE106.Q11.CNVN,,,,,
IE106.Q11.CNVN.1,23520543,IE106.Q11.CNVN,,,,,
IE307.Q12,23520543,IE307.Q12,,,,,
IE307.Q12.1,23520543,IE307.Q12,,,,,
SE104.Q13,23520543,SE104.Q13,,,,,
SE104.Q13.1,23520543,SE104.Q13,,,,,
PE231.Q116,23520543,PE231.Q116,,,,,
IT001.O11,23520544,IT001.O11,6,,,5.7,
IT001.O11.1,23520544,IT001.O11,,,9.5,,
MA003.O11,23520544,MA003.O11,6.7,6.5,,7.7,
MA006.O11,23520544,MA006.O11,8.5,8.4,,9,
IE005.O11,23520544,IE005.O11,6.3,,,7.1,
SS006.O11,23520544,SS006.O11,,6.8,,7.6,
IT002.O21,23520544,IT002.O21,7.9,,,8.1,
IT002.O21.2,23520544,IT002.O21,,,5.3,,
IT003.O21,23520544,IT003.O21,6.9,,,8.5,
IT003.O21.2,23520544,IT003.O21,,,5.2,,
MA004.O21,23520544,MA004.O21,8.7,8.4,,7,
MA005.O21,23520544,MA005.O21,7.2,6.3,,8.7,
IT012.O21,23520544,IT012.O21,7.4,6.3,,5.1,
IT012.O21.2,23520544,IT012.O21,,,6.7,,
SS003.O23,23520544,SS003.O23,9.6,,,8.4,
SS009.O24,23520544,SS009.O24,8.1,,,9.7,
IT004.P11,23520544,IT004.P11,,5.2,,8,
IT004.P11.1,23520544,IT004.P11,,,5.9,,
IT005.P11.CNVN,23520544,IT005.P11.CNVN,7,5.9,,6.7,
IT005.P11.CNVN.2,23520544,IT005.P11.CNVN,,,9.5,,
IT007.P11,23520544,IT007.P11,8.6,9.2,,5.4,
IT007.P11.1,23520544,IT007.P11,,,6.5,,
SS007.P12,23520544,SS007.P12,8.9,,,5.2,
SS008.P15,23520544,SS008.P15,5.9,,,5.4,
IE101.P21,23520544,IE101.P21,9.1,,,6.2,
IE101.P21.2,23520544,IE101.P21,,,7.1,,
IE103.P21,23520544,IE103.P21,5.1,,,5.6,
IE103.P21.2,23520544,IE103.P21,,,7.6,,
IE108.P21,23520544,IE108.P21,,9,,6.7,
IE108.P21.2,23520544,IE108.P21,,,6.6,,
SS004.P22,23520544,SS004.P22,5.2,,,5.5,
IE104.Q11.CNVN,23520544,IE104.Q11.CNVN,,,,,
IE104.Q11.CNVN.1,23520544,IE104.Q11.CNVN,,,,,
IE106.Q11.CNVN,23520544,IE106.Q11.CNVN,,,,,
IE106.Q11.CNVN.1,23520544,IE106.Q11.CNVN,,,,,
IE307.Q12,23520544,IE307.Q12,,,,,
IE307.Q12.1,23520544,IE307.Q12,,,,,
SE104.Q13,23520544,SE104.Q13,,,,,
SE104.Q13.1,23520544,SE104.Q13,,,,,
PE231.Q116,23520544,PE231.Q116,,,,,
IT001.O11,23520545,IT001.O11,5.7,,,6,
IT001.O11.1,23520545,IT001.O11,,,7.8,,
MA003.O11,23520545,MA003.O11,6.8,9.9,,6.4,
MA006.O11,23520545,MA006.O11,9.3,5.5,,7.6,
IE005.O11,23520545,IE005.O11,7.7,,,8.3,
SS006.O11,23520545,SS006.O11,,7.1,,7.6,
IT002.O21,23520545,IT002.O21,8.9,,,5.8,
IT002.O21.2,23520545,IT002.O21,,,7.7,,
IT003.O21,23520545,IT003.O21,7.9,,,8.9,
IT003.O21.2,23520545,IT003.O21,,,5.8,,
MA004.O21,23520545,MA004.O21,7.1,5.1,,8.3,
MA005.O21,23520545,MA005.O21,9.3,6.8,,9.1,
IT012.O21,23520545,IT012.O21,8.3,5.1,,7.4,
IT012.O21.2,23520545,IT012.O21,,,5.2,,
SS003.O23,23520545,SS003.O23,6.6,,,9,
SS009.O24,23520545,SS009.O24,5.6,,,7.8,
IT004.P11,23520545,IT004.P11,,5.3,,5.5,
IT004.P11.1,23520545,IT004.P11,,,9.8,,
IT005.P11.CNVN,23520545,IT005.P11.CNVN,5.5,5.9,,9.7,
IT005.P11.CNVN.2,23520545,IT005.P11.CNVN,,,6.5,,
IT007.P11,23520545,IT007.P11,6.1,5.5,,7.5,
IT007.P11.1,23520545,IT007.P11,,,5.3,,
SS007.P12,23520545,SS007.P12,6.1,,,6.1,
SS008.P15,23520545,SS008.P15,8.7,,,5.8,
IE101.P21,23520545,IE101.P21,7.9,,,6.2,
IE101.P21.2,23520545,IE101.P21,,,10,,
IE103.P21,23520545,IE103.P21,10,,,9.6,
IE103.P21.2,23520545,IE103.P21,,,9.5,,
IE108.P21,23520545,IE108.P21,,7.8,,9.7,
IE108.P21.2,23520545,IE108.P21,,,8.2,,
SS004.P22,23520545,SS004.P22,5.8,,,8.7,
IE104.Q11.CNVN,23520545,IE104.Q11.CNVN,,,,,
IE104.Q11.CNVN.1,23520545,IE104.Q11.CNVN,,,,,
IE106.Q11.CNVN,23520545,IE106.Q11.CNVN,,,,,
IE106.Q11.CNVN.1,23520545,IE106.Q11.CNVN,,,,,
IE307.Q12,23520545,IE307.Q12,,,,,
IE307.Q12.1,23520545,IE307.Q12,,,,,
SE104.Q13,23520545,SE104.Q13,,,,,
SE104.Q13.1,23520545,SE104.Q13,,,,,
PE231.Q116,23520545,PE231.Q116,,,,,
IT001.O11,23520546,IT001.O11,9.2,,,5.1,
IT001.O11.1,23520546,IT001.O11,,,6,,
MA003.O11,23520546,MA003.O11,8.9,8.8,,7.8,
MA006.O11,23520546,MA006.O11,5.6,6.3,,6.2,
IE005.O11,23520546,IE005.O11,9.9,,,6.1,
SS006.O11,23520546,SS006.O11,,6.9,,8.4,
IT002.O21,23520546,IT002.O21,8.3,,,7.8,
IT002.O21.2,23520546,IT002.O21,,,8.3,,
IT003.O21,23520546,IT003.O21,9.3,,,9.6,
IT003.O21.2,23520546,IT003.O21,,,5.5,,
MA004.O21,23520546,MA004.O21,5.2,9.6,,9.6,
MA005.O21,23520546,MA005.O21,6.8,7,,8.4,
IT012.O21,23520546,IT012.O21,7.1,5.6,,6.2,
IT012.O21.2,23520546,IT012.O21,,,6.5,,
SS003.O23,23520546,SS003.O23,7.8,,,5.9,
SS009.O24,23520546,SS009.O24,8.6,,,9.8,
IT004.P11,23520546,IT004.P11,,6.9,,7.9,
IT004.P11.1,23520546,IT004.P11,,,8.2,,
IT005.P11.CNVN,23520546,IT005.P11.CNVN,9,8.1,,7.6,
IT005.P11.CNVN.2,23520546,IT005.P11.CNVN,,,8.6,,
IT007.P11,23520546,IT007.P11,5.1,9.7,,9.5,
IT007.P11.1,23520546,IT007.P11,,,8.5,,
SS007.P12,23520546,SS007.P12,6,,,8.1,
SS008.P15,23520546,SS008.P15,5.1,,,7,
IE101.P21,23520546,IE101.P21,6.1,,,7.8,
IE101.P21.2,23520546,IE101.P21,,,6.3,,
IE103.P21,23520546,IE103.P21,5.5,,,9,
IE103.P21.2,23520546,IE103.P21,,,6.3,,
IE108.P21,23520546,IE108.P21,,7.8,,5.1,
IE108.P21.2,23520546,IE108.P21,,,7.8,,
SS004.P22,23520546,SS004.P22,8.9,,,8.9,
IE104.Q11.CNVN,23520546,IE104.Q11.CNVN,,,,,
IE104.Q11.CNVN.1,23520546,IE104.Q11.CNVN,,,,,
IE106.Q11.CNVN,23520546,IE106.Q11.CNVN,,,,,
IE106.Q11.CNVN.1,23520546,IE106.Q11.CNVN,,,,,
IE307.Q12,23520546,IE307.Q12,,,,,
IE307.Q12.1,23520546,IE307.Q12,,,,,
SE104.Q13,23520546,SE104.Q13,,,,,
SE104.Q13.1,23520546,SE104.Q13,,,,,
PE231.Q116,23520546,PE231.Q116,,,,,
IT001.O11,23520547,IT001.O11,6.6,,,5.6,
IT001.O11.1,23520547,IT001.O11,,,8,,
MA003.O11,23520547,MA003.O11,6.5,6.4,,6.1,
MA006.O11,23520547,MA006.O11,7,8.4,,7,
IE005.O11,23520547,IE005.O11,8.2,,,8.6,
SS006.O11,23520547,SS006.O11,,9.1,,7.9,
IT002.O21,23520547,IT002.O21,10,,,7.5,
IT002.O21.2,23520547,IT002.O21,,,7.7,,
IT003.O21,23520547,IT003.O21,8.3,,,9.9,
IT003.O21.2,23520547,IT003.O21,,,8.5,,
MA004.O21,23520547,MA004.O21,9.6,5.8,,7.1,
MA005.O21,23520547,MA005.O21,8.5,8.7,,9.2,
IT012.O21,23520547,IT012.O21,6.3,6.6,,7.1,
IT012.O21.2,23520547,IT012.O21,,,7,,
SS003.O23,23520547,SS003.O23,5.5,,,6.9,
SS009.O24,23520547,SS009.O24,8.2,,,8.7,
IT004.P11,23520547,IT004.P11,,6.1,,8.1,
IT004.P11.1,23520547,IT004.P11,,,8.8,,
IT005.P11.CNVN,23520547,IT005.P11.CNVN,5.8,5.1,,5.8,
IT005.P11.CNVN.2,23520547,IT005.P11.CNVN,,,8.4,,
IT007.P11,23520547,IT007.P11,9.6,6.9,,6.6,
IT007.P11.1,23520547,IT007.P11,,,8.1,,
SS007.P12,23520547,SS007.P12,6.6,,,5.2,
SS008.P15,23520547,SS008.P15,6.2,,,8,
IE101.P21,23520547,IE101.P21,7.3,,,6.7,
IE101.P21.2,23520547,IE101.P21,,,7,,
IE103.P21,23520547,IE103.P21,5.7,,,8.8,
IE103.P21.2,23520547,IE103.P21,,,6.9,,
IE108.P21,23520547,IE108.P21,,8.4,,7.8,
IE108.P21.2,23520547,IE108.P21,,,9.5,,
SS004.P22,23520547,SS004.P22,9,,,5.7,
IE104.Q11.CNVN,23520547,IE104.Q11.CNVN,,,,,
IE104.Q11.CNVN.1,23520547,IE104.Q11.CNVN,,,,,
IE106.Q11.CNVN,23520547,IE106.Q11.CNVN,,,,,
IE106.Q11.CNVN.1,23520547,IE106.Q11.CNVN,,,,,
IE307.Q12,23520547,IE307.Q12,,,,,
IE307.Q12.1,23520547,IE307.Q12,,,,,
SE104.Q13,23520547,SE104.Q13,,,,,
SE104.Q13.1,23520547,SE104.Q13,,,,,
PE231.Q116,23520547,PE231.Q116,,,,,
IT001.O11,23520548,IT001.O11,7.3,,,5.1,
IT001.O11.1,23520548,IT001.O11,,,8.8,,
MA003.O11,23520548,MA003.O11,6.2,9.9,,6.1,
MA006.O11,23520548,MA006.O11,7.5,7.5,,9.1,
IE005.O11,23520548,IE005.O11,8,,,9.4,
SS006.O11,23520548,SS006.O11,,6.6,,5.5,
IT002.O21,23520548,IT002.O21,5.9,,,5.2,
IT002.O21.2,23520548,IT002.O21,,,8.5,,
IT003.O21,23520548,IT003.O21,8.4,,,8.8,
IT003.O21.2,23520548,IT003.O21,,,8.9,,
MA004.O21,23520548,MA004.O21,5.6,5.3,,8.3,
MA005.O21,23520548,MA005.O21,5,6.7,,7.9,
IT012.O21,23520548,IT012.O21,8.3,8.1,,9.7,
IT012.O21.2,23520548,IT012.O21,,,9.9,,
SS003.O23,23520548,SS003.O23,6.6,,,6.6,
SS009.O24,23520548,SS009.O24,5.1,,,5.6,
IT004.P11,23520548,IT004.P11,,7.2,,8.2,
IT004.P11.1,23520548,IT004.P11,,,6.2,,
IT005.P11.CNVN,23520548,IT005.P11.CNVN,5.5,8.4,,8.4,
IT005.P11.CNVN.2,23520548,IT005.P11.CNVN,,,7.5,,
IT007.P11,23520548,IT007.P11,5.7,6,,6.3,
IT007.P11.1,23520548,IT007.P11,,,9.3,,
SS007.P12,23520548,SS007.P12,9.6,,,5.2,
SS008.P15,23520548,SS008.P15,9.7,,,9.6,
IE101.P21,23520548,IE101.P21,9,,,6.2,
IE101.P21.2,23520548,IE101.P21,,,9.8,,
IE103.P21,23520548,IE103.P21,9,,,5.7,
IE103.P21.2,23520548,IE103.P21,,,5.2,,
IE108.P21,23520548,IE108.P21,,6.9,,7.9,
IE108.P21.2,23520548,IE108.P21,,,5.1,,
SS004.P22,23520548,SS004.P22,9.8,,,8.4,
IE104.Q11.CNVN,23520548,IE104.Q11.CNVN,,,,,
IE104.Q11.CNVN.1,23520548,IE104.Q11.CNVN,,,,,
IE106.Q11.CNVN,23520548,IE106.Q11.CNVN,,,,,
IE106.Q11.CNVN.1,23520548,IE106.Q11.CNVN,,,,,
IE307.Q12,23520548,IE307.Q12,,,,,
IE307.Q12.1,23520548,IE307.Q12,,,,,
SE104.Q13,23520548,SE104.Q13,,,,,
SE104.Q13.1,23520548,SE104.Q13,,,,,
PE231.Q116,23520548,PE231.Q116,,,,,
IT001.O11,23520549,IT001.O11,7.6,,,7.5,
IT001.O11.1,23520549,IT001.O11,,,5.5,,
MA003.O11,23520549,MA003.O11,8.7,8.7,,5.1,
MA006.O11,23520549,MA006.O11,9,6.8,,9.7,
IE005.O11,23520549,IE005.O11,6.7,,,6.1,
SS006.O11,23520549,SS006.O11,,6,,6.7,
IT002.O21,23520549,IT002.O21,5.4,,,5.8,
IT002.O21.2,23520549,IT002.O21,,,7.4,,
IT003.O21,23520549,IT003.O21,7.8,,,7.8,
IT003.O21.2,23520549,IT003.O21,,,5.7,,
MA004.O21,23520549,MA004.O21,5.1,5.7,,9.5,
MA005.O21,23520549,MA005.O21,5.7,8.4,,7.8,
IT012.O21,23520549,IT012.O21,8,9.7,,6.3,
IT012.O21.2,23520549,IT012.O21,,,8.5,,
SS003.O23,23520549,SS003.O23,7.6,,,6.8,
SS009.O24,23520549,SS009.O24,7,,,6,
IT004.P11,23520549,IT004.P11,,5.5,,9.6,
IT004.P11.1,23520549,IT004.P11,,,8.2,,
IT005.P11.CNVN,23520549,IT005.P11.CNVN,5.8,9,,5.9,
IT005.P11.CNVN.2,23520549,IT005.P11.CNVN,,,8.3,,
IT007.P11,23520549,IT007.P11,7.9,9,,7.1,
IT007.P11.1,23520549,IT007.P11,,,9.8,,
SS007.P12,23520549,SS007.P12,8.6,,,7.2,
SS008.P15,23520549,SS008.P15,5.6,,,6.3,
IE101.P21,23520549,IE101.P21,5.7,,,7.6,
IE101.P21.2,23520549,IE101.P21,,,9,,
IE103.P21,23520549,IE103.P21,8.7,,,8.2,
IE103.P21.2,23520549,IE103.P21,,,7.1,,
IE108.P21,23520549,IE108.P21,,6.4,,9,
IE108.P21.2,23520549,IE108.P21,,,8.4,,
SS004.P22,23520549,SS004.P22,8.3,,,7.8,
IE104.Q11.CNVN,23520549,IE104.Q11.CNVN,,,,,
IE104.Q11.CNVN.1,23520549,IE104.Q11.CNVN,,,,,
IE106.Q11.CNVN,23520549,IE106.Q11.CNVN,,,,,
IE106.Q11.CNVN.1,23520549,IE106.Q11.CNVN,,,,,
IE307.Q12,23520549,IE307.Q12,,,,,
IE307.Q12.2,23520549,IE307.Q12,,,,,
SE104.Q13,23520549,SE104.Q13,,,,,
SE104.Q13.1,23520549,SE104.Q13,,,,,
PE231.Q116,23520549,PE231.Q116,,,,,
IT001.O11,23520550,IT001.O11,9,,,7.9,
IT001.O11.1,23520550,IT001.O11,,,6.3,,
MA003.O11,23520550,MA003.O11,6.9,6.5,,6.5,
MA006.O11,23520550,MA006.O11,9.5,8.6,,8.1,
IE005.O11,23520550,IE005.O11,7.3,,,7.4,
SS006.O11,23520550,SS006.O11,,5.5,,7.4,
IT002.O21,23520550,IT002.O21,7.9,,,6.8,
IT002.O21.2,23520550,IT002.O21,,,7.5,,
IT003.O21,23520550,IT003.O21,10,,,9.6,
IT003.O21.2,23520550,IT003.O21,,,5.4,,
MA004.O21,23520550,MA004.O21,9.7,9,,9.1,
MA005.O21,23520550,MA005.O21,9,6,,5.7,
IT012.O21,23520550,IT012.O21,8.2,9.1,,5.5,
IT012.O21.2,23520550,IT012.O21,,,5.1,,
SS003.O23,23520550,SS003.O23,9.7,,,9.6,
SS009.O24,23520550,SS009.O24,6.3,,,9.1,
IT004.P11,23520550,IT004.P11,,6.5,,9.2,
IT004.P11.1,23520550,IT004.P11,,,5.1,,
IT005.P11.CNVN,23520550,IT005.P11.CNVN,8,6.1,,8.2,
IT005.P11.CNVN.2,23520550,IT005.P11.CNVN,,,5.1,,
IT007.P11,23520550,IT007.P11,8.2,5.5,,7.2,
IT007.P11.1,23520550,IT007.P11,,,5.3,,
SS007.P12,23520550,SS007.P12,6.9,,,5.8,
SS008.P15,23520550,SS008.P15,6.6,,,7.3,
IE101.P21,23520550,IE101.P21,8.3,,,8.2,
IE101.P21.2,23520550,IE101.P21,,,7.6,,
IE103.P21,23520550,IE103.P21,9.3,,,7.1,
IE103.P21.2,23520550,IE103.P21,,,5.7,,
IE108.P21,23520550,IE108.P21,,8.4,,6.8,
IE108.P21.2,23520550,IE108.P21,,,9.7,,
SS004.P22,23520550,SS004.P22,7,,,5.1,
IE104.Q11.CNVN,23520550,IE104.Q11.CNVN,,,,,
IE104.Q11.CNVN.1,23520550,IE104.Q11.CNVN,,,,,
IE106.Q11.CNVN,23520550,IE106.Q11.CNVN,,,,,
IE106.Q11.CNVN.1,23520550,IE106.Q11.CNVN,,,,,
IE307.Q12,23520550,IE307.Q12,,,,,
IE307.Q12.2,23520550,IE307.Q12,,,,,
SE104.Q13,23520550,SE104.Q13,,,,,
SE104.Q13.1,23520550,SE104.Q13,,,,,
PE231.Q116,23520550,PE231.Q116,,,,,
IT001.O11,23520551,IT001.O11,6.7,,,9.8,
IT001.O11.1,23520551,IT001.O11,,,7.4,,
MA003.O11,23520551,MA003.O11,9.1,6.8,,8,
MA006.O11,23520551,MA006.O11,5.4,6,,5.5,
IE005.O11,23520551,IE005.O11,7,,,6.6,
SS006.O11,23520551,SS006.O11,,7.8,,8.2,
IT002.O21,23520551,IT002.O21,6.2,,,6.3,
IT002.O21.2,23520551,IT002.O21,,,5.1,,
IT003.O21,23520551,IT003.O21,5.6,,,6.9,
IT003.O21.2,23520551,IT003.O21,,,9.5,,
MA004.O21,23520551,MA004.O21,5.9,7,,5.1,
MA005.O21,23520551,MA005.O21,7.9,7.1,,6.7,
IT012.O21,23520551,IT012.O21,6.9,6.4,,7,
IT012.O21.2,23520551,IT012.O21,,,5.9,,
SS003.O23,23520551,SS003.O23,8.6,,,9.7,
SS009.O24,23520551,SS009.O24,9.5,,,6.8,
IT004.P11,23520551,IT004.P11,,5.1,,8.8,
IT004.P11.1,23520551,IT004.P11,,,7.3,,
IT005.P11.CNVN,23520551,IT005.P11.CNVN,7.7,8.3,,9.1,
IT005.P11.CNVN.2,23520551,IT005.P11.CNVN,,,7.6,,
IT007.P11,23520551,IT007.P11,7.2,5.7,,5.2,
IT007.P11.1,23520551,IT007.P11,,,5.8,,
SS007.P12,23520551,SS007.P12,5.8,,,9.7,
SS008.P15,23520551,SS008.P15,7.8,,,5.1,
IE101.P21,23520551,IE101.P21,6.6,,,7.1,
IE101.P21.2,23520551,IE101.P21,,,9.2,,
IE103.P21,23520551,IE103.P21,7.1,,,7.7,
IE103.P21.2,23520551,IE103.P21,,,6.3,,
IE108.P21,23520551,IE108.P21,,6.6,,5.4,
IE108.P21.2,23520551,IE108.P21,,,8.9,,
SS004.P22,23520551,SS004.P22,7.4,,,8.7,
IE104.Q11.CNVN,23520551,IE104.Q11.CNVN,,,,,
IE104.Q11.CNVN.1,23520551,IE104.Q11.CNVN,,,,,
IE106.Q11.CNVN,23520551,IE106.Q11.CNVN,,,,,
IE106.Q11.CNVN.1,23520551,IE106.Q11.CNVN,,,,,
IE307.Q12,23520551,IE307.Q12,,,,,
IE307.Q12.2,23520551,IE307.Q12,,,,,
SE104.Q13,23520551,SE104.Q13,,,,,
SE104.Q13.1,23520551,SE104.Q13,,,,,
PE231.Q116,23520551,PE231.Q116,,,,,
IT001.O11,23520552,IT001.O11,7.9,,,5.4,
IT001.O11.1,23520552,IT001.O11,,,6.3,,
MA003.O11,23520552,MA003.O11,6.6,8.9,,6.7,
MA006.O11,23520552,MA006.O11,9.8,9,,8.5,
IE005.O11,23520552,IE005.O11,7.7,,,8.5,
SS006.O11,23520552,SS006.O11,,6.7,,5.5,
IT002.O21,23520552,IT002.O21,9.3,,,7.3,
IT002.O21.2,23520552,IT002.O21,,,9.8,,
IT003.O21,23520552,IT003.O21,8.7,,,7.9,
IT003.O21.2,23520552,IT003.O21,,,7.1,,
MA004.O21,23520552,MA004.O21,8.4,6.2,,6.8,
MA005.O21,23520552,MA005.O21,6.6,9.1,,9.7,
IT012.O21,23520552,IT012.O21,5.5,5.1,,6.8,
IT012.O21.2,23520552,IT012.O21,,,8.4,,
SS003.O23,23520552,SS003.O23,7.2,,,8.8,
SS009.O24,23520552,SS009.O24,9.8,,,8.3,
IT004.P11,23520552,IT004.P11,,8.3,,5.7,
IT004.P11.1,23520552,IT004.P11,,,7.9,,
IT005.P11.CNVN,23520552,IT005.P11.CNVN,8.1,6,,5.1,
IT005.P11.CNVN.2,23520552,IT005.P11.CNVN,,,8.4,,
IT007.P11,23520552,IT007.P11,10,8.2,,6,
IT007.P11.1,23520552,IT007.P11,,,9.4,,
SS007.P12,23520552,SS007.P12,6.6,,,6.7,
SS008.P15,23520552,SS008.P15,9.1,,,9,
IE101.P21,23520552,IE101.P21,9.7,,,9.4,
IE101.P21.2,23520552,IE101.P21,,,5,,
IE103.P21,23520552,IE103.P21,6.1,,,7.9,
IE103.P21.2,23520552,IE103.P21,,,6.2,,
IE108.P21,23520552,IE108.P21,,9.3,,8.7,
IE108.P21.2,23520552,IE108.P21,,,8.8,,
SS004.P22,23520552,SS004.P22,9.7,,,8.5,
IE104.Q11.CNVN,23520552,IE104.Q11.CNVN,,,,,
IE104.Q11.CNVN.1,23520552,IE104.Q11.CNVN,,,,,
IE106.Q11.CNVN,23520552,IE106.Q11.CNVN,,,,,
IE106.Q11.CNVN.1,23520552,IE106.Q11.CNVN,,,,,
IE307.Q12,23520552,IE307.Q12,,,,,
IE307.Q12.2,23520552,IE307.Q12,,,,,
SE104.Q13,23520552,SE104.Q13,,,,,
SE104.Q13.1,23520552,SE104.Q13,,,,,
PE231.Q116,23520552,PE231.Q116,,,,,
IT001.O11,23520553,IT001.O11,9.8,,,7.3,
IT001.O11.1,23520553,IT001.O11,,,5.7,,
MA003.O11,23520553,MA003.O11,7.6,9.7,,8.1,
MA006.O11,23520553,MA006.O11,6.6,5.5,,5.7,
IE005.O11,23520553,IE005.O11,5.6,,,8.6,
SS006.O11,23520553,SS006.O11,,6.6,,7.2,
IT002.O21,23520553,IT002.O21,9.9,,,6.7,
IT002.O21.2,23520553,IT002.O21,,,8.3,,
IT003.O21,23520553,IT003.O21,6.7,,,6.9,
IT003.O21.2,23520553,IT003.O21,,,7.1,,
MA004.O21,23520553,MA004.O21,7.2,5.6,,8.2,
MA005.O21,23520553,MA005.O21,7.8,5.6,,9.9,
IT012.O21,23520553,IT012.O21,9.9,6.4,,6.7,
IT012.O21.2,23520553,IT012.O21,,,8.9,,
SS003.O23,23520553,SS003.O23,7.5,,,7.8,
SS009.O24,23520553,SS009.O24,8.8,,,8.8,
IT004.P11,23520553,IT004.P11,,6.3,,7.4,
IT004.P11.1,23520553,IT004.P11,,,9.1,,
IT005.P11.CNVN,23520553,IT005.P11.CNVN,9.4,9.3,,9,
IT005.P11.CNVN.2,23520553,IT005.P11.CNVN,,,8.3,,
IT007.P11,23520553,IT007.P11,5.1,6.8,,8.5,
IT007.P11.1,23520553,IT007.P11,,,6.2,,
SS007.P12,23520553,SS007.P12,5.3,,,8,
SS008.P15,23520553,SS008.P15,8.8,,,10,
IE101.P21,23520553,IE101.P21,8.6,,,7.2,
IE101.P21.2,23520553,IE101.P21,,,5.2,,
IE103.P21,23520553,IE103.P21,8.4,,,9.5,
IE103.P21.2,23520553,IE103.P21,,,7.6,,
IE108.P21,23520553,IE108.P21,,7.8,,5.5,
IE108.P21.2,23520553,IE108.P21,,,6.6,,
SS004.P22,23520553,SS004.P22,8,,,9,
IE104.Q11.CNVN,23520553,IE104.Q11.CNVN,,,,,
IE104.Q11.CNVN.1,23520553,IE104.Q11.CNVN,,,,,
IE106.Q11.CNVN,23520553,IE106.Q11.CNVN,,,,,
IE106.Q11.CNVN.1,23520553,IE106.Q11.CNVN,,,,,
IE307.Q12,23520553,IE307.Q12,,,,,
IE307.Q12.2,23520553,IE307.Q12,,,,,
SE104.Q13,23520553,SE104.Q13,,,,,
SE104.Q13.1,23520553,SE104.Q13,,,,,
PE231.Q116,23520553,PE231.Q116,,,,,
IT001.O11,23520554,IT001.O11,6.6,,,9.2,
IT001.O11.1,23520554,IT001.O11,,,7.9,,
MA003.O11,23520554,MA003.O11,7.8,6,,8.5,
MA006.O11,23520554,MA006.O11,5.7,7.1,,9.4,
IE005.O11,23520554,IE005.O11,9.3,,,9.7,
SS006.O11,23520554,SS006.O11,,6,,9.5,
IT002.O21,23520554,IT002.O21,7.3,,,5.8,
IT002.O21.2,23520554,IT002.O21,,,9.5,,
IT003.O21,23520554,IT003.O21,9.8,,,9.9,
IT003.O21.2,23520554,IT003.O21,,,6.8,,
MA004.O21,23520554,MA004.O21,6.1,9.6,,8.6,
MA005.O21,23520554,MA005.O21,9.6,8.6,,9.9,
IT012.O21,23520554,IT012.O21,8.7,9.1,,9.6,
IT012.O21.2,23520554,IT012.O21,,,7.1,,
SS003.O23,23520554,SS003.O23,9.6,,,7.1,
SS009.O24,23520554,SS009.O24,9.8,,,7.7,
IT004.P11,23520554,IT004.P11,,8.2,,5,
IT004.P11.1,23520554,IT004.P11,,,6.7,,
IT005.P11.CNVN,23520554,IT005.P11.CNVN,6.4,5.1,,6.6,
IT005.P11.CNVN.2,23520554,IT005.P11.CNVN,,,6.3,,
IT007.P11,23520554,IT007.P11,5.5,6.3,,9.3,
IT007.P11.1,23520554,IT007.P11,,,6.1,,
SS007.P12,23520554,SS007.P12,8.5,,,10,
SS008.P15,23520554,SS008.P15,5,,,8.6,
IE101.P21,23520554,IE101.P21,5.7,,,5.9,
IE101.P21.2,23520554,IE101.P21,,,6.5,,
IE103.P21,23520554,IE103.P21,9.6,,,9.4,
IE103.P21.2,23520554,IE103.P21,,,5.5,,
IE108.P21,23520554,IE108.P21,,9,,5.4,
IE108.P21.2,23520554,IE108.P21,,,6.8,,
SS004.P22,23520554,SS004.P22,10,,,9.4,
IE104.Q11.CNVN,23520554,IE104.Q11.CNVN,,,,,
IE104.Q11.CNVN.1,23520554,IE104.Q11.CNVN,,,,,
IE106.Q11.CNVN,23520554,IE106.Q11.CNVN,,,,,
IE106.Q11.CNVN.1,23520554,IE106.Q11.CNVN,,,,,
IE307.Q12,23520554,IE307.Q12,,,,,
IE307.Q12.2,23520554,IE307.Q12,,,,,
SE104.Q13,23520554,SE104.Q13,,,,,
SE104.Q13.1,23520554,SE104.Q13,,,,,
PE231.Q116,23520554,PE231.Q116,,,,,
IT001.O11,23520555,IT001.O11,5.5,,,7.8,
IT001.O11.1,23520555,IT001.O11,,,7.1,,
MA003.O11,23520555,MA003.O11,8.4,9.3,,7.8,
MA006.O11,23520555,MA006.O11,9.7,9.5,,5.8,
IE005.O11,23520555,IE005.O11,5.3,,,6,
SS006.O11,23520555,SS006.O11,,7.5,,8.5,
IT002.O21,23520555,IT002.O21,9.3,,,8.7,
IT002.O21.2,23520555,IT002.O21,,,8.3,,
IT003.O21,23520555,IT003.O21,8,,,8.3,
IT003.O21.2,23520555,IT003.O21,,,7,,
MA004.O21,23520555,MA004.O21,8.3,9.2,,9.3,
MA005.O21,23520555,MA005.O21,8.6,8.4,,5.4,
IT012.O21,23520555,IT012.O21,6.6,7.3,,6.5,
IT012.O21.2,23520555,IT012.O21,,,6,,
SS003.O23,23520555,SS003.O23,6.9,,,9.2,
SS009.O24,23520555,SS009.O24,6.3,,,9.7,
IT004.P11,23520555,IT004.P11,,5,,7.1,
IT004.P11.1,23520555,IT004.P11,,,8.6,,
IT005.P11.CNVN,23520555,IT005.P11.CNVN,8.8,5.1,,5.6,
IT005.P11.CNVN.2,23520555,IT005.P11.CNVN,,,5.4,,
IT007.P11,23520555,IT007.P11,7.8,5.5,,7,
IT007.P11.1,23520555,IT007.P11,,,6.4,,
SS007.P12,23520555,SS007.P12,5.5,,,6.9,
SS008.P15,23520555,SS008.P15,7.2,,,7.9,
IE101.P21,23520555,IE101.P21,6.7,,,5.3,
IE101.P21.2,23520555,IE101.P21,,,6.6,,
IE103.P21,23520555,IE103.P21,8.5,,,5,
IE103.P21.2,23520555,IE103.P21,,,7.6,,
IE108.P21,23520555,IE108.P21,,5.1,,9.3,
IE108.P21.2,23520555,IE108.P21,,,6,,
SS004.P22,23520555,SS004.P22,7.7,,,5.5,
IE104.Q11.CNVN,23520555,IE104.Q11.CNVN,,,,,
IE104.Q11.CNVN.1,23520555,IE104.Q11.CNVN,,,,,
IE106.Q11.CNVN,23520555,IE106.Q11.CNVN,,,,,
IE106.Q11.CNVN.1,23520555,IE106.Q11.CNVN,,,,,
IE307.Q12,23520555,IE307.Q12,,,,,
IE307.Q12.2,23520555,IE307.Q12,,,,,
SE104.Q13,23520555,SE104.Q13,,,,,
SE104.Q13.1,23520555,SE104.Q13,,,,,
PE231.Q116,23520555,PE231.Q116,,,,,
IT001.O11,23520556,IT001.O11,7.7,,,9,
IT001.O11.1,23520556,IT001.O11,,,9.6,,
MA003.O11,23520556,MA003.O11,8.9,9.5,,5,
MA006.O11,23520556,MA006.O11,9,5.2,,9.4,
IE005.O11,23520556,IE005.O11,10,,,8.6,
SS006.O11,23520556,SS006.O11,,8,,8.7,
IT002.O21,23520556,IT002.O21,5.4,,,9.3,
IT002.O21.2,23520556,IT002.O21,,,5.4,,
IT003.O21,23520556,IT003.O21,6.2,,,6.4,
IT003.O21.2,23520556,IT003.O21,,,8.4,,
MA004.O21,23520556,MA004.O21,7,6.9,,7.5,
MA005.O21,23520556,MA005.O21,8.8,9.2,,9.2,
IT012.O21,23520556,IT012.O21,6.4,5.3,,5.5,
IT012.O21.2,23520556,IT012.O21,,,5.6,,
SS003.O23,23520556,SS003.O23,8.7,,,5.4,
SS009.O24,23520556,SS009.O24,8.8,,,5,
IT004.P11,23520556,IT004.P11,,8.4,,6.2,
IT004.P11.1,23520556,IT004.P11,,,8.2,,
IT005.P11.CNVN,23520556,IT005.P11.CNVN,8.8,8.3,,5.4,
IT005.P11.CNVN.2,23520556,IT005.P11.CNVN,,,5.1,,
IT007.P11,23520556,IT007.P11,6.9,9.5,,7.3,
IT007.P11.1,23520556,IT007.P11,,,6.3,,
SS007.P12,23520556,SS007.P12,7.4,,,9.1,
SS008.P15,23520556,SS008.P15,6,,,5.6,
IE101.P21,23520556,IE101.P21,9.6,,,7.1,
IE101.P21.2,23520556,IE101.P21,,,7.2,,
IE103.P21,23520556,IE103.P21,6.6,,,6.2,
IE103.P21.2,23520556,IE103.P21,,,9.3,,
IE108.P21,23520556,IE108.P21,,9,,6.3,
IE108.P21.2,23520556,IE108.P21,,,8.6,,
SS004.P22,23520556,SS004.P22,9.6,,,7.1,
IE104.Q11.CNVN,23520556,IE104.Q11.CNVN,,,,,
IE104.Q11.CNVN.1,23520556,IE104.Q11.CNVN,,,,,
IE106.Q11.CNVN,23520556,IE106.Q11.CNVN,,,,,
IE106.Q11.CNVN.1,23520556,IE106.Q11.CNVN,,,,,
IE307.Q12,23520556,IE307.Q12,,,,,
IE307.Q12.2,23520556,IE307.Q12,,,,,
SE104.Q13,23520556,SE104.Q13,,,,,
SE104.Q13.1,23520556,SE104.Q13,,,,,
PE231.Q116,23520556,PE231.Q116,,,,,
IT001.O11,23520557,IT001.O11,9.9,,,5.5,
IT001.O11.1,23520557,IT001.O11,,,9.2,,
MA003.O11,23520557,MA003.O11,9.3,6.3,,6.4,
MA006.O11,23520557,MA006.O11,6.4,5.7,,9.1,
IE005.O11,23520557,IE005.O11,8.5,,,8.9,
SS006.O11,23520557,SS006.O11,,8.2,,6.3,
IT002.O21,23520557,IT002.O21,5.4,,,6.3,
IT002.O21.2,23520557,IT002.O21,,,8.9,,
IT003.O21,23520557,IT003.O21,5.1,,,7.7,
IT003.O21.2,23520557,IT003.O21,,,6.6,,
MA004.O21,23520557,MA004.O21,6.4,6.7,,8,
MA005.O21,23520557,MA005.O21,5.8,5.8,,9.2,
IT012.O21,23520557,IT012.O21,8.8,6.8,,6.2,
IT012.O21.2,23520557,IT012.O21,,,7.9,,
SS003.O23,23520557,SS003.O23,9.7,,,8.9,
SS009.O24,23520557,SS009.O24,7.2,,,8.2,
IT004.P11,23520557,IT004.P11,,6.8,,8.5,
IT004.P11.1,23520557,IT004.P11,,,7.6,,
IT005.P11.CNVN,23520557,IT005.P11.CNVN,5.1,8.4,,9.4,
IT005.P11.CNVN.2,23520557,IT005.P11.CNVN,,,7.4,,
IT007.P11,23520557,IT007.P11,5.8,6.5,,6,
IT007.P11.1,23520557,IT007.P11,,,9.2,,
SS007.P12,23520557,SS007.P12,8.7,,,6.5,
SS008.P15,23520557,SS008.P15,6.5,,,5.6,
IE101.P21,23520557,IE101.P21,7.2,,,9.9,
IE101.P21.2,23520557,IE101.P21,,,8.8,,
IE103.P21,23520557,IE103.P21,9.7,,,5.4,
IE103.P21.2,23520557,IE103.P21,,,9.6,,
IE108.P21,23520557,IE108.P21,,9.6,,9.1,
IE108.P21.2,23520557,IE108.P21,,,5.6,,
SS004.P22,23520557,SS004.P22,9.3,,,9.9,
IE104.Q11.CNVN,23520557,IE104.Q11.CNVN,,,,,
IE104.Q11.CNVN.1,23520557,IE104.Q11.CNVN,,,,,
IE106.Q11.CNVN,23520557,IE106.Q11.CNVN,,,,,
IE106.Q11.CNVN.1,23520557,IE106.Q11.CNVN,,,,,
IE307.Q12,23520557,IE307.Q12,,,,,
IE307.Q12.2,23520557,IE307.Q12,,,,,
SE104.Q13,23520557,SE104.Q13,,,,,
SE104.Q13.1,23520557,SE104.Q13,,,,,
PE231.Q116,23520557,PE231.Q116,,,,,
IT001.O11,23520558,IT001.O11,8.7,,,7.6,
IT001.O11.1,23520558,IT001.O11,,,6.7,,
MA003.O11,23520558,MA003.O11,9.4,8,,6.6,
MA006.O11,23520558,MA006.O11,5.4,5.1,,8.5,
IE005.O11,23520558,IE005.O11,6.5,,,5.7,
SS006.O11,23520558,SS006.O11,,6.5,,7.3,
IT002.O21,23520558,IT002.O21,9.2,,,7.4,
IT002.O21.2,23520558,IT002.O21,,,5.6,,
IT003.O21,23520558,IT003.O21,9.1,,,8.4,
IT003.O21.2,23520558,IT003.O21,,,7.7,,
MA004.O21,23520558,MA004.O21,9.5,7,,6.9,
MA005.O21,23520558,MA005.O21,5.3,8.5,,8.1,
IT012.O21,23520558,IT012.O21,9.7,5,,7.1,
IT012.O21.2,23520558,IT012.O21,,,7.2,,
SS003.O23,23520558,SS003.O23,7.1,,,5.2,
SS009.O24,23520558,SS009.O24,9.1,,,5.2,
IT004.P11,23520558,IT004.P11,,8.2,,6.6,
IT004.P11.1,23520558,IT004.P11,,,7.1,,
IT005.P11.CNVN,23520558,IT005.P11.CNVN,9.2,6,,7.6,
IT005.P11.CNVN.2,23520558,IT005.P11.CNVN,,,6.3,,
IT007.P11,23520558,IT007.P11,8.1,7.7,,8.3,
IT007.P11.1,23520558,IT007.P11,,,5.5,,
SS007.P12,23520558,SS007.P12,8.2,,,8.3,
SS008.P15,23520558,SS008.P15,5.3,,,9.8,
IE101.P21,23520558,IE101.P21,9.3,,,9,
IE101.P21.2,23520558,IE101.P21,,,8.9,,
IE103.P21,23520558,IE103.P21,7.5,,,9.6,
IE103.P21.2,23520558,IE103.P21,,,5.8,,
IE108.P21,23520558,IE108.P21,,8.7,,9.9,
IE108.P21.2,23520558,IE108.P21,,,5.3,,
SS004.P22,23520558,SS004.P22,8.2,,,9.9,
IE104.Q11.CNVN,23520558,IE104.Q11.CNVN,,,,,
IE104.Q11.CNVN.1,23520558,IE104.Q11.CNVN,,,,,
IE106.Q11.CNVN,23520558,IE106.Q11.CNVN,,,,,
IE106.Q11.CNVN.1,23520558,IE106.Q11.CNVN,,,,,
IE307.Q12,23520558,IE307.Q12,,,,,
IE307.Q12.2,23520558,IE307.Q12,,,,,
SE104.Q13,23520558,SE104.Q13,,,,,
SE104.Q13.1,23520558,SE104.Q13,,,,,
PE231.Q116,23520558,PE231.Q116,,,,,
IT001.O11,23520559,IT001.O11,5.7,,,7.8,
IT001.O11.1,23520559,IT001.O11,,,9.5,,
MA003.O11,23520559,MA003.O11,6.3,6.1,,8.6,
MA006.O11,23520559,MA006.O11,9,9.7,,8.3,
IE005.O11,23520559,IE005.O11,5.3,,,9.1,
SS006.O11,23520559,SS006.O11,,6.4,,7.8,
IT002.O21,23520559,IT002.O21,8.6,,,9.9,
IT002.O21.2,23520559,IT002.O21,,,7.8,,
IT003.O21,23520559,IT003.O21,5.7,,,7.6,
IT003.O21.2,23520559,IT003.O21,,,7.8,,
MA004.O21,23520559,MA004.O21,8.8,6,,7.8,
MA005.O21,23520559,MA005.O21,5.2,9.9,,5.1,
IT012.O21,23520559,IT012.O21,7.7,5.9,,6.4,
IT012.O21.2,23520559,IT012.O21,,,7,,
SS003.O23,23520559,SS003.O23,6.3,,,6.3,
SS009.O24,23520559,SS009.O24,6.5,,,7.5,
IT004.P11,23520559,IT004.P11,,9.8,,6,
IT004.P11.1,23520559,IT004.P11,,,5.9,,
IT005.P11.CNVN,23520559,IT005.P11.CNVN,5.2,9.6,,8.9,
IT005.P11.CNVN.2,23520559,IT005.P11.CNVN,,,9.2,,
IT007.P11,23520559,IT007.P11,5.7,7.2,,8.4,
IT007.P11.1,23520559,IT007.P11,,,7.7,,
SS007.P12,23520559,SS007.P12,8.7,,,6,
SS008.P15,23520559,SS008.P15,9.5,,,8,
IE101.P21,23520559,IE101.P21,8.1,,,7.9,
IE101.P21.2,23520559,IE101.P21,,,7.2,,
IE103.P21,23520559,IE103.P21,5.1,,,5.8,
IE103.P21.2,23520559,IE103.P21,,,7.4,,
IE108.P21,23520559,IE108.P21,,5.4,,8,
IE108.P21.2,23520559,IE108.P21,,,6,,
SS004.P22,23520559,SS004.P22,8.4,,,7,
IE104.Q11.CNVN,23520559,IE104.Q11.CNVN,,,,,
IE104.Q11.CNVN.1,23520559,IE104.Q11.CNVN,,,,,
IE106.Q11.CNVN,23520559,IE106.Q11.CNVN,,,,,
IE106.Q11.CNVN.1,23520559,IE106.Q11.CNVN,,,,,
IE307.Q12,23520559,IE307.Q12,,,,,
IE307.Q12.2,23520559,IE307.Q12,,,,,
SE104.Q13,23520559,SE104.Q13,,,,,
SE104.Q13.1,23520559,SE104.Q13,,,,,
PE231.Q116,23520559,PE231.Q116,,,,,
IT001.O11,23520560,IT001.O11,8.3,,,6.3,
IT001.O11.1,23520560,IT001.O11,,,5.6,,
MA003.O11,23520560,MA003.O11,8.3,9.1,,6.1,
MA006.O11,23520560,MA006.O11,5.2,9.3,,8.8,
IE005.O11,23520560,IE005.O11,8.8,,,9,
SS006.O11,23520560,SS006.O11,,7.1,,9.8,
IT002.O21,23520560,IT002.O21,9,,,8.8,
IT002.O21.2,23520560,IT002.O21,,,9.7,,
IT003.O21,23520560,IT003.O21,9.5,,,7.8,
IT003.O21.2,23520560,IT003.O21,,,5.3,,
MA004.O21,23520560,MA004.O21,8,7.5,,5.1,
MA005.O21,23520560,MA005.O21,6.6,9.1,,8.1,
IT012.O21,23520560,IT012.O21,9.7,8.8,,5.9,
IT012.O21.2,23520560,IT012.O21,,,8.6,,
SS003.O23,23520560,SS003.O23,5.2,,,9.3,
SS009.O24,23520560,SS009.O24,6.5,,,9.9,
IT004.P11,23520560,IT004.P11,,5.2,,8.7,
IT004.P11.1,23520560,IT004.P11,,,5.5,,
IT005.P11.CNVN,23520560,IT005.P11.CNVN,9.3,9.1,,7.6,
IT005.P11.CNVN.2,23520560,IT005.P11.CNVN,,,7.8,,
IT007.P11,23520560,IT007.P11,6.1,6.8,,5.7,
IT007.P11.1,23520560,IT007.P11,,,7,,
SS007.P12,23520560,SS007.P12,5.7,,,8.2,
SS008.P15,23520560,SS008.P15,7.5,,,6.8,
IE101.P21,23520560,IE101.P21,6.7,,,9.8,
IE101.P21.2,23520560,IE101.P21,,,9.7,,
IE103.P21,23520560,IE103.P21,9.9,,,6.8,
IE103.P21.2,23520560,IE103.P21,,,5.4,,
IE108.P21,23520560,IE108.P21,,5.8,,9.3,
IE108.P21.2,23520560,IE108.P21,,,6.8,,
SS004.P22,23520560,SS004.P22,5.7,,,9.8,
IE104.Q11.CNVN,23520560,IE104.Q11.CNVN,,,,,
IE104.Q11.CNVN.1,23520560,IE104.Q11.CNVN,,,,,
IE106.Q11.CNVN,23520560,IE106.Q11.CNVN,,,,,
IE106.Q11.CNVN.1,23520560,IE106.Q11.CNVN,,,,,
IE307.Q12,23520560,IE307.Q12,,,,,
IE307.Q12.2,23520560,IE307.Q12,,,,,
SE104.Q13,23520560,SE104.Q13,,,,,
SE104.Q13.1,23520560,SE104.Q13,,,,,
PE231.Q116,23520560,PE231.Q116,,,,,
IT001.O11,23520561,IT001.O11,6.1,,,7.8,
IT001.O11.1,23520561,IT001.O11,,,7.1,,
MA003.O11,23520561,MA003.O11,5.7,6.9,,8.9,
MA006.O11,23520561,MA006.O11,7.7,9.3,,5.1,
IE005.O11,23520561,IE005.O11,5.5,,,7.2,
SS006.O11,23520561,SS006.O11,,8.2,,7.1,
IT002.O21,23520561,IT002.O21,6.4,,,9.1,
IT002.O21.2,23520561,IT002.O21,,,9.3,,
IT003.O21,23520561,IT003.O21,8.2,,,5.7,
IT003.O21.2,23520561,IT003.O21,,,8.7,,
MA004.O21,23520561,MA004.O21,8,8.7,,8.7,
MA005.O21,23520561,MA005.O21,7.8,6.9,,9.2,
IT012.O21,23520561,IT012.O21,9.6,9.8,,6.5,
IT012.O21.2,23520561,IT012.O21,,,6.1,,
SS003.O23,23520561,SS003.O23,6,,,8.4,
SS009.O24,23520561,SS009.O24,9.8,,,6.2,
IT004.P11,23520561,IT004.P11,,7.2,,7.7,
IT004.P11.1,23520561,IT004.P11,,,7.1,,
IT005.P11.CNVN,23520561,IT005.P11.CNVN,7.7,6.9,,7.9,
IT005.P11.CNVN.2,23520561,IT005.P11.CNVN,,,9.9,,
IT007.P11,23520561,IT007.P11,8.8,9.8,,7.1,
IT007.P11.1,23520561,IT007.P11,,,5.7,,
SS007.P12,23520561,SS007.P12,6,,,6.2,
SS008.P15,23520561,SS008.P15,8.8,,,6.1,
IE101.P21,23520561,IE101.P21,7.8,,,9.6,
IE101.P21.2,23520561,IE101.P21,,,7.1,,
IE103.P21,23520561,IE103.P21,6.2,,,9.4,
IE103.P21.2,23520561,IE103.P21,,,9.9,,
IE108.P21,23520561,IE108.P21,,5.3,,9.1,
IE108.P21.2,23520561,IE108.P21,,,9.9,,
SS004.P22,23520561,SS004.P22,6.5,,,6.8,
IE104.Q11.CNVN,23520561,IE104.Q11.CNVN,,,,,
IE104.Q11.CNVN.1,23520561,IE104.Q11.CNVN,,,,,
IE106.Q11.CNVN,23520561,IE106.Q11.CNVN,,,,,
IE106.Q11.CNVN.1,23520561,IE106.Q11.CNVN,,,,,
IE307.Q12,23520561,IE307.Q12,,,,,
IE307.Q12.2,23520561,IE307.Q12,,,,,
SE104.Q13,23520561,SE104.Q13,,,,,
SE104.Q13.1,23520561,SE104.Q13,,,,,
PE231.Q116,23520561,PE231.Q116,,,,,
IT001.O11,23520562,IT001.O11,6,,,6.1,
IT001.O11.1,23520562,IT001.O11,,,8.8,,
MA003.O11,23520562,MA003.O11,7.2,6.5,,6.8,
MA006.O11,23520562,MA006.O11,9.5,10,,6.6,
IE005.O11,23520562,IE005.O11,6.3,,,6.3,
SS006.O11,23520562,SS006.O11,,8.9,,9.5,
IT002.O21,23520562,IT002.O21,6,,,5.5,
IT002.O21.2,23520562,IT002.O21,,,6.7,,
IT003.O21,23520562,IT003.O21,9.2,,,9.2,
IT003.O21.2,23520562,IT003.O21,,,9.8,,
MA004.O21,23520562,MA004.O21,7.1,5.2,,5.2,
MA005.O21,23520562,MA005.O21,9,6.9,,5.9,
IT012.O21,23520562,IT012.O21,6.4,5.5,,9.6,
IT012.O21.2,23520562,IT012.O21,,,7.2,,
SS003.O23,23520562,SS003.O23,7.5,,,6,
SS009.O24,23520562,SS009.O24,7.6,,,6.3,
IT004.P11,23520562,IT004.P11,,9.7,,9.3,
IT004.P11.1,23520562,IT004.P11,,,8.6,,
IT005.P11.CNVN,23520562,IT005.P11.CNVN,7.8,8.7,,5.4,
IT005.P11.CNVN.2,23520562,IT005.P11.CNVN,,,6.8,,
IT007.P11,23520562,IT007.P11,9.4,9,,6.6,
IT007.P11.1,23520562,IT007.P11,,,6.9,,
SS007.P12,23520562,SS007.P12,5.7,,,5,
SS008.P15,23520562,SS008.P15,9.8,,,5.9,
IE101.P21,23520562,IE101.P21,9,,,5.9,
IE101.P21.2,23520562,IE101.P21,,,7.3,,
IE103.P21,23520562,IE103.P21,7.7,,,5.9,
IE103.P21.2,23520562,IE103.P21,,,6.4,,
IE108.P21,23520562,IE108.P21,,5.7,,5,
IE108.P21.2,23520562,IE108.P21,,,6.8,,
SS004.P22,23520562,SS004.P22,9.2,,,6.1,
IE104.Q11.CNVN,23520562,IE104.Q11.CNVN,,,,,
IE104.Q11.CNVN.1,23520562,IE104.Q11.CNVN,,,,,
IE106.Q11.CNVN,23520562,IE106.Q11.CNVN,,,,,
IE106.Q11.CNVN.1,23520562,IE106.Q11.CNVN,,,,,
IE307.Q12,23520562,IE307.Q12,,,,,
IE307.Q12.2,23520562,IE307.Q12,,,,,
SE104.Q13,23520562,SE104.Q13,,,,,
SE104.Q13.1,23520562,SE104.Q13,,,,,
PE231.Q116,23520562,PE231.Q116,,,,,
IT001.O11,23520563,IT001.O11,7.2,,,7,
IT001.O11.1,23520563,IT001.O11,,,7.6,,
MA003.O11,23520563,MA003.O11,6.1,5.2,,6.7,
MA006.O11,23520563,MA006.O11,9.9,7.9,,7.3,
IE005.O11,23520563,IE005.O11,6.5,,,8.6,
SS006.O11,23520563,SS006.O11,,5.7,,8.1,
IT002.O21,23520563,IT002.O21,7.5,,,5.3,
IT002.O21.2,23520563,IT002.O21,,,7.5,,
IT003.O21,23520563,IT003.O21,6.7,,,5.1,
IT003.O21.2,23520563,IT003.O21,,,7.2,,
MA004.O21,23520563,MA004.O21,6,5.5,,8.4,
MA005.O21,23520563,MA005.O21,7.8,7,,8.5,
IT012.O21,23520563,IT012.O21,9.4,6.8,,7.6,
IT012.O21.2,23520563,IT012.O21,,,9.5,,
SS003.O23,23520563,SS003.O23,6.3,,,7.3,
SS009.O24,23520563,SS009.O24,7.4,,,6.8,
IT004.P11,23520563,IT004.P11,,7.8,,8.9,
IT004.P11.1,23520563,IT004.P11,,,9.4,,
IT005.P11.CNVN,23520563,IT005.P11.CNVN,7.1,6.4,,8.8,
IT005.P11.CNVN.2,23520563,IT005.P11.CNVN,,,8.5,,
IT007.P11,23520563,IT007.P11,6.4,7.2,,6.2,
IT007.P11.1,23520563,IT007.P11,,,7.6,,
SS007.P12,23520563,SS007.P12,6,,,5.4,
SS008.P15,23520563,SS008.P15,6.3,,,5.4,
IE101.P21,23520563,IE101.P21,6.5,,,6.6,
IE101.P21.2,23520563,IE101.P21,,,6.6,,
IE103.P21,23520563,IE103.P21,9.6,,,8.8,
IE103.P21.2,23520563,IE103.P21,,,6.3,,
IE108.P21,23520563,IE108.P21,,9.5,,7.4,
IE108.P21.2,23520563,IE108.P21,,,5.1,,
SS004.P22,23520563,SS004.P22,7.3,,,5.4,
IE104.Q11.CNVN,23520563,IE104.Q11.CNVN,,,,,
IE104.Q11.CNVN.1,23520563,IE104.Q11.CNVN,,,,,
IE106.Q11.CNVN,23520563,IE106.Q11.CNVN,,,,,
IE106.Q11.CNVN.1,23520563,IE106.Q11.CNVN,,,,,
IE307.Q12,23520563,IE307.Q12,,,,,
IE307.Q12.2,23520563,IE307.Q12,,,,,
SE104.Q13,23520563,SE104.Q13,,,,,
SE104.Q13.1,23520563,SE104.Q13,,,,,
PE231.Q116,23520563,PE231.Q116,,,,,
IT001.O11,23520564,IT001.O11,6.4,,,9.8,
IT001.O11.1,23520564,IT001.O11,,,7.7,,
MA003.O11,23520564,MA003.O11,9.9,7.2,,6.7,
MA006.O11,23520564,MA006.O11,6.1,6.2,,8.9,
IE005.O11,23520564,IE005.O11,8,,,9.3,
SS006.O11,23520564,SS006.O11,,7.4,,9.4,
IT002.O21,23520564,IT002.O21,9.5,,,5.4,
IT002.O21.2,23520564,IT002.O21,,,8.3,,
IT003.O21,23520564,IT003.O21,5.4,,,6.8,
IT003.O21.2,23520564,IT003.O21,,,5.6,,
MA004.O21,23520564,MA004.O21,8.2,5.6,,5.4,
MA005.O21,23520564,MA005.O21,8.7,8.4,,9.2,
IT012.O21,23520564,IT012.O21,9.5,8.6,,9.1,
IT012.O21.2,23520564,IT012.O21,,,6.4,,
SS003.O23,23520564,SS003.O23,7.3,,,7.7,
SS009.O24,23520564,SS009.O24,7,,,7.3,
IT004.P11,23520564,IT004.P11,,7.4,,7.6,
IT004.P11.1,23520564,IT004.P11,,,5.2,,
IT005.P11.CNVN,23520564,IT005.P11.CNVN,5.7,8.9,,9.3,
IT005.P11.CNVN.2,23520564,IT005.P11.CNVN,,,6,,
IT007.P11,23520564,IT007.P11,5.6,6.2,,9.4,
IT007.P11.1,23520564,IT007.P11,,,7.2,,
SS007.P12,23520564,SS007.P12,9.9,,,7.5,
SS008.P15,23520564,SS008.P15,5.6,,,8.8,
IE101.P21,23520564,IE101.P21,5.6,,,8.5,
IE101.P21.2,23520564,IE101.P21,,,10,,
IE103.P21,23520564,IE103.P21,8.7,,,9.1,
IE103.P21.2,23520564,IE103.P21,,,7.1,,
IE108.P21,23520564,IE108.P21,,5.3,,6.1,
IE108.P21.2,23520564,IE108.P21,,,9.3,,
SS004.P22,23520564,SS004.P22,8.9,,,7.9,
IE104.Q11.CNVN,23520564,IE104.Q11.CNVN,,,,,
IE104.Q11.CNVN.1,23520564,IE104.Q11.CNVN,,,,,
IE106.Q11.CNVN,23520564,IE106.Q11.CNVN,,,,,
IE106.Q11.CNVN.1,23520564,IE106.Q11.CNVN,,,,,
IE307.Q12,23520564,IE307.Q12,,,,,
IE307.Q12.2,23520564,IE307.Q12,,,,,
SE104.Q13,23520564,SE104.Q13,,,,,
SE104.Q13.1,23520564,SE104.Q13,,,,,
PE231.Q116,23520564,PE231.Q116,,,,,
IT001.O11,23520565,IT001.O11,6,,,7.4,
IT001.O11.1,23520565,IT001.O11,,,9.1,,
MA003.O11,23520565,MA003.O11,5.5,9.5,,5.4,
MA006.O11,23520565,MA006.O11,8.6,5.1,,9.3,
IE005.O11,23520565,IE005.O11,6.6,,,7.8,
SS006.O11,23520565,SS006.O11,,5.2,,8.3,
IT002.O21,23520565,IT002.O21,10,,,6.5,
IT002.O21.1,23520565,IT002.O21,,,9.2,,
IT003.O21,23520565,IT003.O21,5.8,,,5.2,
IT003.O21.1,23520565,IT003.O21,,,8.3,,
MA004.O21,23520565,MA004.O21,6.4,8.6,,5.3,
MA005.O21,23520565,MA005.O21,5.7,6.6,,7.6,
IT012.O21,23520565,IT012.O21,6.2,5.6,,5.6,
IT012.O21.1,23520565,IT012.O21,,,6.8,,
SS003.O23,23520565,SS003.O23,5.3,,,7.7,
SS009.O24,23520565,SS009.O24,5.1,,,7.6,
IT004.P11,23520565,IT004.P11,,6.6,,5.2,
IT004.P11.1,23520565,IT004.P11,,,5.1,,
IT005.P11.CNVN,23520565,IT005.P11.CNVN,7.9,8.6,,5.9,
IT005.P11.CNVN.2,23520565,IT005.P11.CNVN,,,7.9,,
IT007.P11,23520565,IT007.P11,5.4,7.3,,9.1,
IT007.P11.1,23520565,IT007.P11,,,5.9,,
SS007.P12,23520565,SS007.P12,7.3,,,9.5,
SS008.P15,23520565,SS008.P15,6.3,,,8.9,
IE101.P21,23520565,IE101.P21,5.4,,,6.4,
IE101.P21.2,23520565,IE101.P21,,,8.9,,
IE103.P21,23520565,IE103.P21,9.3,,,6.5,
IE103.P21.2,23520565,IE103.P21,,,7.1,,
IE108.P21,23520565,IE108.P21,,6.7,,6,
IE108.P21.2,23520565,IE108.P21,,,6.6,,
SS004.P22,23520565,SS004.P22,9.2,,,7.9,
IE104.Q11.CNVN,23520565,IE104.Q11.CNVN,,,,,
IE104.Q11.CNVN.1,23520565,IE104.Q11.CNVN,,,,,
IE106.Q11.CNVN,23520565,IE106.Q11.CNVN,,,,,
IE106.Q11.CNVN.1,23520565,IE106.Q11.CNVN,,,,,
IE307.Q12,23520565,IE307.Q12,,,,,
IE307.Q12.2,23520565,IE307.Q12,,,,,
SE104.Q13,23520565,SE104.Q13,,,,,
SE104.Q13.1,23520565,SE104.Q13,,,,,
PE231.Q116,23520565,PE231.Q116,,,,,
IT001.O11,23520566,IT001.O11,9.2,,,7.9,
IT001.O11.2,23520566,IT001.O11,,,8.4,,
MA003.O11,23520566,MA003.O11,7.8,6.1,,7.5,
MA006.O11,23520566,MA006.O11,6.7,6.1,,6.6,
IE005.O11,23520566,IE005.O11,9.6,,,9.8,
SS006.O11,23520566,SS006.O11,,9.8,,7.7,
IT002.O21,23520566,IT002.O21,6.4,,,6.8,
IT002.O21.1,23520566,IT002.O21,,,6.5,,
IT003.O21,23520566,IT003.O21,9.8,,,9.3,
IT003.O21.1,23520566,IT003.O21,,,8.9,,
MA004.O21,23520566,MA004.O21,7.6,7.4,,8.7,
MA005.O21,23520566,MA005.O21,9.4,8.6,,9.7,
IT012.O21,23520566,IT012.O21,8,9.2,,8,
IT012.O21.1,23520566,IT012.O21,,,7.7,,
SS003.O23,23520566,SS003.O23,9.1,,,7.2,
SS009.O24,23520566,SS009.O24,9.2,,,6.3,
IT004.P11,23520566,IT004.P11,,9.9,,8.7,
IT004.P11.1,23520566,IT004.P11,,,6,,
IT005.P11.CNVN,23520566,IT005.P11.CNVN,8.4,6.4,,5.5,
IT005.P11.CNVN.2,23520566,IT005.P11.CNVN,,,5.7,,
IT007.P11,23520566,IT007.P11,7.2,9.7,,6.2,
IT007.P11.1,23520566,IT007.P11,,,7.7,,
SS007.P12,23520566,SS007.P12,7.2,,,5.9,
SS008.P15,23520566,SS008.P15,8.5,,,6.5,
IE101.P21,23520566,IE101.P21,5.2,,,9.2,
IE101.P21.1,23520566,IE101.P21,,,8.8,,
IE103.P21,23520566,IE103.P21,5.2,,,7.3,
IE103.P21.1,23520566,IE103.P21,,,6.6,,
IE108.P21,23520566,IE108.P21,,8.3,,6.6,
IE108.P21.1,23520566,IE108.P21,,,8.5,,
SS004.P22,23520566,SS004.P22,5.2,,,9.5,
IE104.Q11.CNVN,23520566,IE104.Q11.CNVN,,,,,
IE104.Q11.CNVN.1,23520566,IE104.Q11.CNVN,,,,,
IE106.Q11.CNVN,23520566,IE106.Q11.CNVN,,,,,
IE106.Q11.CNVN.1,23520566,IE106.Q11.CNVN,,,,,
IE307.Q12,23520566,IE307.Q12,,,,,
IE307.Q12.2,23520566,IE307.Q12,,,,,
SE104.Q13,23520566,SE104.Q13,,,,,
SE104.Q13.1,23520566,SE104.Q13,,,,,
PE231.Q116,23520566,PE231.Q116,,,,,
IT001.O11,23520567,IT001.O11,8.2,,,7,
IT001.O11.2,23520567,IT001.O11,,,9.1,,
MA003.O11,23520567,MA003.O11,8.7,6.6,,5.4,
MA006.O11,23520567,MA006.O11,8.2,7.1,,9.3,
IE005.O11,23520567,IE005.O11,5.7,,,9.2,
SS006.O11,23520567,SS006.O11,,9.2,,6,
IT002.O21,23520567,IT002.O21,6.3,,,8.1,
IT002.O21.1,23520567,IT002.O21,,,6.4,,
IT003.O21,23520567,IT003.O21,7.4,,,7.7,
IT003.O21.1,23520567,IT003.O21,,,7,,
MA004.O21,23520567,MA004.O21,5.6,6.4,,9.1,
MA005.O21,23520567,MA005.O21,9,5.5,,8.5,
IT012.O21,23520567,IT012.O21,9.4,8.1,,9.8,
IT012.O21.1,23520567,IT012.O21,,,7.9,,
SS003.O23,23520567,SS003.O23,7.3,,,7,
SS009.O24,23520567,SS009.O24,7.9,,,8.3,
IT004.P11,23520567,IT004.P11,,10,,5.7,
IT004.P11.2,23520567,IT004.P11,,,6.6,,
IT005.P11.CNVN,23520567,IT005.P11.CNVN,9.5,8.4,,6.5,
IT005.P11.CNVN.2,23520567,IT005.P11.CNVN,,,7.8,,
IT007.P11,23520567,IT007.P11,5.3,5.8,,5.2,
IT007.P11.2,23520567,IT007.P11,,,9.2,,
SS007.P12,23520567,SS007.P12,5.7,,,6.9,
SS008.P15,23520567,SS008.P15,6.6,,,8.5,
IE101.P21,23520567,IE101.P21,5.4,,,5,
IE101.P21.1,23520567,IE101.P21,,,5.9,,
IE103.P21,23520567,IE103.P21,7.8,,,6.8,
IE103.P21.1,23520567,IE103.P21,,,5.4,,
IE108.P21,23520567,IE108.P21,,6.4,,6.3,
IE108.P21.1,23520567,IE108.P21,,,8.6,,
SS004.P22,23520567,SS004.P22,8.6,,,5.1,
IE104.Q11.CNVN,23520567,IE104.Q11.CNVN,,,,,
IE104.Q11.CNVN.1,23520567,IE104.Q11.CNVN,,,,,
IE106.Q11.CNVN,23520567,IE106.Q11.CNVN,,,,,
IE106.Q11.CNVN.1,23520567,IE106.Q11.CNVN,,,,,
IE307.Q12,23520567,IE307.Q12,,,,,
IE307.Q12.2,23520567,IE307.Q12,,,,,
SE104.Q13,23520567,SE104.Q13,,,,,
SE104.Q13.1,23520567,SE104.Q13,,,,,
PE231.Q116,23520567,PE231.Q116,,,,,
IT001.O11,23520568,IT001.O11,9.2,,,5.5,
IT001.O11.2,23520568,IT001.O11,,,7,,
MA003.O11,23520568,MA003.O11,7.1,5.1,,5.5,
MA006.O11,23520568,MA006.O11,8.7,8.4,,8.9,
IE005.O11,23520568,IE005.O11,9.8,,,9.4,
SS006.O11,23520568,SS006.O11,,6.5,,8.3,
IT002.O21,23520568,IT002.O21,8.3,,,6.1,
IT002.O21.1,23520568,IT002.O21,,,8.8,,
IT003.O21,23520568,IT003.O21,9.5,,,8,
IT003.O21.1,23520568,IT003.O21,,,8.9,,
MA004.O21,23520568,MA004.O21,6.4,9.2,,6.7,
MA005.O21,23520568,MA005.O21,6.5,7.8,,8.1,
IT012.O21,23520568,IT012.O21,7.3,9.2,,8.8,
IT012.O21.1,23520568,IT012.O21,,,7.6,,
SS003.O23,23520568,SS003.O23,9.4,,,7,
SS009.O24,23520568,SS009.O24,6.9,,,9.9,
IT004.P11,23520568,IT004.P11,,6.6,,5.7,
IT004.P11.2,23520568,IT004.P11,,,9.3,,
IT005.P11.CNVN,23520568,IT005.P11.CNVN,8.4,6.6,,9,
IT005.P11.CNVN.2,23520568,IT005.P11.CNVN,,,8.4,,
IT007.P11,23520568,IT007.P11,7.3,7.6,,9.7,
IT007.P11.2,23520568,IT007.P11,,,7.7,,
SS007.P12,23520568,SS007.P12,5.5,,,7.2,
SS008.P15,23520568,SS008.P15,6.5,,,9.8,
IE101.P21,23520568,IE101.P21,7.2,,,7,
IE101.P21.1,23520568,IE101.P21,,,8.8,,
IE103.P21,23520568,IE103.P21,8.8,,,5.4,
IE103.P21.1,23520568,IE103.P21,,,8.4,,
IE108.P21,23520568,IE108.P21,,9.7,,7.9,
IE108.P21.1,23520568,IE108.P21,,,6.4,,
SS004.P22,23520568,SS004.P22,9.7,,,5.3,
IE104.Q11.CNVN,23520568,IE104.Q11.CNVN,,,,,
IE104.Q11.CNVN.1,23520568,IE104.Q11.CNVN,,,,,
IE106.Q11.CNVN,23520568,IE106.Q11.CNVN,,,,,
IE106.Q11.CNVN.1,23520568,IE106.Q11.CNVN,,,,,
IE307.Q12,23520568,IE307.Q12,,,,,
IE307.Q12.2,23520568,IE307.Q12,,,,,
SE104.Q13,23520568,SE104.Q13,,,,,
SE104.Q13.1,23520568,SE104.Q13,,,,,
PE231.Q116,23520568,PE231.Q116,,,,,
IT001.O11,23520569,IT001.O11,7.4,,,6,
IT001.O11.2,23520569,IT001.O11,,,7.8,,
MA003.O11,23520569,MA003.O11,7,9.4,,5.4,
MA006.O11,23520569,MA006.O11,7.3,6.4,,5.5,
IE005.O11,23520569,IE005.O11,9.2,,,8.2,
SS006.O11,23520569,SS006.O11,,6.8,,7.7,
IT002.O21,23520569,IT002.O21,7.2,,,5.3,
IT002.O21.1,23520569,IT002.O21,,,6.6,,
IT003.O21,23520569,IT003.O21,5.2,,,5.5,
IT003.O21.1,23520569,IT003.O21,,,9.2,,
MA004.O21,23520569,MA004.O21,8.9,6.5,,5.1,
MA005.O21,23520569,MA005.O21,9.4,5.3,,6.2,
IT012.O21,23520569,IT012.O21,9.2,7.9,,7.2,
IT012.O21.1,23520569,IT012.O21,,,8.9,,
SS003.O23,23520569,SS003.O23,9.6,,,7.9,
SS009.O24,23520569,SS009.O24,9.6,,,5.3,
IT004.P11,23520569,IT004.P11,,7.6,,8.4,
IT004.P11.2,23520569,IT004.P11,,,9.2,,
IT005.P11.CNVN,23520569,IT005.P11.CNVN,7.4,8.1,,6.4,
IT005.P11.CNVN.2,23520569,IT005.P11.CNVN,,,8.6,,
IT007.P11,23520569,IT007.P11,7.9,9.9,,7.6,
IT007.P11.2,23520569,IT007.P11,,,6,,
SS007.P12,23520569,SS007.P12,9,,,7.3,
SS008.P15,23520569,SS008.P15,5.7,,,9.8,
IE101.P21,23520569,IE101.P21,7.5,,,5.8,
IE101.P21.1,23520569,IE101.P21,,,6,,
IE103.P21,23520569,IE103.P21,6.3,,,9.6,
IE103.P21.1,23520569,IE103.P21,,,9.1,,
IE108.P21,23520569,IE108.P21,,5.2,,8.5,
IE108.P21.1,23520569,IE108.P21,,,6.6,,
SS004.P22,23520569,SS004.P22,7.2,,,8.7,
IE104.Q11.CNVN,23520569,IE104.Q11.CNVN,,,,,
IE104.Q11.CNVN.1,23520569,IE104.Q11.CNVN,,,,,
IE106.Q11.CNVN,23520569,IE106.Q11.CNVN,,,,,
IE106.Q11.CNVN.1,23520569,IE106.Q11.CNVN,,,,,
IE307.Q12,23520569,IE307.Q12,,,,,
IE307.Q12.2,23520569,IE307.Q12,,,,,
SE104.Q13,23520569,SE104.Q13,,,,,
SE104.Q13.1,23520569,SE104.Q13,,,,,
PE231.Q116,23520569,PE231.Q116,,,,,
IT001.O11,23520570,IT001.O11,6.5,,,6.5,
IT001.O11.2,23520570,IT001.O11,,,9.7,,
MA003.O11,23520570,MA003.O11,8.9,9.2,,8.7,
MA006.O11,23520570,MA006.O11,9.8,8.8,,8.7,
IE005.O11,23520570,IE005.O11,6.5,,,8.5,
SS006.O11,23520570,SS006.O11,,9.7,,7.9,
IT002.O21,23520570,IT002.O21,8.6,,,5.9,
IT002.O21.1,23520570,IT002.O21,,,7.3,,
IT003.O21,23520570,IT003.O21,7.6,,,8.7,
IT003.O21.1,23520570,IT003.O21,,,7.6,,
MA004.O21,23520570,MA004.O21,6.2,9.9,,7.4,
MA005.O21,23520570,MA005.O21,5.6,9.2,,6.8,
IT012.O21,23520570,IT012.O21,9.8,5.2,,8.8,
IT012.O21.1,23520570,IT012.O21,,,8.4,,
SS003.O23,23520570,SS003.O23,8.6,,,5.2,
SS009.O24,23520570,SS009.O24,7.5,,,7.5,
IT004.P11,23520570,IT004.P11,,6.5,,5.4,
IT004.P11.2,23520570,IT004.P11,,,8.1,,
IT005.P11.CNVN,23520570,IT005.P11.CNVN,6.8,9.9,,6.2,
IT005.P11.CNVN.2,23520570,IT005.P11.CNVN,,,7,,
IT007.P11,23520570,IT007.P11,8.3,5.7,,5.8,
IT007.P11.2,23520570,IT007.P11,,,5.4,,
SS007.P12,23520570,SS007.P12,9.2,,,8.9,
SS008.P15,23520570,SS008.P15,5.6,,,6.4,
IE101.P21,23520570,IE101.P21,8.3,,,5.3,
IE101.P21.1,23520570,IE101.P21,,,5.3,,
IE103.P21,23520570,IE103.P21,5.9,,,8.9,
IE103.P21.1,23520570,IE103.P21,,,6.2,,
IE108.P21,23520570,IE108.P21,,8.7,,5.8,
IE108.P21.1,23520570,IE108.P21,,,8.2,,
SS004.P22,23520570,SS004.P22,8.4,,,8.2,
IE104.Q11.CNVN,23520570,IE104.Q11.CNVN,,,,,
IE104.Q11.CNVN.1,23520570,IE104.Q11.CNVN,,,,,
IE106.Q11.CNVN,23520570,IE106.Q11.CNVN,,,,,
IE106.Q11.CNVN.1,23520570,IE106.Q11.CNVN,,,,,
IE307.Q12,23520570,IE307.Q12,,,,,
IE307.Q12.2,23520570,IE307.Q12,,,,,
SE104.Q13,23520570,SE104.Q13,,,,,
SE104.Q13.1,23520570,SE104.Q13,,,,,
PE231.Q116,23520570,PE231.Q116,,,,,
IT001.O11,23520571,IT001.O11,5.9,,,7.3,
IT001.O11.2,23520571,IT001.O11,,,6.3,,
MA003.O11,23520571,MA003.O11,6.6,6.7,,9.5,
MA006.O11,23520571,MA006.O11,5.9,7,,8.9,
IE005.O11,23520571,IE005.O11,5.4,,,8.9,
SS006.O11,23520571,SS006.O11,,9.5,,8.1,
IT002.O21,23520571,IT002.O21,9.6,,,7.3,
IT002.O21.1,23520571,IT002.O21,,,8.9,,
IT003.O21,23520571,IT003.O21,10,,,7.5,
IT003.O21.1,23520571,IT003.O21,,,7.3,,
MA004.O21,23520571,MA004.O21,9.8,8.5,,7.5,
MA005.O21,23520571,MA005.O21,7,8.6,,9.9,
IT012.O21,23520571,IT012.O21,7.5,7.3,,7.5,
IT012.O21.1,23520571,IT012.O21,,,5.2,,
SS003.O23,23520571,SS003.O23,9.1,,,8.6,
SS009.O24,23520571,SS009.O24,8.1,,,8.5,
IT004.P11,23520571,IT004.P11,,9,,7.2,
IT004.P11.2,23520571,IT004.P11,,,7.9,,
IT005.P11.CNVN,23520571,IT005.P11.CNVN,6.2,7.8,,8.3,
IT005.P11.CNVN.2,23520571,IT005.P11.CNVN,,,7.8,,
IT007.P11,23520571,IT007.P11,6,6.4,,5.2,
IT007.P11.2,23520571,IT007.P11,,,7.1,,
SS007.P12,23520571,SS007.P12,7.9,,,6.8,
SS008.P15,23520571,SS008.P15,8.3,,,6.9,
IE101.P21,23520571,IE101.P21,7.4,,,6,
IE101.P21.1,23520571,IE101.P21,,,7.7,,
IE103.P21,23520571,IE103.P21,6.1,,,6.1,
IE103.P21.1,23520571,IE103.P21,,,7.1,,
IE108.P21,23520571,IE108.P21,,8.2,,7.6,
IE108.P21.1,23520571,IE108.P21,,,6.1,,
SS004.P22,23520571,SS004.P22,7.9,,,8.5,
IE104.Q11.CNVN,23520571,IE104.Q11.CNVN,,,,,
IE104.Q11.CNVN.1,23520571,IE104.Q11.CNVN,,,,,
IE106.Q11.CNVN,23520571,IE106.Q11.CNVN,,,,,
IE106.Q11.CNVN.1,23520571,IE106.Q11.CNVN,,,,,
IE307.Q12,23520571,IE307.Q12,,,,,
IE307.Q12.2,23520571,IE307.Q12,,,,,
SE104.Q13,23520571,SE104.Q13,,,,,
SE104.Q13.1,23520571,SE104.Q13,,,,,
PE231.Q116,23520571,PE231.Q116,,,,,
IT001.O11,23520572,IT001.O11,6.1,,,5.6,
IT001.O11.2,23520572,IT001.O11,,,9.3,,
MA003.O11,23520572,MA003.O11,6.7,7.8,,7.4,
MA006.O11,23520572,MA006.O11,7.6,6.6,,5.8,
IE005.O11,23520572,IE005.O11,8.5,,,8.4,
SS006.O11,23520572,SS006.O11,,9.7,,7.5,
IT002.O21,23520572,IT002.O21,9.3,,,7.5,
IT002.O21.1,23520572,IT002.O21,,,9.9,,
IT003.O21,23520572,IT003.O21,5.8,,,6.5,
IT003.O21.1,23520572,IT003.O21,,,8.8,,
MA004.O21,23520572,MA004.O21,7.1,7.8,,9.4,
MA005.O21,23520572,MA005.O21,6.1,5.3,,5.1,
IT012.O21,23520572,IT012.O21,8.1,9.7,,6.2,
IT012.O21.1,23520572,IT012.O21,,,7.5,,
SS003.O23,23520572,SS003.O23,7.1,,,7.5,
SS009.O24,23520572,SS009.O24,9.1,,,9.4,
IT004.P11,23520572,IT004.P11,,7.9,,7.4,
IT004.P11.2,23520572,IT004.P11,,,9.5,,
IT005.P11.CNVN,23520572,IT005.P11.CNVN,7.2,6.5,,7.4,
IT005.P11.CNVN.2,23520572,IT005.P11.CNVN,,,8.3,,
IT007.P11,23520572,IT007.P11,6.2,8.7,,6.9,
IT007.P11.2,23520572,IT007.P11,,,5.3,,
SS007.P12,23520572,SS007.P12,8.5,,,9.4,
SS008.P15,23520572,SS008.P15,9.5,,,9.9,
IE101.P21,23520572,IE101.P21,5.2,,,9.9,
IE101.P21.1,23520572,IE101.P21,,,9.5,,
IE103.P21,23520572,IE103.P21,9.5,,,5,
IE103.P21.1,23520572,IE103.P21,,,8.4,,
IE108.P21,23520572,IE108.P21,,6,,9.5,
IE108.P21.1,23520572,IE108.P21,,,6.4,,
SS004.P22,23520572,SS004.P22,5.3,,,7.9,
IE104.Q11.CNVN,23520572,IE104.Q11.CNVN,,,,,
IE104.Q11.CNVN.1,23520572,IE104.Q11.CNVN,,,,,
IE106.Q11.CNVN,23520572,IE106.Q11.CNVN,,,,,
IE106.Q11.CNVN.1,23520572,IE106.Q11.CNVN,,,,,
IE307.Q12,23520572,IE307.Q12,,,,,
IE307.Q12.1,23520572,IE307.Q12,,,,,
SE104.Q13,23520572,SE104.Q13,,,,,
SE104.Q13.1,23520572,SE104.Q13,,,,,
PE231.Q116,23520572,PE231.Q116,,,,,
IT001.O11,23520573,IT001.O11,8.5,,,7.7,
IT001.O11.2,23520573,IT001.O11,,,7.1,,
MA003.O11,23520573,MA003.O11,5.3,8.6,,5,
MA006.O11,23520573,MA006.O11,7.9,5.5,,7.3,
IE005.O11,23520573,IE005.O11,7.9,,,6.2,
SS006.O11,23520573,SS006.O11,,8.8,,6.3,
IT002.O21,23520573,IT002.O21,9.3,,,7,
IT002.O21.1,23520573,IT002.O21,,,8.4,,
IT003.O21,23520573,IT003.O21,7.3,,,6.6,
IT003.O21.1,23520573,IT003.O21,,,5.5,,
MA004.O21,23520573,MA004.O21,8.1,5.3,,7.3,
MA005.O21,23520573,MA005.O21,7,6.5,,6.3,
IT012.O21,23520573,IT012.O21,7.4,9.4,,9,
IT012.O21.1,23520573,IT012.O21,,,6.5,,
SS003.O23,23520573,SS003.O23,8,,,8.2,
SS009.O24,23520573,SS009.O24,8.6,,,8.1,
IT004.P11,23520573,IT004.P11,,5.3,,5.7,
IT004.P11.2,23520573,IT004.P11,,,8.9,,
IT005.P11.CNVN,23520573,IT005.P11.CNVN,6.3,7.8,,5.3,
IT005.P11.CNVN.2,23520573,IT005.P11.CNVN,,,7.9,,
IT007.P11,23520573,IT007.P11,6.4,5.2,,5.1,
IT007.P11.2,23520573,IT007.P11,,,6.2,,
SS007.P12,23520573,SS007.P12,7.6,,,8.8,
SS008.P15,23520573,SS008.P15,5.2,,,7.5,
IE101.P21,23520573,IE101.P21,6.7,,,8,
IE101.P21.1,23520573,IE101.P21,,,8.5,,
IE103.P21,23520573,IE103.P21,5.4,,,6.2,
IE103.P21.1,23520573,IE103.P21,,,9.3,,
IE108.P21,23520573,IE108.P21,,8.3,,5.8,
IE108.P21.1,23520573,IE108.P21,,,7.7,,
SS004.P22,23520573,SS004.P22,6.8,,,5.8,
IE104.Q11.CNVN,23520573,IE104.Q11.CNVN,,,,,
IE104.Q11.CNVN.1,23520573,IE104.Q11.CNVN,,,,,
IE106.Q11.CNVN,23520573,IE106.Q11.CNVN,,,,,
IE106.Q11.CNVN.1,23520573,IE106.Q11.CNVN,,,,,
IE307.Q12,23520573,IE307.Q12,,,,,
IE307.Q12.1,23520573,IE307.Q12,,,,,
SE104.Q13,23520573,SE104.Q13,,,,,
SE104.Q13.1,23520573,SE104.Q13,,,,,
PE231.Q116,23520573,PE231.Q116,,,,,
IT001.O11,23520574,IT001.O11,7,,,7.7,
IT001.O11.2,23520574,IT001.O11,,,8.3,,
MA003.O11,23520574,MA003.O11,9.4,6.4,,9.9,
MA006.O11,23520574,MA006.O11,6.8,8.2,,7,
IE005.O11,23520574,IE005.O11,7.2,,,8.4,
SS006.O11,23520574,SS006.O11,,8.7,,5.3,
IT002.O21,23520574,IT002.O21,5.1,,,6.7,
IT002.O21.1,23520574,IT002.O21,,,6.6,,
IT003.O21,23520574,IT003.O21,7.2,,,9.7,
IT003.O21.1,23520574,IT003.O21,,,6.5,,
MA004.O21,23520574,MA004.O21,6.1,7.2,,6.7,
MA005.O21,23520574,MA005.O21,7.1,7.6,,5.6,
IT012.O21,23520574,IT012.O21,8.8,8.2,,8.8,
IT012.O21.1,23520574,IT012.O21,,,7.2,,
SS003.O23,23520574,SS003.O23,5.9,,,8.7,
SS009.O24,23520574,SS009.O24,9.4,,,9.5,
IT004.P11,23520574,IT004.P11,,8.6,,5.6,
IT004.P11.2,23520574,IT004.P11,,,6.5,,
IT005.P11.CNVN,23520574,IT005.P11.CNVN,8.5,5.2,,6.4,
IT005.P11.CNVN.2,23520574,IT005.P11.CNVN,,,6.9,,
IT007.P11,23520574,IT007.P11,9,5.1,,6.4,
IT007.P11.2,23520574,IT007.P11,,,8.2,,
SS007.P12,23520574,SS007.P12,5,,,6.5,
SS008.P15,23520574,SS008.P15,8.7,,,7.3,
IE101.P21,23520574,IE101.P21,8.7,,,6.2,
IE101.P21.1,23520574,IE101.P21,,,8.6,,
IE103.P21,23520574,IE103.P21,5.8,,,8.1,
IE103.P21.1,23520574,IE103.P21,,,8.9,,
IE108.P21,23520574,IE108.P21,,5.3,,6.4,
IE108.P21.1,23520574,IE108.P21,,,6.7,,
SS004.P22,23520574,SS004.P22,9.4,,,5.3,
IE104.Q11.CNVN,23520574,IE104.Q11.CNVN,,,,,
IE104.Q11.CNVN.1,23520574,IE104.Q11.CNVN,,,,,
IE106.Q11.CNVN,23520574,IE106.Q11.CNVN,,,,,
IE106.Q11.CNVN.1,23520574,IE106.Q11.CNVN,,,,,
IE307.Q12,23520574,IE307.Q12,,,,,
IE307.Q12.1,23520574,IE307.Q12,,,,,
SE104.Q13,23520574,SE104.Q13,,,,,
SE104.Q13.1,23520574,SE104.Q13,,,,,
PE231.Q116,23520574,PE231.Q116,,,,,
IT001.O11,23520575,IT001.O11,7.1,,,10,
IT001.O11.2,23520575,IT001.O11,,,5.5,,
MA003.O11,23520575,MA003.O11,9.8,5.4,,7.7,
MA006.O11,23520575,MA006.O11,7.2,8.4,,6.4,
IE005.O11,23520575,IE005.O11,7.4,,,9.3,
SS006.O11,23520575,SS006.O11,,5.8,,9.5,
IT002.O21,23520575,IT002.O21,5.5,,,5.9,
IT002.O21.1,23520575,IT002.O21,,,6.1,,
IT003.O21,23520575,IT003.O21,7.7,,,6.6,
IT003.O21.1,23520575,IT003.O21,,,7.4,,
MA004.O21,23520575,MA004.O21,5.3,6.5,,5,
MA005.O21,23520575,MA005.O21,5.6,8.3,,7.8,
IT012.O21,23520575,IT012.O21,7.3,5.1,,8.8,
IT012.O21.1,23520575,IT012.O21,,,5.5,,
SS003.O23,23520575,SS003.O23,8.5,,,7,
SS009.O24,23520575,SS009.O24,9.4,,,5.5,
IT004.P11,23520575,IT004.P11,,6.8,,5.2,
IT004.P11.2,23520575,IT004.P11,,,9.7,,
IT005.P11.CNVN,23520575,IT005.P11.CNVN,8.1,6.7,,5.8,
IT005.P11.CNVN.2,23520575,IT005.P11.CNVN,,,9.5,,
IT007.P11,23520575,IT007.P11,6.8,5.6,,7.3,
IT007.P11.2,23520575,IT007.P11,,,6.8,,
SS007.P12,23520575,SS007.P12,9.1,,,5.3,
SS008.P15,23520575,SS008.P15,8.8,,,9.4,
IE101.P21,23520575,IE101.P21,5.3,,,8.4,
IE101.P21.1,23520575,IE101.P21,,,8.6,,
IE103.P21,23520575,IE103.P21,8.8,,,9.3,
IE103.P21.1,23520575,IE103.P21,,,7.3,,
IE108.P21,23520575,IE108.P21,,8.2,,7.9,
IE108.P21.1,23520575,IE108.P21,,,7.2,,
SS004.P22,23520575,SS004.P22,5.7,,,7.7,
IE104.Q11.CNVN,23520575,IE104.Q11.CNVN,,,,,
IE104.Q11.CNVN.1,23520575,IE104.Q11.CNVN,,,,,
IE106.Q11.CNVN,23520575,IE106.Q11.CNVN,,,,,
IE106.Q11.CNVN.1,23520575,IE106.Q11.CNVN,,,,,
IE307.Q12,23520575,IE307.Q12,,,,,
IE307.Q12.1,23520575,IE307.Q12,,,,,
SE104.Q13,23520575,SE104.Q13,,,,,
SE104.Q13.1,23520575,SE104.Q13,,,,,
PE231.Q116,23520575,PE231.Q116,,,,,
IT001.O11,23520576,IT001.O11,7.6,,,6.7,
IT001.O11.2,23520576,IT001.O11,,,8.6,,
MA003.O11,23520576,MA003.O11,9.4,7.5,,6.9,
MA006.O11,23520576,MA006.O11,7.5,8.7,,6.5,
IE005.O11,23520576,IE005.O11,9.1,,,8.3,
SS006.O11,23520576,SS006.O11,,8.5,,8,
IT002.O21,23520576,IT002.O21,5.3,,,8.2,
IT002.O21.1,23520576,IT002.O21,,,9.3,,
IT003.O21,23520576,IT003.O21,8.3,,,9.2,
IT003.O21.1,23520576,IT003.O21,,,5.7,,
MA004.O21,23520576,MA004.O21,7.3,8.6,,9.7,
MA005.O21,23520576,MA005.O21,5.4,6,,6.2,
IT012.O21,23520576,IT012.O21,6.3,8.2,,7.1,
IT012.O21.1,23520576,IT012.O21,,,9.6,,
SS003.O23,23520576,SS003.O23,8.4,,,8.5,
SS009.O24,23520576,SS009.O24,9.5,,,9.3,
IT004.P11,23520576,IT004.P11,,5.1,,7.1,
IT004.P11.2,23520576,IT004.P11,,,8.2,,
IT005.P11.CNVN,23520576,IT005.P11.CNVN,8.6,9.5,,6,
IT005.P11.CNVN.2,23520576,IT005.P11.CNVN,,,7.5,,
IT007.P11,23520576,IT007.P11,9.5,5.9,,5.2,
IT007.P11.2,23520576,IT007.P11,,,7.1,,
SS007.P12,23520576,SS007.P12,5.9,,,5.2,
SS008.P15,23520576,SS008.P15,7,,,8.2,
IE101.P21,23520576,IE101.P21,8.2,,,9.3,
IE101.P21.1,23520576,IE101.P21,,,6.4,,
IE103.P21,23520576,IE103.P21,6.4,,,9.5,
IE103.P21.1,23520576,IE103.P21,,,5.3,,
IE108.P21,23520576,IE108.P21,,8,,5.7,
IE108.P21.1,23520576,IE108.P21,,,8.8,,
SS004.P22,23520576,SS004.P22,5.6,,,9.2,
IE104.Q11.CNVN,23520576,IE104.Q11.CNVN,,,,,
IE104.Q11.CNVN.1,23520576,IE104.Q11.CNVN,,,,,
IE106.Q11.CNVN,23520576,IE106.Q11.CNVN,,,,,
IE106.Q11.CNVN.1,23520576,IE106.Q11.CNVN,,,,,
IE307.Q12,23520576,IE307.Q12,,,,,
IE307.Q12.1,23520576,IE307.Q12,,,,,
SE104.Q13,23520576,SE104.Q13,,,,,
SE104.Q13.1,23520576,SE104.Q13,,,,,
PE231.Q116,23520576,PE231.Q116,,,,,
IT001.O11,23520577,IT001.O11,6.5,,,9.7,
IT001.O11.2,23520577,IT001.O11,,,8.2,,
MA003.O11,23520577,MA003.O11,8.9,6,,8.4,
MA006.O11,23520577,MA006.O11,8.3,7,,7.8,
IE005.O11,23520577,IE005.O11,7.7,,,9.2,
SS006.O11,23520577,SS006.O11,,10,,9.1,
IT002.O21,23520577,IT002.O21,7.5,,,5.5,
IT002.O21.1,23520577,IT002.O21,,,8.2,,
IT003.O21,23520577,IT003.O21,9.9,,,6.1,
IT003.O21.1,23520577,IT003.O21,,,5.7,,
MA004.O21,23520577,MA004.O21,6,5.4,,7.6,
MA005.O21,23520577,MA005.O21,6,9.4,,9.5,
IT012.O21,23520577,IT012.O21,9.4,7.7,,7.2,
IT012.O21.1,23520577,IT012.O21,,,8.3,,
SS003.O23,23520577,SS003.O23,7,,,7.8,
SS009.O24,23520577,SS009.O24,5.3,,,7.7,
IT004.P11,23520577,IT004.P11,,7.8,,6.1,
IT004.P11.2,23520577,IT004.P11,,,5.9,,
IT005.P11.CNVN,23520577,IT005.P11.CNVN,7.2,9.5,,10,
IT005.P11.CNVN.2,23520577,IT005.P11.CNVN,,,8.5,,
IT007.P11,23520577,IT007.P11,6.6,6.6,,9.6,
IT007.P11.2,23520577,IT007.P11,,,6.3,,
SS007.P12,23520577,SS007.P12,8,,,8.6,
SS008.P15,23520577,SS008.P15,6.4,,,9.6,
IE101.P21,23520577,IE101.P21,6.3,,,10,
IE101.P21.1,23520577,IE101.P21,,,8.5,,
IE103.P21,23520577,IE103.P21,7.6,,,7.9,
IE103.P21.1,23520577,IE103.P21,,,9.5,,
IE108.P21,23520577,IE108.P21,,9.3,,5.2,
IE108.P21.1,23520577,IE108.P21,,,6.6,,
SS004.P22,23520577,SS004.P22,5,,,7.1,
IE104.Q11.CNVN,23520577,IE104.Q11.CNVN,,,,,
IE104.Q11.CNVN.2,23520577,IE104.Q11.CNVN,,,,,
IE106.Q11.CNVN,23520577,IE106.Q11.CNVN,,,,,
IE106.Q11.CNVN.1,23520577,IE106.Q11.CNVN,,,,,
IE307.Q12,23520577,IE307.Q12,,,,,
IE307.Q12.1,23520577,IE307.Q12,,,,,
SE104.Q13,23520577,SE104.Q13,,,,,
SE104.Q13.1,23520577,SE104.Q13,,,,,
PE231.Q116,23520577,PE231.Q116,,,,,
IT001.O11,23520578,IT001.O11,8.5,,,6.9,
IT001.O11.2,23520578,IT001.O11,,,7.8,,
MA003.O11,23520578,MA003.O11,5.8,6,,6.7,
MA006.O11,23520578,MA006.O11,6.3,8.6,,8.9,
IE005.O11,23520578,IE005.O11,6.5,,,9.2,
SS006.O11,23520578,SS006.O11,,6.8,,9.2,
IT002.O21,23520578,IT002.O21,8.5,,,7.5,
IT002.O21.1,23520578,IT002.O21,,,8.8,,
IT003.O21,23520578,IT003.O21,8.9,,,6.1,
IT003.O21.1,23520578,IT003.O21,,,9.5,,
MA004.O21,23520578,MA004.O21,6.7,5.3,,10,
MA005.O21,23520578,MA005.O21,10,8.3,,5.2,
IT012.O21,23520578,IT012.O21,5.1,8.9,,8.5,
IT012.O21.1,23520578,IT012.O21,,,9.2,,
SS003.O23,23520578,SS003.O23,9.8,,,8.1,
SS009.O24,23520578,SS009.O24,9.1,,,6.8,
IT004.P11,23520578,IT004.P11,,7,,8.1,
IT004.P11.2,23520578,IT004.P11,,,6.5,,
IT005.P11.CNVN,23520578,IT005.P11.CNVN,8.3,9.4,,7.2,
IT005.P11.CNVN.2,23520578,IT005.P11.CNVN,,,9.5,,
IT007.P11,23520578,IT007.P11,8.8,6.3,,5.3,
IT007.P11.2,23520578,IT007.P11,,,6.6,,
SS007.P12,23520578,SS007.P12,8,,,7.9,
SS008.P15,23520578,SS008.P15,5.8,,,8.4,
IE101.P21,23520578,IE101.P21,6.6,,,6.9,
IE101.P21.1,23520578,IE101.P21,,,5.6,,
IE103.P21,23520578,IE103.P21,8.5,,,6.2,
IE103.P21.1,23520578,IE103.P21,,,6,,
IE108.P21,23520578,IE108.P21,,9.5,,6.7,
IE108.P21.1,23520578,IE108.P21,,,9,,
SS004.P22,23520578,SS004.P22,5.3,,,7.5,
IE104.Q11.CNVN,23520578,IE104.Q11.CNVN,,,,,
IE104.Q11.CNVN.2,23520578,IE104.Q11.CNVN,,,,,
IE106.Q11.CNVN,23520578,IE106.Q11.CNVN,,,,,
IE106.Q11.CNVN.1,23520578,IE106.Q11.CNVN,,,,,
IE307.Q12,23520578,IE307.Q12,,,,,
IE307.Q12.1,23520578,IE307.Q12,,,,,
SE104.Q13,23520578,SE104.Q13,,,,,
SE104.Q13.1,23520578,SE104.Q13,,,,,
PE231.Q116,23520578,PE231.Q116,,,,,
IT001.O11,23520579,IT001.O11,8.2,,,8.5,
IT001.O11.2,23520579,IT001.O11,,,7.3,,
MA003.O11,23520579,MA003.O11,5.9,7.7,,9.4,
MA006.O11,23520579,MA006.O11,6.5,7,,8.3,
IE005.O11,23520579,IE005.O11,6.8,,,8.2,
SS006.O11,23520579,SS006.O11,,7.1,,5.8,
IT002.O21,23520579,IT002.O21,7.4,,,5.3,
IT002.O21.1,23520579,IT002.O21,,,5.4,,
IT003.O21,23520579,IT003.O21,7.2,,,6.7,
IT003.O21.1,23520579,IT003.O21,,,9,,
MA004.O21,23520579,MA004.O21,5.3,6.7,,8,
MA005.O21,23520579,MA005.O21,7.9,8.1,,7.9,
IT012.O21,23520579,IT012.O21,9.8,6.1,,7.5,
IT012.O21.1,23520579,IT012.O21,,,5.4,,
SS003.O23,23520579,SS003.O23,8.8,,,7.7,
SS009.O24,23520579,SS009.O24,9.8,,,5.6,
IT004.P11,23520579,IT004.P11,,7.7,,6.3,
IT004.P11.2,23520579,IT004.P11,,,7.1,,
IT005.P11.CNVN,23520579,IT005.P11.CNVN,9.6,6.1,,5.7,
IT005.P11.CNVN.2,23520579,IT005.P11.CNVN,,,7,,
IT007.P11,23520579,IT007.P11,6.4,8.9,,8.6,
IT007.P11.2,23520579,IT007.P11,,,6.3,,
SS007.P12,23520579,SS007.P12,9.2,,,6.2,
SS008.P15,23520579,SS008.P15,5.3,,,5.9,
IE101.P21,23520579,IE101.P21,7.9,,,8.9,
IE101.P21.1,23520579,IE101.P21,,,8.6,,
IE103.P21,23520579,IE103.P21,5.8,,,7,
IE103.P21.1,23520579,IE103.P21,,,9.1,,
IE108.P21,23520579,IE108.P21,,8.2,,8.8,
IE108.P21.1,23520579,IE108.P21,,,5.8,,
SS004.P22,23520579,SS004.P22,9,,,5.9,
IE104.Q11.CNVN,23520579,IE104.Q11.CNVN,,,,,
IE104.Q11.CNVN.2,23520579,IE104.Q11.CNVN,,,,,
IE106.Q11.CNVN,23520579,IE106.Q11.CNVN,,,,,
IE106.Q11.CNVN.1,23520579,IE106.Q11.CNVN,,,,,
IE307.Q12,23520579,IE307.Q12,,,,,
IE307.Q12.1,23520579,IE307.Q12,,,,,
SE104.Q13,23520579,SE104.Q13,,,,,
SE104.Q13.1,23520579,SE104.Q13,,,,,
PE231.Q116,23520579,PE231.Q116,,,,,
IT001.O11,23520580,IT001.O11,5.2,,,7.4,
IT001.O11.2,23520580,IT001.O11,,,8.2,,
MA003.O11,23520580,MA003.O11,8.2,7.4,,5.9,
MA006.O11,23520580,MA006.O11,7.8,7.4,,5,
IE005.O11,23520580,IE005.O11,6.3,,,6.9,
SS006.O11,23520580,SS006.O11,,8.7,,9.9,
IT002.O21,23520580,IT002.O21,9.9,,,7.8,
IT002.O21.1,23520580,IT002.O21,,,6.8,,
IT003.O21,23520580,IT003.O21,9.3,,,9,
IT003.O21.1,23520580,IT003.O21,,,9.8,,
MA004.O21,23520580,MA004.O21,6.3,10,,8,
MA005.O21,23520580,MA005.O21,8.2,6.2,,9.6,
IT012.O21,23520580,IT012.O21,5.7,8.5,,9.6,
IT012.O21.1,23520580,IT012.O21,,,9,,
SS003.O23,23520580,SS003.O23,6.1,,,9.9,
SS009.O24,23520580,SS009.O24,9.2,,,10,
IT004.P11,23520580,IT004.P11,,9,,9.7,
IT004.P11.2,23520580,IT004.P11,,,6.1,,
IT005.P11.CNVN,23520580,IT005.P11.CNVN,6.1,6.2,,7.4,
IT005.P11.CNVN.2,23520580,IT005.P11.CNVN,,,5.9,,
IT007.P11,23520580,IT007.P11,9.5,9.2,,6.7,
IT007.P11.2,23520580,IT007.P11,,,6.3,,
SS007.P12,23520580,SS007.P12,5.7,,,6,
SS008.P15,23520580,SS008.P15,6.4,,,6.6,
IE101.P21,23520580,IE101.P21,8.5,,,5.3,
IE101.P21.1,23520580,IE101.P21,,,7.8,,
IE103.P21,23520580,IE103.P21,9,,,6.2,
IE103.P21.1,23520580,IE103.P21,,,8.2,,
IE108.P21,23520580,IE108.P21,,6.3,,9.5,
IE108.P21.1,23520580,IE108.P21,,,7.5,,
SS004.P22,23520580,SS004.P22,6.8,,,9.6,
IE104.Q11.CNVN,23520580,IE104.Q11.CNVN,,,,,
IE104.Q11.CNVN.2,23520580,IE104.Q11.CNVN,,,,,
IE106.Q11.CNVN,23520580,IE106.Q11.CNVN,,,,,
IE106.Q11.CNVN.1,23520580,IE106.Q11.CNVN,,,,,
IE307.Q12,23520580,IE307.Q12,,,,,
IE307.Q12.1,23520580,IE307.Q12,,,,,
SE104.Q13,23520580,SE104.Q13,,,,,
SE104.Q13.1,23520580,SE104.Q13,,,,,
PE231.Q116,23520580,PE231.Q116,,,,,
IT001.O11,23520581,IT001.O11,7.6,,,6.9,
IT001.O11.2,23520581,IT001.O11,,,5.9,,
MA003.O11,23520581,MA003.O11,5.5,6.6,,5.1,
MA006.O11,23520581,MA006.O11,9.3,9.5,,9.2,
IE005.O11,23520581,IE005.O11,7.4,,,6.8,
SS006.O11,23520581,SS006.O11,,6.4,,5.7,
IT002.O21,23520581,IT002.O21,6.4,,,6.5,
IT002.O21.1,23520581,IT002.O21,,,7.5,,
IT003.O21,23520581,IT003.O21,6,,,7.6,
IT003.O21.1,23520581,IT003.O21,,,7.5,,
MA004.O21,23520581,MA004.O21,5.7,7.9,,9.5,
MA005.O21,23520581,MA005.O21,8.8,7.7,,6.2,
IT012.O21,23520581,IT012.O21,8.6,6.2,,9.2,
IT012.O21.1,23520581,IT012.O21,,,6.4,,
SS003.O23,23520581,SS003.O23,6,,,8.9,
SS009.O24,23520581,SS009.O24,6.1,,,6.4,
IT004.P11,23520581,IT004.P11,,8.5,,6.9,
IT004.P11.2,23520581,IT004.P11,,,7,,
IT005.P11.CNVN,23520581,IT005.P11.CNVN,9.6,9.3,,10,
IT005.P11.CNVN.2,23520581,IT005.P11.CNVN,,,7.8,,
IT007.P11,23520581,IT007.P11,6.9,7.9,,7,
IT007.P11.2,23520581,IT007.P11,,,9.8,,
SS007.P12,23520581,SS007.P12,6.3,,,9.1,
SS008.P15,23520581,SS008.P15,8.9,,,6.4,
IE101.P21,23520581,IE101.P21,8.9,,,8.5,
IE101.P21.1,23520581,IE101.P21,,,9,,
IE103.P21,23520581,IE103.P21,7.6,,,5.7,
IE103.P21.1,23520581,IE103.P21,,,7.4,,
IE108.P21,23520581,IE108.P21,,9.8,,9.5,
IE108.P21.1,23520581,IE108.P21,,,6.6,,
SS004.P22,23520581,SS004.P22,8.2,,,5.1,
IE104.Q11.CNVN,23520581,IE104.Q11.CNVN,,,,,
IE104.Q11.CNVN.2,23520581,IE104.Q11.CNVN,,,,,
IE106.Q11.CNVN,23520581,IE106.Q11.CNVN,,,,,
IE106.Q11.CNVN.1,23520581,IE106.Q11.CNVN,,,,,
IE307.Q12,23520581,IE307.Q12,,,,,
IE307.Q12.1,23520581,IE307.Q12,,,,,
SE104.Q13,23520581,SE104.Q13,,,,,
SE104.Q13.1,23520581,SE104.Q13,,,,,
PE231.Q116,23520581,PE231.Q116,,,,,
IT001.O11,23520582,IT001.O11,8.6,,,7.9,
IT001.O11.2,23520582,IT001.O11,,,6.9,,
MA003.O11,23520582,MA003.O11,6.4,5.4,,6.2,
MA006.O11,23520582,MA006.O11,7.1,7.1,,5.8,
IE005.O11,23520582,IE005.O11,8.5,,,5.1,
SS006.O11,23520582,SS006.O11,,5.9,,6.4,
IT002.O21,23520582,IT002.O21,5.9,,,9.1,
IT002.O21.1,23520582,IT002.O21,,,9.8,,
IT003.O21,23520582,IT003.O21,7.4,,,6.7,
IT003.O21.1,23520582,IT003.O21,,,9.2,,
MA004.O21,23520582,MA004.O21,8.8,8.3,,9.6,
MA005.O21,23520582,MA005.O21,5.4,8,,6.3,
IT012.O21,23520582,IT012.O21,9.8,5.3,,9.4,
IT012.O21.1,23520582,IT012.O21,,,9.6,,
SS003.O23,23520582,SS003.O23,5.3,,,9.4,
SS009.O24,23520582,SS009.O24,7.5,,,9.5,
IT004.P11,23520582,IT004.P11,,7.3,,9.9,
IT004.P11.2,23520582,IT004.P11,,,6.6,,
IT005.P11.CNVN,23520582,IT005.P11.CNVN,6,8.2,,9.9,
IT005.P11.CNVN.2,23520582,IT005.P11.CNVN,,,6.3,,
IT007.P11,23520582,IT007.P11,8.4,6.3,,6.9,
IT007.P11.2,23520582,IT007.P11,,,8.1,,
SS007.P12,23520582,SS007.P12,8.8,,,7.5,
SS008.P15,23520582,SS008.P15,9.7,,,8.3,
IE101.P21,23520582,IE101.P21,5.2,,,8.1,
IE101.P21.1,23520582,IE101.P21,,,5.2,,
IE103.P21,23520582,IE103.P21,6.2,,,7.7,
IE103.P21.1,23520582,IE103.P21,,,7,,
IE108.P21,23520582,IE108.P21,,8.4,,7,
IE108.P21.1,23520582,IE108.P21,,,9,,
SS004.P22,23520582,SS004.P22,7.8,,,8,
IE104.Q11.CNVN,23520582,IE104.Q11.CNVN,,,,,
IE104.Q11.CNVN.2,23520582,IE104.Q11.CNVN,,,,,
IE106.Q11.CNVN,23520582,IE106.Q11.CNVN,,,,,
IE106.Q11.CNVN.1,23520582,IE106.Q11.CNVN,,,,,
IE307.Q12,23520582,IE307.Q12,,,,,
IE307.Q12.1,23520582,IE307.Q12,,,,,
SE104.Q13,23520582,SE104.Q13,,,,,
SE104.Q13.1,23520582,SE104.Q13,,,,,
PE231.Q116,23520582,PE231.Q116,,,,,
IT001.O11,23520583,IT001.O11,8.1,,,7.5,
IT001.O11.2,23520583,IT001.O11,,,7.7,,
MA003.O11,23520583,MA003.O11,5,5.7,,6.6,
MA006.O11,23520583,MA006.O11,6.1,6,,8.5,
IE005.O11,23520583,IE005.O11,7.2,,,5.8,
SS006.O11,23520583,SS006.O11,,8.3,,5.9,
IT002.O21,23520583,IT002.O21,6.5,,,6,
IT002.O21.1,23520583,IT002.O21,,,8.4,,
IT003.O21,23520583,IT003.O21,7.5,,,5.1,
IT003.O21.1,23520583,IT003.O21,,,8.5,,
MA004.O21,23520583,MA004.O21,5.9,6.3,,5.5,
MA005.O21,23520583,MA005.O21,8,7.8,,6.3,
IT012.O21,23520583,IT012.O21,10,7,,5.7,
IT012.O21.1,23520583,IT012.O21,,,9,,
SS003.O23,23520583,SS003.O23,7.6,,,7.3,
SS009.O24,23520583,SS009.O24,8,,,7.4,
IT004.P11,23520583,IT004.P11,,7.2,,5.2,
IT004.P11.2,23520583,IT004.P11,,,9,,
IT005.P11.CNVN,23520583,IT005.P11.CNVN,7.8,8.6,,5.3,
IT005.P11.CNVN.2,23520583,IT005.P11.CNVN,,,7.4,,
IT007.P11,23520583,IT007.P11,6.7,7.6,,8.5,
IT007.P11.2,23520583,IT007.P11,,,6.3,,
SS007.P12,23520583,SS007.P12,8.7,,,8.5,
SS008.P15,23520583,SS008.P15,5.4,,,9.3,
IE101.P21,23520583,IE101.P21,8.1,,,6.3,
IE101.P21.1,23520583,IE101.P21,,,9.5,,
IE103.P21,23520583,IE103.P21,5.2,,,7.9,
IE103.P21.1,23520583,IE103.P21,,,9.3,,
IE108.P21,23520583,IE108.P21,,8.6,,9.6,
IE108.P21.1,23520583,IE108.P21,,,7.4,,
SS004.P22,23520583,SS004.P22,9.6,,,5.2,
IE104.Q11.CNVN,23520583,IE104.Q11.CNVN,,,,,
IE104.Q11.CNVN.2,23520583,IE104.Q11.CNVN,,,,,
IE106.Q11.CNVN,23520583,IE106.Q11.CNVN,,,,,
IE106.Q11.CNVN.1,23520583,IE106.Q11.CNVN,,,,,
IE307.Q12,23520583,IE307.Q12,,,,,
IE307.Q12.1,23520583,IE307.Q12,,,,,
SE104.Q13,23520583,SE104.Q13,,,,,
SE104.Q13.1,23520583,SE104.Q13,,,,,
PE231.Q116,23520583,PE231.Q116,,,,,
IT001.O11,23520584,IT001.O11,9.1,,,6,
IT001.O11.2,23520584,IT001.O11,,,8.2,,
MA003.O11,23520584,MA003.O11,10,7.5,,9.2,
MA006.O11,23520584,MA006.O11,8.4,9.2,,5,
IE005.O11,23520584,IE005.O11,7.4,,,8.3,
SS006.O11,23520584,SS006.O11,,8.6,,9.7,
IT002.O21,23520584,IT002.O21,5.9,,,7.6,
IT002.O21.1,23520584,IT002.O21,,,8.1,,
IT003.O21,23520584,IT003.O21,7,,,9.6,
IT003.O21.1,23520584,IT003.O21,,,7.5,,
MA004.O21,23520584,MA004.O21,5.4,8.2,,8.7,
MA005.O21,23520584,MA005.O21,8.5,7.4,,7.3,
IT012.O21,23520584,IT012.O21,9.3,8.5,,8.5,
IT012.O21.1,23520584,IT012.O21,,,9.1,,
SS003.O23,23520584,SS003.O23,5.5,,,8.5,
SS009.O24,23520584,SS009.O24,9.3,,,8.7,
IT004.P11,23520584,IT004.P11,,9.7,,7,
IT004.P11.2,23520584,IT004.P11,,,8.8,,
IT005.P11.CNVN,23520584,IT005.P11.CNVN,8.8,8.7,,7.6,
IT005.P11.CNVN.2,23520584,IT005.P11.CNVN,,,7.4,,
IT007.P11,23520584,IT007.P11,9.6,6.1,,6.6,
IT007.P11.2,23520584,IT007.P11,,,5.8,,
SS007.P12,23520584,SS007.P12,9.2,,,9.2,
SS008.P15,23520584,SS008.P15,6.8,,,7,
IE101.P21,23520584,IE101.P21,8.9,,,8.2,
IE101.P21.1,23520584,IE101.P21,,,7.2,,
IE103.P21,23520584,IE103.P21,9.8,,,7.7,
IE103.P21.1,23520584,IE103.P21,,,5.5,,
IE108.P21,23520584,IE108.P21,,6.8,,6.8,
IE108.P21.1,23520584,IE108.P21,,,5.8,,
SS004.P22,23520584,SS004.P22,8.1,,,7.8,
IE104.Q11.CNVN,23520584,IE104.Q11.CNVN,,,,,
IE104.Q11.CNVN.2,23520584,IE104.Q11.CNVN,,,,,
IE106.Q11.CNVN,23520584,IE106.Q11.CNVN,,,,,
IE106.Q11.CNVN.1,23520584,IE106.Q11.CNVN,,,,,
IE307.Q12,23520584,IE307.Q12,,,,,
IE307.Q12.1,23520584,IE307.Q12,,,,,
SE104.Q13,23520584,SE104.Q13,,,,,
SE104.Q13.1,23520584,SE104.Q13,,,,,
PE231.Q116,23520584,PE231.Q116,,,,,
IT001.O11,23520585,IT001.O11,8.5,,,9.5,
IT001.O11.2,23520585,IT001.O11,,,6.1,,
MA003.O11,23520585,MA003.O11,6.4,8.2,,8.7,
MA006.O11,23520585,MA006.O11,8.4,5.3,,8.9,
IE005.O11,23520585,IE005.O11,6.2,,,5.4,
SS006.O11,23520585,SS006.O11,,9.8,,5.6,
IT002.O21,23520585,IT002.O21,9.7,,,6.1,
IT002.O21.1,23520585,IT002.O21,,,6,,
IT003.O21,23520585,IT003.O21,9.6,,,8.6,
IT003.O21.1,23520585,IT003.O21,,,9.8,,
MA004.O21,23520585,MA004.O21,5.2,8.4,,7.2,
MA005.O21,23520585,MA005.O21,6.4,7.1,,9,
IT012.O21,23520585,IT012.O21,7.3,9.7,,9.7,
IT012.O21.1,23520585,IT012.O21,,,8,,
SS003.O23,23520585,SS003.O23,5.6,,,5.7,
SS009.O24,23520585,SS009.O24,7.7,,,9.1,
IT004.P11,23520585,IT004.P11,,10,,8.6,
IT004.P11.2,23520585,IT004.P11,,,5,,
IT005.P11.CNVN,23520585,IT005.P11.CNVN,9.5,8,,5.6,
IT005.P11.CNVN.2,23520585,IT005.P11.CNVN,,,8.5,,
IT007.P11,23520585,IT007.P11,9.7,6.4,,7.9,
IT007.P11.2,23520585,IT007.P11,,,8.1,,
SS007.P12,23520585,SS007.P12,8,,,6.7,
SS008.P15,23520585,SS008.P15,7.7,,,9.6,
IE101.P21,23520585,IE101.P21,7.8,,,5.8,
IE101.P21.1,23520585,IE101.P21,,,7.9,,
IE103.P21,23520585,IE103.P21,8.7,,,5.4,
IE103.P21.1,23520585,IE103.P21,,,9.3,,
IE108.P21,23520585,IE108.P21,,7.4,,6.1,
IE108.P21.1,23520585,IE108.P21,,,6.1,,
SS004.P22,23520585,SS004.P22,5.4,,,9.2,
IE104.Q11.CNVN,23520585,IE104.Q11.CNVN,,,,,
IE104.Q11.CNVN.2,23520585,IE104.Q11.CNVN,,,,,
IE106.Q11.CNVN,23520585,IE106.Q11.CNVN,,,,,
IE106.Q11.CNVN.1,23520585,IE106.Q11.CNVN,,,,,
IE307.Q12,23520585,IE307.Q12,,,,,
IE307.Q12.1,23520585,IE307.Q12,,,,,
SE104.Q13,23520585,SE104.Q13,,,,,
SE104.Q13.1,23520585,SE104.Q13,,,,,
PE231.Q116,23520585,PE231.Q116,,,,,
IT001.O11,23520586,IT001.O11,9.1,,,7.1,
IT001.O11.2,23520586,IT001.O11,,,9.9,,
MA003.O11,23520586,MA003.O11,6.1,5,,9.1,
MA006.O11,23520586,MA006.O11,8.8,5.9,,6.6,
IE005.O11,23520586,IE005.O11,5.4,,,7.8,
SS006.O11,23520586,SS006.O11,,7.7,,8.2,
IT002.O21,23520586,IT002.O21,9.2,,,9.2,
IT002.O21.1,23520586,IT002.O21,,,6.7,,
IT003.O21,23520586,IT003.O21,7.1,,,5.8,
IT003.O21.1,23520586,IT003.O21,,,7.9,,
MA004.O21,23520586,MA004.O21,6.9,8.5,,6.5,
MA005.O21,23520586,MA005.O21,6.8,8.3,,5.8,
IT012.O21,23520586,IT012.O21,6.2,7.8,,8.3,
IT012.O21.1,23520586,IT012.O21,,,5.6,,
SS003.O23,23520586,SS003.O23,7.1,,,7.3,
SS009.O24,23520586,SS009.O24,7,,,5.3,
IT004.P11,23520586,IT004.P11,,8.4,,8.5,
IT004.P11.2,23520586,IT004.P11,,,6.2,,
IT005.P11.CNVN,23520586,IT005.P11.CNVN,7.7,9.1,,8.7,
IT005.P11.CNVN.2,23520586,IT005.P11.CNVN,,,5,,
IT007.P11,23520586,IT007.P11,6.6,6.1,,9.3,
IT007.P11.2,23520586,IT007.P11,,,8.5,,
SS007.P12,23520586,SS007.P12,8.7,,,5.1,
SS008.P15,23520586,SS008.P15,8.7,,,5.7,
IE101.P21,23520586,IE101.P21,5.9,,,7.3,
IE101.P21.1,23520586,IE101.P21,,,8,,
IE103.P21,23520586,IE103.P21,6.3,,,9.3,
IE103.P21.1,23520586,IE103.P21,,,8.7,,
IE108.P21,23520586,IE108.P21,,9.8,,5.7,
IE108.P21.1,23520586,IE108.P21,,,7.4,,
SS004.P22,23520586,SS004.P22,6.8,,,7,
IE104.Q11.CNVN,23520586,IE104.Q11.CNVN,,,,,
IE104.Q11.CNVN.2,23520586,IE104.Q11.CNVN,,,,,
IE106.Q11.CNVN,23520586,IE106.Q11.CNVN,,,,,
IE106.Q11.CNVN.1,23520586,IE106.Q11.CNVN,,,,,
IE307.Q12,23520586,IE307.Q12,,,,,
IE307.Q12.1,23520586,IE307.Q12,,,,,
SE104.Q13,23520586,SE104.Q13,,,,,
SE104.Q13.1,23520586,SE104.Q13,,,,,
PE231.Q116,23520586,PE231.Q116,,,,,
IT001.O11,23520587,IT001.O11,5.5,,,9.5,
IT001.O11.2,23520587,IT001.O11,,,5.6,,
MA003.O11,23520587,MA003.O11,5.3,5.1,,9,
MA006.O11,23520587,MA006.O11,9.3,6.6,,6,
IE005.O11,23520587,IE005.O11,6.4,,,7.2,
SS006.O11,23520587,SS006.O11,,8.1,,6.3,
IT002.O21,23520587,IT002.O21,8.7,,,8.7,
IT002.O21.1,23520587,IT002.O21,,,9.6,,
IT003.O21,23520587,IT003.O21,9.7,,,8.7,
IT003.O21.1,23520587,IT003.O21,,,9.7,,
MA004.O21,23520587,MA004.O21,8.9,6.9,,5.1,
MA005.O21,23520587,MA005.O21,6.1,9.7,,8.3,
IT012.O21,23520587,IT012.O21,9.1,5.3,,8.9,
IT012.O21.1,23520587,IT012.O21,,,6.4,,
SS003.O23,23520587,SS003.O23,6.5,,,7.2,
SS009.O24,23520587,SS009.O24,9.2,,,8.5,
IT004.P11,23520587,IT004.P11,,9.9,,5,
IT004.P11.2,23520587,IT004.P11,,,7.2,,
IT005.P11.CNVN,23520587,IT005.P11.CNVN,8.1,7.2,,6.9,
IT005.P11.CNVN.2,23520587,IT005.P11.CNVN,,,9.5,,
IT007.P11,23520587,IT007.P11,7.5,5.8,,6.9,
IT007.P11.2,23520587,IT007.P11,,,7,,
SS007.P12,23520587,SS007.P12,6.4,,,5.5,
SS008.P15,23520587,SS008.P15,9.2,,,8.5,
IE101.P21,23520587,IE101.P21,9.9,,,8.4,
IE101.P21.1,23520587,IE101.P21,,,7.5,,
IE103.P21,23520587,IE103.P21,9.6,,,8.1,
IE103.P21.1,23520587,IE103.P21,,,9.4,,
IE108.P21,23520587,IE108.P21,,9.4,,7.4,
IE108.P21.1,23520587,IE108.P21,,,6.1,,
SS004.P22,23520587,SS004.P22,6.7,,,9.4,
IE104.Q11.CNVN,23520587,IE104.Q11.CNVN,,,,,
IE104.Q11.CNVN.2,23520587,IE104.Q11.CNVN,,,,,
IE106.Q11.CNVN,23520587,IE106.Q11.CNVN,,,,,
IE106.Q11.CNVN.1,23520587,IE106.Q11.CNVN,,,,,
IE307.Q12,23520587,IE307.Q12,,,,,
IE307.Q12.1,23520587,IE307.Q12,,,,,
SE104.Q13,23520587,SE104.Q13,,,,,
SE104.Q13.1,23520587,SE104.Q13,,,,,
PE231.Q116,23520587,PE231.Q116,,,,,
IT001.O11,23520588,IT001.O11,7.1,,,7,
IT001.O11.2,23520588,IT001.O11,,,6.1,,
MA003.O11,23520588,MA003.O11,8.9,5,,9.3,
MA006.O11,23520588,MA006.O11,5.8,6.1,,6.4,
IE005.O11,23520588,IE005.O11,7.1,,,7.9,
SS006.O11,23520588,SS006.O11,,8.7,,7.4,
IT002.O21,23520588,IT002.O21,8.4,,,5.2,
IT002.O21.1,23520588,IT002.O21,,,8.1,,
IT003.O21,23520588,IT003.O21,7.9,,,5.4,
IT003.O21.1,23520588,IT003.O21,,,9.8,,
MA004.O21,23520588,MA004.O21,8,7.4,,6,
MA005.O21,23520588,MA005.O21,7.6,9.2,,8.5,
IT012.O21,23520588,IT012.O21,5.4,6.6,,9.6,
IT012.O21.1,23520588,IT012.O21,,,5.5,,
SS003.O23,23520588,SS003.O23,8.1,,,9.3,
SS009.O24,23520588,SS009.O24,8.4,,,8.2,
IT004.P11,23520588,IT004.P11,,5.2,,6.4,
IT004.P11.2,23520588,IT004.P11,,,6.2,,
IT005.P11.CNVN,23520588,IT005.P11.CNVN,6.3,8.3,,6.6,
IT005.P11.CNVN.2,23520588,IT005.P11.CNVN,,,5.1,,
IT007.P11,23520588,IT007.P11,5.3,7.1,,7.2,
IT007.P11.2,23520588,IT007.P11,,,7.8,,
SS007.P12,23520588,SS007.P12,6.6,,,9,
SS008.P15,23520588,SS008.P15,9.6,,,9.5,
IE101.P21,23520588,IE101.P21,9.7,,,6.9,
IE101.P21.1,23520588,IE101.P21,,,7.2,,
IE103.P21,23520588,IE103.P21,9.4,,,5.8,
IE103.P21.1,23520588,IE103.P21,,,9.5,,
IE108.P21,23520588,IE108.P21,,9.1,,6.5,
IE108.P21.1,23520588,IE108.P21,,,5,,
SS004.P22,23520588,SS004.P22,7.6,,,6,
IE104.Q11.CNVN,23520588,IE104.Q11.CNVN,,,,,
IE104.Q11.CNVN.2,23520588,IE104.Q11.CNVN,,,,,
IE106.Q11.CNVN,23520588,IE106.Q11.CNVN,,,,,
IE106.Q11.CNVN.1,23520588,IE106.Q11.CNVN,,,,,
IE307.Q12,23520588,IE307.Q12,,,,,
IE307.Q12.1,23520588,IE307.Q12,,,,,
SE104.Q13,23520588,SE104.Q13,,,,,
SE104.Q13.1,23520588,SE104.Q13,,,,,
PE231.Q116,23520588,PE231.Q116,,,,,
IT001.O11,23520589,IT001.O11,5.9,,,6.9,
IT001.O11.2,23520589,IT001.O11,,,7,,
MA003.O11,23520589,MA003.O11,8.7,8.5,,9,
MA006.O11,23520589,MA006.O11,8.9,7,,6.7,
IE005.O11,23520589,IE005.O11,6.9,,,7.6,
SS006.O11,23520589,SS006.O11,,7.4,,7.8,
IT002.O21,23520589,IT002.O21,9.6,,,6.8,
IT002.O21.1,23520589,IT002.O21,,,7.8,,
IT003.O21,23520589,IT003.O21,6,,,7.8,
IT003.O21.1,23520589,IT003.O21,,,7.9,,
MA004.O21,23520589,MA004.O21,8.4,7.3,,5.7,
MA005.O21,23520589,MA005.O21,6.8,6.4,,5.9,
IT012.O21,23520589,IT012.O21,9.6,8.5,,9.7,
IT012.O21.1,23520589,IT012.O21,,,9.7,,
SS003.O23,23520589,SS003.O23,6.4,,,6.5,
SS009.O24,23520589,SS009.O24,7.5,,,7,
IT004.P11,23520589,IT004.P11,,7.1,,5.4,
IT004.P11.1,23520589,IT004.P11,,,9.6,,
IT005.P11.CNVN,23520589,IT005.P11.CNVN,9.3,7.9,,6.9,
IT005.P11.CNVN.2,23520589,IT005.P11.CNVN,,,8,,
IT007.P11,23520589,IT007.P11,7.7,6.9,,8.6,
IT007.P11.1,23520589,IT007.P11,,,6.3,,
SS007.P12,23520589,SS007.P12,6.8,,,9.1,
SS008.P15,23520589,SS008.P15,8.6,,,6,
IE101.P21,23520589,IE101.P21,6.7,,,7.6,
IE101.P21.1,23520589,IE101.P21,,,5.8,,
IE103.P21,23520589,IE103.P21,8.7,,,8.1,
IE103.P21.1,23520589,IE103.P21,,,6.8,,
IE108.P21,23520589,IE108.P21,,6.7,,5.9,
IE108.P21.1,23520589,IE108.P21,,,6,,
SS004.P22,23520589,SS004.P22,7.9,,,7.7,
IE104.Q11.CNVN,23520589,IE104.Q11.CNVN,,,,,
IE104.Q11.CNVN.2,23520589,IE104.Q11.CNVN,,,,,
IE106.Q11.CNVN,23520589,IE106.Q11.CNVN,,,,,
IE106.Q11.CNVN.1,23520589,IE106.Q11.CNVN,,,,,
IE307.Q12,23520589,IE307.Q12,,,,,
IE307.Q12.1,23520589,IE307.Q12,,,,,
SE104.Q13,23520589,SE104.Q13,,,,,
SE104.Q13.1,23520589,SE104.Q13,,,,,
PE231.Q116,23520589,PE231.Q116,,,,,
