hoc_ky;ma_mon_hoc;ma_lop;so_tin_chi;ma_giang_vien;thu;tiet;cach_tuan;ngay_bat_dau;ngay_ket_thuc;phong_hoc;si_so;hinh_thuc_giang_day;ghi_chu
2024_2025_2;BCH058;BCH058.P21;2;;4;12345;1;03/03/2025;10/05/2025;;;LT;Học tại trường ĐHKHXH&NV
2024_2025_2;BCH058;BCH058.P22;2;;4;6789;1;03/03/2025;24/05/2025;*;;LT;Học tại trường ĐHKHXH&NV
2024_2025_2;ENG03;ENG03.P21;4;;3;11,12,13;1;17/02/2025;17/05/2025;*;;LT;
2024_2025_2;ENG03;ENG03.P21;4;;5;11,12,13;1;17/02/2025;17/05/2025;*;;LT;
2024_2025_2;ENG01;ENG01.P21;4;;3;11,12,13;1;17/02/2025;17/05/2025;*;;LT;
2024_2025_2;ENG01;ENG01.P21;4;;5;11,12,13;1;17/02/2025;17/05/2025;*;;LT;
2024_2025_2;ENG02;ENG02.P21;4;;2;11,12,13;1;17/02/2025;17/05/2025;*;;LT;
2024_2025_2;ENG02;ENG02.P21;4;;4;11,12,13;1;17/02/2025;17/05/2025;*;;LT;
2024_2025_2;PE231;PE231.P25;0;;7;123;1;17/02/2025;07/06/2025;*;;LT;Bơi lội, học tại https://goo.gl/maps/NGD24VkSEtJmJ5pJ6
2024_2025_2;CE505;CE505.P21;10;;*;*;1;17/02/2025;07/06/2025;*;;KLTN;
2024_2025_2;CE502;CE502.P21;2;;*;*;1;17/02/2025;07/06/2025;*;;TTTN;
2024_2025_2;CE201;CE201.P21;2;;*;*;1;17/02/2025;07/06/2025;*;;ĐA;
2024_2025_2;CE206;CE206.P21;2;;*;*;1;17/02/2025;07/06/2025;*;;ĐA;
2024_2025_2;CE408;CE408.P21;2;;*;*;1;17/02/2025;07/06/2025;*;;ĐA;môn đồ án
2024_2025_2;CE412;CE412.P21;2;;*;*;1;17/02/2025;07/06/2025;*;;ĐA;môn đồ án
2024_2025_2;IE505;IE505.P21;10;;*;*;1;17/02/2025;07/06/2025;*;;KLTN;
2024_2025_2;DS505;DS505.P21;10;;*;*;1;17/02/2025;07/06/2025;*;;KLTN;
2024_2025_2;IE207;IE207.P21;2;;*;*;1;17/02/2025;07/06/2025;*;;ĐA;
2024_2025_2;IE309;IE309.P21;2;;*;*;1;17/02/2025;07/06/2025;*;;TTTN;
2024_2025_2;DS204;DS204.P21;2;;*;*;1;17/02/2025;07/06/2025;*;;ĐA;
2024_2025_2;DS207;DS207.P21;2;;*;*;1;17/02/2025;07/06/2025;*;;ĐA;
2024_2025_2;DS309;DS309.P21;2;;*;*;1;17/02/2025;07/06/2025;*;;TTTN;
2024_2025_2;IE207;IE207.P21.CNVN;2;;*;*;1;17/02/2025;07/06/2025;*;;ĐA;
2024_2025_2;NT505;NT505.P21;10;;*;*;1;17/02/2025;07/06/2025;*;;KLTN;
2024_2025_2;NT215;NT215.P21;2;;*;*;1;17/02/2025;07/06/2025;*;;TTTN;
2024_2025_2;NT114;NT114.P21;2;;*;*;1;17/02/2025;07/06/2025;*;;ĐA;
2024_2025_2;NT505;NT505.P21.ANTT;10;;*;*;1;17/02/2025;07/06/2025;*;;KLTN;
2024_2025_2;NT215;NT215.P21.ANTT;2;;*;*;1;17/02/2025;07/06/2025;*;;TTTN;
2024_2025_2;NT114;NT114.P21.ANTT;2;;*;*;1;17/02/2025;07/06/2025;*;;ĐA;
2024_2025_2;IS502;IS502.P21;2;;*;*;1;17/02/2025;07/06/2025;*;;TTTN;
2024_2025_2;IS401;IS401.P21;10;;*;*;1;17/02/2025;07/06/2025;*;;KLTN;
2024_2025_2;EC222;EC222.P21;2;;*;*;1;17/02/2025;07/06/2025;*;;TTTN;
2024_2025_2;SE121;SE121.P21;2;;*;*;1;17/02/2025;07/06/2025;*;;ĐA;DA
2024_2025_2;SE122;SE122.P21;2;;*;*;1;17/02/2025;07/06/2025;*;;ĐA;DA
2024_2025_2;SE501;SE501.P21;2;;*;*;1;17/02/2025;07/06/2025;*;;TTTN;TTTN
2024_2025_2;SE505;SE505.P21;10;;*;*;1;17/02/2025;07/06/2025;*;;KLTN;KLTN
2024_2025_2;SE506;SE506.P21;10;;*;*;1;17/02/2025;07/06/2025;*;;KLTN;KLTN
2024_2025_2;CS551;CS551.P21;2;;*;*;1;17/02/2025;07/06/2025;*;;TTTN;
2024_2025_2;CS505;CS505.P21;10;;*;*;1;17/02/2025;07/06/2025;*;;KLTN;
2024_2025_2;INI01;INI01.P21;2;;*;*;1;17/02/2025;07/06/2025;*;;TTTN;
2024_2025_2;CE507;CE507.P21;10;;*;*;1;17/02/2025;07/06/2025;*;;KLTN;SV đăng ký lớp này yêu cầu: đã có doanh nghiệp nhận, có đề tài và tham khảo danh sách doanh nghiệp công bố trên website khoa. SV nào muốn đăng ký môn đó phải tham vấn ý kiến thầy CVHT hoặc BCN Khoa (thầy Đoàn Duy) trước.
2024_2025_2;ENG03;ENG03.P223;4;;3;11,12,13;1;17/02/2025;17/05/2025;*;;LT;Mở bổ sung
2024_2025_2;ENG03;ENG03.P223;4;;5;11,12,13;1;17/02/2025;17/05/2025;*;;LT;Mở bổ sung
2024_2025_2;IE213;IE213.P21;3;;3;2345;1;17/02/2025;10/05/2025;A215;;LT;
2024_2025_2;ENG02;ENG02.P22;4;;5;45;1;17/02/2025;17/05/2025;A301;;LT;
2024_2025_2;ENG02;ENG02.P24;4;;3;678;1;17/02/2025;17/05/2025;A301;;LT;KTMT
2024_2025_2;ENG02;ENG02.P210;4;;6;678;1;17/02/2025;17/05/2025;A301;;LT;MMT
2024_2025_2;ENG03;ENG03.P219;4;;4;678;1;17/02/2025;17/05/2025;A301;;LT;MMT
2024_2025_2;ENG03;ENG03.P222;4;;5;678;1;17/02/2025;17/05/2025;A301;;LT;
2024_2025_2;ENG01;ENG01.P22;4;;3;90;1;17/02/2025;17/05/2025;A305;;LT;KTMT
2024_2025_2;ENG02;ENG02.P28;4;;3;678;1;17/02/2025;17/05/2025;A305;;LT;
2024_2025_2;ENG03;ENG03.P215;4;;5;678;1;17/02/2025;17/05/2025;A305;;LT;KTMT
2024_2025_2;ENG01;ENG01.P22;4;;5;678;1;17/02/2025;17/05/2025;A307;;LT;KTMT
2024_2025_2;ENG02;ENG02.P210;4;;4;90;1;17/02/2025;17/05/2025;A309;;LT;MMT
2024_2025_2;ENG03;ENG03.P219;4;;6;90;1;17/02/2025;17/05/2025;A309;;LT;MMT
2024_2025_2;ENG03;ENG03.P220;4;;6;123;1;17/02/2025;17/05/2025;A309;;LT;
2024_2025_2;EC304;EC304.P21;3;;2;1234;1;17/02/2025;10/05/2025;A315;;LT;
2024_2025_2;ENG02;ENG02.P22;4;;2;678;1;17/02/2025;17/05/2025;A323;;LT;
2024_2025_2;ENG02;ENG02.P24;4;;5;90;1;17/02/2025;17/05/2025;A323;;LT;KTMT
2024_2025_2;ENG03;ENG03.P215;4;;3;90;1;17/02/2025;17/05/2025;A323;;LT;KTMT
2024_2025_2;ENG03;ENG03.P222;4;;3;90;1;17/02/2025;17/05/2025;A325;;LT;
2024_2025_2;IE103;IE103.P22;3;;5;1234;1;17/02/2025;10/05/2025;B1.02;;LT;
2024_2025_2;IE101;IE101.P21.CNVN;2;;6;2345;1;17/02/2025;12/04/2025;B1.02;;LT;
2024_2025_2;EC229;EC229.P21;2;;2;123;1;17/02/2025;03/05/2025;B1.02;;LT;
2024_2025_2;IE402;IE402.P21;3;;7;6789;1;17/02/2025;10/05/2025;B1.04;;LT;
2024_2025_2;DS312;DS312.P21;3;;3;6789;1;17/02/2025;10/05/2025;B1.04;;LT;
2024_2025_2;IE204;IE204.P22;3;;4;2345;1;17/02/2025;10/05/2025;B1.04;;LT;
2024_2025_2;IE101;IE101.P22;2;;2;2345;1;17/02/2025;12/04/2025;B1.04;;LT;
2024_2025_2;IE105;IE105.P22;3;;3;1234;1;17/02/2025;10/05/2025;B1.04;;LT;
2024_2025_2;IE108;IE108.P22;3;;6;2345;1;17/02/2025;10/05/2025;B1.04;;LT;
2024_2025_2;IE213;IE213.P22;3;;3;1234;1;17/02/2025;10/05/2025;B1.06;;LT;
2024_2025_2;IE101;IE101.P21;2;;2;6789;1;17/02/2025;12/04/2025;B1.06;;LT;
2024_2025_2;IE108;IE108.P21;3;;4;1234;1;17/02/2025;10/05/2025;B1.06;;LT;
2024_2025_2;EC201;EC201.P22;3;;3;6789;1;17/02/2025;10/05/2025;B1.06;;LT;
2024_2025_2;NT535;NT535.P21;2;;2;45;1;17/02/2025;07/06/2025;B1.08;;LT;
2024_2025_2;NT405;NT405.P21;2;;2;23;1;17/02/2025;07/06/2025;B1.08;;LT;
2024_2025_2;NT121;NT121.P21;2;;3;45;1;17/02/2025;07/06/2025;B1.08;;LT;
2024_2025_2;NT541;NT541.P21;3;;4;678;1;17/02/2025;07/06/2025;B1.08;;LT;
2024_2025_2;NT132;NT132.P24;3;;5;123;1;17/02/2025;07/06/2025;B1.08;;LT;
2024_2025_2;NT330;NT330.P21.ANTT;2;;3;678;1;17/02/2025;03/05/2025;B1.08;;LT;
2024_2025_2;NT118;NT118.P22;2;;6;23;1;17/02/2025;07/06/2025;B1.08;;LT;
2024_2025_2;IT003;IT003.P21.CNVN;3;;5;678;1;17/02/2025;07/06/2025;B1.10;;LT;
2024_2025_2;IT003;IT003.P22.CNVN;3;;6;123;1;17/02/2025;07/06/2025;B1.10;;LT;
2024_2025_2;MA005;MA005.P21.CNVN;3;;2;6789;1;17/02/2025;10/05/2025;B1.10;;LT;
2024_2025_2;MA005;MA005.P22.CNVN;3;;2;1234;1;17/02/2025;10/05/2025;B1.10;;LT;
2024_2025_2;CE340;CE340.P21;3;;3;1234;1;17/02/2025;10/05/2025;B1.10;;LT;
2024_2025_2;CE103;CE103.P22;3;;4;6789;1;17/02/2025;10/05/2025;B1.10;;LT;
2024_2025_2;IE106;IE106.P21.CNVN;3;;6;6789;1;17/02/2025;10/05/2025;B1.10;;LT;
2024_2025_2;IE103;IE103.P21.CNVN;3;;4;1234;1;17/02/2025;10/05/2025;B1.10;;LT;
2024_2025_2;NT534;NT534.P21.ANTT;2;;7;45;1;17/02/2025;07/06/2025;B1.10;;LT;
2024_2025_2;IT002;IT002.P22.CNVN;3;;4;6789;1;17/02/2025;10/05/2025;B1.12;;LT;
2024_2025_2;CE433;CE433.P21;3;;5;6789;1;17/02/2025;10/05/2025;B1.12;;LT;
2024_2025_2;IT003;IT003.P21.TTNT;3;;3;123;1;17/02/2025;07/06/2025;B1.12;;LT;
2024_2025_2;CS116;CS116.P22;3;;4;123;1;17/02/2025;07/06/2025;B1.12;;LT;
2024_2025_2;CS231;CS231.P21;3;;2;123;1;17/02/2025;07/06/2025;B1.12;;LT;
2024_2025_2;CS231;CS231.P22;3;;2;678;1;17/02/2025;07/06/2025;B1.12;;LT;
2024_2025_2;CS523;CS523.P21;3;;6;678;1;17/02/2025;07/06/2025;B1.12;;LT;
2024_2025_2;MA004;MA004.P22;4;;2;1234;1;17/02/2025;07/06/2025;B1.14;;LT;
2024_2025_2;MA004;MA004.P24;4;;2;6789;1;17/02/2025;07/06/2025;B1.14;;LT;
2024_2025_2;MA004;MA004.P28;4;;3;6789;1;17/02/2025;07/06/2025;B1.14;;LT;
2024_2025_2;MA004;MA004.P212;4;;4;6789;1;17/02/2025;07/06/2025;B1.14;;LT;
2024_2025_2;MA004;MA004.P216;4;;5;6789;1;17/02/2025;07/06/2025;B1.14;;LT;
2024_2025_2;MA004;MA004.P220;4;;6;6789;1;17/02/2025;07/06/2025;B1.14;;LT;
2024_2025_2;SS004;SS004.P21;2;;3;123;1;17/02/2025;03/05/2025;B1.14;;LT;
2024_2025_2;SS004;SS004.P25;2;;5;123;1;17/02/2025;03/05/2025;B1.14;;LT;
2024_2025_2;SS004;SS004.P27;2;;6;123;1;17/02/2025;03/05/2025;B1.14;;LT;
2024_2025_2;SS004;SS004.P29;2;;7;678;1;17/02/2025;03/05/2025;B1.14;;LT;
2024_2025_2;SS006;SS006.P28;2;;7;12;1;17/02/2025;07/06/2025;B1.14;;LT;
2024_2025_2;CE126;CE126.P21;3;;4;1234;1;17/02/2025;10/05/2025;B1.14;;LT;
2024_2025_2;IT004;IT004.P21;3;;3;6789;1;17/02/2025;10/05/2025;B1.16;;LT;
2024_2025_2;MA004;MA004.P21;4;;2;1234;1;17/02/2025;07/06/2025;B1.16;;LT;
2024_2025_2;MA004;MA004.P25;4;;3;1234;1;17/02/2025;07/06/2025;B1.16;;LT;
2024_2025_2;MA004;MA004.P219;4;;6;6789;1;17/02/2025;07/06/2025;B1.16;;LT;
2024_2025_2;MA004;MA004.P223;4;;4;1234;1;17/02/2025;07/06/2025;B1.16;;LT;
2024_2025_2;MA004;MA004.P224;4;;2;6789;1;17/02/2025;07/06/2025;B1.16;;LT;
2024_2025_2;MA004;MA004.P225;4;;5;1234;1;17/02/2025;07/06/2025;B1.16;;LT;
2024_2025_2;MA005;MA005.P219;3;;6;1234;1;17/02/2025;10/05/2025;B1.16;;LT;
2024_2025_2;IE103;IE103.P21;3;;4;6789;1;17/02/2025;10/05/2025;B1.16;;LT;
2024_2025_2;NT334;NT334.P21.ANTT;2;;5;678;1;17/02/2025;03/05/2025;B1.16;;LT;
2024_2025_2;MA005;MA005.P221;3;;7;6789;1;17/02/2025;10/05/2025;B1.16;;LT;
2024_2025_2;MA004;MA004.P23;4;;2;6789;1;17/02/2025;07/06/2025;B1.18;;LT;
2024_2025_2;MA004;MA004.P27;4;;3;6789;1;17/02/2025;07/06/2025;B1.18;;LT;
2024_2025_2;MA004;MA004.P29;4;;4;1234;1;17/02/2025;07/06/2025;B1.18;;LT;
2024_2025_2;MA004;MA004.P211;4;;4;6789;1;17/02/2025;07/06/2025;B1.18;;LT;
2024_2025_2;MA004;MA004.P213;4;;5;1234;1;17/02/2025;07/06/2025;B1.18;;LT;
2024_2025_2;MA004;MA004.P217;4;;6;1234;1;17/02/2025;07/06/2025;B1.18;;LT;
2024_2025_2;MA005;MA005.P220;3;;7;6789;1;17/02/2025;10/05/2025;B1.18;;LT;
2024_2025_2;MA006;MA006.P21;4;;7;1234;1;17/02/2025;07/06/2025;B1.18;;LT;
2024_2025_2;SS004;SS004.P22;2;;3;345;1;17/02/2025;03/05/2025;B1.18;;LT;
2024_2025_2;NT132;NT132.P21;3;;2;123;1;17/02/2025;07/06/2025;B1.18;;LT;
2024_2025_2;NT219;NT219.P22.ANTT;2;;2;45;1;17/02/2025;07/06/2025;B1.18;;LT;
2024_2025_2;NT208;NT208.P23.ANTT;2;;5;678;1;17/02/2025;03/05/2025;B1.18;;LT;
2024_2025_2;IT002;IT002.P21;3;;2;123;1;17/02/2025;07/06/2025;B1.20;;LT;
2024_2025_2;IT002;IT002.P22;3;;2;678;1;17/02/2025;07/06/2025;B1.20;;LT;
2024_2025_2;IT002;IT002.P25;3;;3;123;1;17/02/2025;07/06/2025;B1.20;;LT;
2024_2025_2;IT002;IT002.P26;3;;3;678;1;17/02/2025;07/06/2025;B1.20;;LT;
2024_2025_2;IT002;IT002.P210;3;;4;678;1;17/02/2025;07/06/2025;B1.20;;LT;
2024_2025_2;IT002;IT002.P213;3;;5;123;1;17/02/2025;07/06/2025;B1.20;;LT;
2024_2025_2;IT002;IT002.P214;3;;5;678;1;17/02/2025;07/06/2025;B1.20;;LT;
2024_2025_2;IT002;IT002.P217;3;;6;345;1;17/02/2025;07/06/2025;B1.20;;LT;
2024_2025_2;IT002;IT002.P218;3;;6;678;1;17/02/2025;07/06/2025;B1.20;;LT;
2024_2025_2;IT002;IT002.P221;3;;7;123;1;17/02/2025;07/06/2025;B1.20;;LT;
2024_2025_2;CE103;CE103.P21;3;;4;1234;1;17/02/2025;10/05/2025;B1.20;;LT;
2024_2025_2;IT002;IT002.P23;3;;2;123;1;17/02/2025;07/06/2025;B1.22;;LT;
2024_2025_2;IT002;IT002.P24;3;;2;678;1;17/02/2025;07/06/2025;B1.22;;LT;
2024_2025_2;IT002;IT002.P27;3;;3;123;1;17/02/2025;07/06/2025;B1.22;;LT;
2024_2025_2;IT002;IT002.P28;3;;3;678;1;17/02/2025;07/06/2025;B1.22;;LT;
2024_2025_2;IT002;IT002.P211;3;;4;123;1;17/02/2025;07/06/2025;B1.22;;LT;
2024_2025_2;IT002;IT002.P212;3;;4;678;1;17/02/2025;07/06/2025;B1.22;;LT;
2024_2025_2;IT002;IT002.P215;3;;5;123;1;17/02/2025;07/06/2025;B1.22;;LT;
2024_2025_2;IT002;IT002.P216;3;;5;678;1;17/02/2025;07/06/2025;B1.22;;LT;
2024_2025_2;IT002;IT002.P219;3;;6;123;1;17/02/2025;07/06/2025;B1.22;;LT;
2024_2025_2;IT002;IT002.P220;3;;6;678;1;17/02/2025;07/06/2025;B1.22;;LT;
2024_2025_2;MA003;MA003.P21;3;;7;6789;1;17/02/2025;10/05/2025;B1.22;;LT;
2024_2025_2;IT012;IT012.P25;3;;7;1234;1;17/02/2025;10/05/2025;B1.22;;LT;
2024_2025_2;NT548;NT548.P21;3;;3;123;1;17/02/2025;07/06/2025;B3.10;;LT;
2024_2025_2;SE101;SE101.P23;3;;4;123;1;17/02/2025;10/05/2025;B3.10;;LT;TC CS ngành
2024_2025_2;SE114;SE114.P21;2;;5;1234;1;17/02/2025;12/04/2025;B3.10;;LT;TC CS ngành
2024_2025_2;SE358;SE358.P21;3;;2;1234;1;17/02/2025;10/05/2025;B3.10;;LT;Môn chuyên ngành được dạy bằng tiếng Anh
2024_2025_2;SE109;SE109.P21;3;;6;1234;1;17/02/2025;10/05/2025;B3.10;;LT;Tự chọn CN
2024_2025_2;SE101;SE101.P21;3;;2;123;1;17/02/2025;10/05/2025;B3.12;;LT;TC CS ngành
2024_2025_2;SE101;SE101.P22;3;;3;123;1;17/02/2025;10/05/2025;B3.12;;LT;TC CS ngành
2024_2025_2;SE102;SE102.P21;2;;7;1234;1;17/02/2025;12/04/2025;B3.12;;LT;TC CS ngành
2024_2025_2;SE102;SE102.P22;2;;3;6789;1;17/02/2025;12/04/2025;B3.12;;LT;TC CS ngành
2024_2025_2;SE330;SE330.P21;3;;6;123;1;17/02/2025;07/06/2025;B3.12;;LT;Môn học giảng dạy bằng hình thức Blended-learning
2024_2025_2;SE332;SE332.P21;2;;4;1234;1;17/02/2025;12/04/2025;B3.12;;LT;Tự chọn CN
2024_2025_2;SE332;SE332.P22;2;;4;1234;1;21/04/2025;14/06/2025;B3.12;;LT;Tự chọn CN
2024_2025_2;SE334;SE334.P21;2;;4;6789;1;17/02/2025;12/04/2025;B3.12;;LT;Tự chọn CN
2024_2025_2;SE334;SE334.P22;2;;4;6789;1;21/04/2025;14/06/2025;B3.12;;LT;Tự chọn CN
2024_2025_2;SE356;SE356.P22;3;;5;1234;1;17/02/2025;10/05/2025;B3.12;;LT;Tự chọn CN
2024_2025_2;SE401;SE401.P21;3;;6;678;1;17/02/2025;07/06/2025;B3.12;;LT;CĐTN
2024_2025_2;MA004;MA004.P26;4;;3;1234;1;17/02/2025;07/06/2025;B3.14;;LT;
2024_2025_2;MA004;MA004.P210;4;;4;1234;1;17/02/2025;07/06/2025;B3.14;;LT;
2024_2025_2;MA004;MA004.P214;4;;5;1234;1;17/02/2025;07/06/2025;B3.14;;LT;
2024_2025_2;MA004;MA004.P218;4;;6;1234;1;17/02/2025;07/06/2025;B3.14;;LT;
2024_2025_2;SS004;SS004.P23;2;;5;678;1;17/02/2025;03/05/2025;B3.14;;LT;
2024_2025_2;IE105;IE105.P21;3;;3;6789;1;17/02/2025;10/05/2025;B3.14;;LT;
2024_2025_2;SE104;SE104.P21;3;;7;2345;1;17/02/2025;10/05/2025;B3.14;;LT;
2024_2025_2;IT007;IT007.P21.CNVN;3;;3;6789;1;17/02/2025;10/05/2025;B3.16;;LT;
2024_2025_2;IT006;IT006.P24;3;;6;6789;1;17/02/2025;10/05/2025;B3.16;;LT;
2024_2025_2;IT007;IT007.P23;3;;3;1234;1;17/02/2025;10/05/2025;B3.16;;LT;
2024_2025_2;IT007;IT007.P25;3;;4;1234;1;17/02/2025;10/05/2025;B3.16;;LT;
2024_2025_2;IT007;IT007.P26;3;;4;6789;1;17/02/2025;10/05/2025;B3.16;;LT;
2024_2025_2;IT007;IT007.P28;3;;5;1234;1;17/02/2025;10/05/2025;B3.16;;LT;Môn học giảng dạy bằng hình thức Blended-learning
2024_2025_2;IT007;IT007.P29;3;;6;1234;1;17/02/2025;10/05/2025;B3.16;;LT;
2024_2025_2;MA005;MA005.P21;3;;2;1234;1;17/02/2025;10/05/2025;B3.16;;LT;
2024_2025_2;MA005;MA005.P22;3;;2;6789;1;17/02/2025;10/05/2025;B3.16;;LT;
2024_2025_2;IT006;IT006.P22;3;;4;6789;1;17/02/2025;10/05/2025;B3.18;;LT;Môn học giảng dạy bằng hình thức Blended-learning
2024_2025_2;IT006;IT006.P23;3;;5;1234;1;17/02/2025;10/05/2025;B3.18;;LT;
2024_2025_2;IT007;IT007.P22;3;;2;6789;1;17/02/2025;10/05/2025;B3.18;;LT;
2024_2025_2;IT012;IT012.P22;3;;6;6789;1;17/02/2025;10/05/2025;B3.18;;LT;
2024_2025_2;MA005;MA005.P24;3;;3;1234;1;17/02/2025;10/05/2025;B3.18;;LT;
2024_2025_2;MA005;MA005.P25;3;;3;6789;1;17/02/2025;10/05/2025;B3.18;;LT;
2024_2025_2;SS004;SS004.P24;2;;4;345;1;17/02/2025;03/05/2025;B3.18;;LT;
2024_2025_2;NT118;NT118.P21;2;;6;23;1;17/02/2025;07/06/2025;B3.18;;LT;
2024_2025_2;IS207;IS207.P21;3;;2;1234;1;17/02/2025;10/05/2025;B3.18;;LT;
2024_2025_2;IT007;IT007.P210;3;;6;6789;1;17/02/2025;10/05/2025;B3.20;;LT;
2024_2025_2;IT012;IT012.P21;3;;6;1234;1;17/02/2025;10/05/2025;B3.20;;LT;
2024_2025_2;IT012;IT012.P23;3;;7;1234;1;17/02/2025;10/05/2025;B3.20;;LT;
2024_2025_2;IT012;IT012.P24;3;;5;1234;1;17/02/2025;10/05/2025;B3.20;;LT;
2024_2025_2;MA005;MA005.P28;3;;4;1234;1;17/02/2025;10/05/2025;B3.20;;LT;
2024_2025_2;MA005;MA005.P29;3;;4;6789;1;17/02/2025;10/05/2025;B3.20;;LT;
2024_2025_2;PH002;PH002.P21;3;;2;1234;1;17/02/2025;10/05/2025;B3.20;;LT;
2024_2025_2;PH002;PH002.P22;3;;2;6789;1;17/02/2025;10/05/2025;B3.20;;LT;
2024_2025_2;PH002;PH002.P23;3;;3;6789;1;17/02/2025;10/05/2025;B3.20;;LT;
2024_2025_2;DS108;DS108.P21;3;;3;1234;1;17/02/2025;10/05/2025;B3.20;;LT;
2024_2025_2;IT003;IT003.P21;3;;2;123;1;17/02/2025;07/06/2025;B3.22;;LT;
2024_2025_2;IT003;IT003.P22;3;;2;678;1;17/02/2025;07/06/2025;B3.22;;LT;
2024_2025_2;IT003;IT003.P25;3;;3;123;1;17/02/2025;07/06/2025;B3.22;;LT;
2024_2025_2;IT003;IT003.P26;3;;3;678;1;17/02/2025;07/06/2025;B3.22;;LT;
2024_2025_2;IT003;IT003.P28;3;;4;123;1;17/02/2025;07/06/2025;B3.22;;LT;
2024_2025_2;IT003;IT003.P29;3;;4;678;1;17/02/2025;07/06/2025;B3.22;;LT;
2024_2025_2;IT003;IT003.P212;3;;5;123;1;17/02/2025;07/06/2025;B3.22;;LT;
2024_2025_2;IT003;IT003.P213;3;;5;678;1;17/02/2025;07/06/2025;B3.22;;LT;
2024_2025_2;IT003;IT003.P217;3;;6;123;1;17/02/2025;07/06/2025;B3.22;;LT;
2024_2025_2;TLH025;TLH025.P23;3;;6;6789;1;17/02/2025;10/05/2025;B3.22;;LT;
2024_2025_2;NT113;NT113.P21;2;;5;45;1;17/02/2025;07/06/2025;B4.10;;LT;
2024_2025_2;NT538;NT538.P21;2;;3;45;1;17/02/2025;07/06/2025;B4.10;;LT;
2024_2025_2;NT132;NT132.P23;3;;3;123;1;17/02/2025;07/06/2025;B4.10;;LT;
2024_2025_2;NT105;NT105.P22;3;;2;678;1;17/02/2025;07/06/2025;B4.10;;LT;
2024_2025_2;NT105;NT105.P23;3;;5;678;1;17/02/2025;07/06/2025;B4.10;;LT;
2024_2025_2;NT105;NT105.P24;3;;6;678;1;17/02/2025;07/06/2025;B4.10;;LT;
2024_2025_2;NT208;NT208.P21.ANTT;2;;6;45;1;17/02/2025;07/06/2025;B4.10;;LT;
2024_2025_2;NT208;NT208.P22.ANTT;2;;4;678;1;17/02/2025;03/05/2025;B4.10;;LT;
2024_2025_2;DS102;DS102.P21;3;;5;2345;1;17/02/2025;10/05/2025;B4.12;;LT;
2024_2025_2;CS112;CS112.P21;3;;3;123;1;17/02/2025;07/06/2025;B4.12;;LT;
2024_2025_2;CS112;CS112.P22;3;;3;678;1;17/02/2025;07/06/2025;B4.12;;LT;
2024_2025_2;CS112;CS112.P23;3;;4;123;1;17/02/2025;07/06/2025;B4.12;;LT;
2024_2025_2;CS112;CS112.P24;3;;4;678;1;17/02/2025;07/06/2025;B4.12;;LT;
2024_2025_2;CS221;CS221.P21;3;;6;123;1;17/02/2025;07/06/2025;B4.12;;LT;
2024_2025_2;CS221;CS221.P22;3;;6;678;1;17/02/2025;07/06/2025;B4.12;;LT;
2024_2025_2;SS006;SS006.P21;2;;2;12;1;17/02/2025;07/06/2025;B4.14;;LT;
2024_2025_2;SS006;SS006.P22;2;;2;45;1;17/02/2025;07/06/2025;B4.14;;LT;
2024_2025_2;SS006;SS006.P23;2;;2;67;1;17/02/2025;07/06/2025;B4.14;;LT;
2024_2025_2;SS006;SS006.P24;2;;3;67;1;17/02/2025;07/06/2025;B4.14;;LT;
2024_2025_2;SS006;SS006.P25;2;;4;67;1;17/02/2025;07/06/2025;B4.14;;LT;
2024_2025_2;SS008;SS008.P21;2;;6;12;1;17/02/2025;07/06/2025;B4.14;;LT;
2024_2025_2;SS008;SS008.P22;2;;6;45;1;17/02/2025;07/06/2025;B4.14;;LT;
2024_2025_2;SS008;SS008.P23;2;;6;67;1;17/02/2025;07/06/2025;B4.14;;LT;
2024_2025_2;SS008;SS008.P24;2;;6;90;1;17/02/2025;07/06/2025;B4.14;;LT;
2024_2025_2;SS008;SS008.P25;2;;5;12;1;17/02/2025;07/06/2025;B4.14;;LT;
2024_2025_2;SS008;SS008.P26;2;;5;45;1;17/02/2025;07/06/2025;B4.14;;LT;
2024_2025_2;SS010;SS010.P21;2;;3;12;1;17/02/2025;07/06/2025;B4.14;;LT;
2024_2025_2;SS010;SS010.P22;2;;3;45;1;17/02/2025;07/06/2025;B4.14;;LT;
2024_2025_2;SS010;SS010.P23;2;;4;12;1;17/02/2025;07/06/2025;B4.14;;LT;
2024_2025_2;SS010;SS010.P24;2;;4;45;1;17/02/2025;07/06/2025;B4.14;;LT;
2024_2025_2;SS010;SS010.P25;2;;5;67;1;17/02/2025;07/06/2025;B4.14;;LT;
2024_2025_2;SS010;SS010.P26;2;;5;90;1;17/02/2025;07/06/2025;B4.14;;LT;
2024_2025_2;IT010;IT010.P21;2;;4;1234;1;17/02/2025;12/04/2025;B4.16;;LT;
2024_2025_2;MA005;MA005.P212;3;;5;1234;1;17/02/2025;10/05/2025;B4.16;;LT;
2024_2025_2;MA005;MA005.P213;3;;5;6789;1;17/02/2025;10/05/2025;B4.16;;LT;
2024_2025_2;NT522;NT522.P21.ANTT;2;;6;45;1;17/02/2025;07/06/2025;B4.16;;LT;
2024_2025_2;IT006;IT006.P21;3;;2;1234;1;17/02/2025;10/05/2025;B4.18;;LT;
2024_2025_2;MA004;MA004.P221;4;;7;1234;1;17/02/2025;07/06/2025;B4.18;;LT;
2024_2025_2;MA004;MA004.P222;4;;3;1234;1;17/02/2025;07/06/2025;B4.18;;LT;
2024_2025_2;MA005;MA005.P214;3;;5;1234;1;17/02/2025;10/05/2025;B4.18;;LT;
2024_2025_2;MA005;MA005.P215;3;;5;6789;1;17/02/2025;10/05/2025;B4.18;;LT;
2024_2025_2;MA005;MA005.P216;3;;6;6789;1;17/02/2025;10/05/2025;B4.18;;LT;
2024_2025_2;MA005;MA005.P218;3;;6;1234;1;17/02/2025;10/05/2025;B4.18;;LT;
2024_2025_2;CS313;CS313.P22;3;;3;6789;1;17/02/2025;10/05/2025;B4.18;;LT;
2024_2025_2;NT219;NT219.P21.ANTT;2;;4;45;1;17/02/2025;07/06/2025;B4.18;;LT;
2024_2025_2;IT002;IT002.P22.TTNT;3;;4;123;1;17/02/2025;07/06/2025;B4.18;;LT;
2024_2025_2;MA004;MA004.P215;4;;5;6789;1;17/02/2025;07/06/2025;B4.20;;LT;
2024_2025_2;TLH025;TLH025.P22;3;;4;1234;1;17/02/2025;10/05/2025;B4.20;;LT;
2024_2025_2;MM003;MM003.P22;2;;4;678;1;17/02/2025;03/05/2025;B4.20;;LT;
2024_2025_2;MM003;MM003.P23;2;;5;123;1;17/02/2025;03/05/2025;B4.20;;LT;
2024_2025_2;DS200;DS200.P21;3;;2;6789;1;17/02/2025;10/05/2025;B4.20;;LT;
2024_2025_2;SE114;SE114.P22;2;;6;1234;1;17/02/2025;12/04/2025;B4.20;;LT;TC CS ngành
2024_2025_2;SE114;SE114.P23;2;;6;1234;1;21/04/2025;14/06/2025;B4.20;;LT;TC CS ngành
2024_2025_2;SE330;SE330.P22;3;;6;6789;1;17/02/2025;10/05/2025;B4.20;;LT;Tự chọn CN
2024_2025_2;MM214;MM214.P21;3;;3;6789;1;17/02/2025;10/05/2025;B4.20;;LT;
2024_2025_2;IT005;IT005.P21;3;;3;123;1;17/02/2025;07/06/2025;B4.22;;LT;
2024_2025_2;IT006;IT006.P25;3;;4;1234;1;17/02/2025;10/05/2025;B4.22;;LT;Môn học giảng dạy bằng hình thức Blended-learning
2024_2025_2;MA005;MA005.P23;3;;2;1234;1;17/02/2025;10/05/2025;B4.22;;LT;
2024_2025_2;MA005;MA005.P217;3;;2;6789;1;17/02/2025;10/05/2025;B4.22;;LT;
2024_2025_2;PH002;PH002.P24;3;;7;1234;1;17/02/2025;10/05/2025;B4.22;;LT;
2024_2025_2;SS004;SS004.P26;2;;5;345;1;17/02/2025;03/05/2025;B4.22;;LT;
2024_2025_2;SS004;SS004.P28;2;;6;345;1;17/02/2025;03/05/2025;B4.22;;LT;
2024_2025_2;IS208;IS208.P21;3;;7;6789;1;17/02/2025;10/05/2025;B4.22;;LT;
2024_2025_2;SE104;SE104.P22;3;;6;7890;1;17/02/2025;10/05/2025;B4.22;;LT;
2024_2025_2;SE104;SE104.P25;3;;4;6789;1;17/02/2025;10/05/2025;B4.22;;LT;
2024_2025_2;MA005;MA005.P26;3;;3;1234;1;17/02/2025;10/05/2025;B5.10;;LT;
2024_2025_2;MA005;MA005.P27;3;;3;6789;1;17/02/2025;10/05/2025;B5.10;;LT;
2024_2025_2;CE232;CE232.P21;3;;6;1234;1;17/02/2025;10/05/2025;B5.10;;LT;
2024_2025_2;NT536;NT536.P21;2;;5;123;1;17/02/2025;03/05/2025;B5.10;;LT;
2024_2025_2;NT105;NT105.P21;3;;4;678;1;17/02/2025;07/06/2025;B5.10;;LT;
2024_2025_2;NT230;NT230.P21.ANTT;2;;4;23;1;17/02/2025;07/06/2025;B5.10;;LT;
2024_2025_2;NT204;NT204.P21.ANTT;2;;5;45;1;17/02/2025;07/06/2025;B5.10;;LT;
2024_2025_2;NT106;NT106.P21.ANTT;2;;2;678;1;17/02/2025;07/06/2025;B5.10;;LT;
2024_2025_2;SE356;SE356.P21;3;;2;1234;1;17/02/2025;10/05/2025;B5.10;;LT;Tự chọn CN
2024_2025_2;MA005;MA005.P210;3;;4;1234;1;17/02/2025;10/05/2025;B5.12;;LT;
2024_2025_2;MA005;MA005.P211;3;;4;6789;1;17/02/2025;10/05/2025;B5.12;;LT;
2024_2025_2;CE410;CE410.P21;3;;3;6789;1;17/02/2025;10/05/2025;B5.12;;LT;môn CĐTN
2024_2025_2;CE222;CE222.P21;3;;2;1234;1;17/02/2025;10/05/2025;B5.12;;LT;Học lại, cải thiện
2024_2025_2;CE213;CE213.P23;3;;2;6789;1;17/02/2025;10/05/2025;B5.12;;LT;
2024_2025_2;CE103;CE103.P23;3;;5;1234;1;17/02/2025;10/05/2025;B5.12;;LT;
2024_2025_2;CE103;CE103.P24;3;;5;6789;1;17/02/2025;10/05/2025;B5.12;;LT;
2024_2025_2;SE400;SE400.P21;4;;6;1234;1;17/02/2025;07/06/2025;B5.12;;LT;CĐTN
2024_2025_2;SS003;SS003.P21;2;;2;12;1;17/02/2025;07/06/2025;B5.14;;LT;
2024_2025_2;SS003;SS003.P22;2;;2;45;1;17/02/2025;07/06/2025;B5.14;;LT;
2024_2025_2;SS003;SS003.P23;2;;3;12;1;17/02/2025;07/06/2025;B5.14;;LT;
2024_2025_2;SS003;SS003.P24;2;;3;45;1;17/02/2025;07/06/2025;B5.14;;LT;
2024_2025_2;SS003;SS003.P25;2;;4;12;1;17/02/2025;07/06/2025;B5.14;;LT;
2024_2025_2;SS003;SS003.P26;2;;4;45;1;17/02/2025;07/06/2025;B5.14;;LT;
2024_2025_2;SS009;SS009.P21;2;;2;67;1;17/02/2025;07/06/2025;B5.14;;LT;
2024_2025_2;SS009;SS009.P22;2;;2;90;1;17/02/2025;07/06/2025;B5.14;;LT;
2024_2025_2;SS009;SS009.P23;2;;3;67;1;17/02/2025;07/06/2025;B5.14;;LT;
2024_2025_2;SS009;SS009.P24;2;;3;90;1;17/02/2025;07/06/2025;B5.14;;LT;
2024_2025_2;SS009;SS009.P25;2;;4;67;1;17/02/2025;07/06/2025;B5.14;;LT;
2024_2025_2;SS009;SS009.P26;2;;4;90;1;17/02/2025;07/06/2025;B5.14;;LT;
2024_2025_2;SS006;SS006.P26;2;;5;12;1;17/02/2025;07/06/2025;B5.14;;LT;
2024_2025_2;SS006;SS006.P27;2;;6;67;1;17/02/2025;07/06/2025;B5.14;;LT;
2024_2025_2;NT531;NT531.P21;2;;4;123;1;17/02/2025;03/05/2025;B6.02;;LT;
2024_2025_2;EC201;EC201.P21;3;;3;1234;1;17/02/2025;10/05/2025;B6.02;;LT;
2024_2025_2;IE106;IE106.P22.CNVN;3;;5;1234;1;17/02/2025;10/05/2025;B6.04;;LT;
2024_2025_2;IE108;IE108.P21.CNVN;3;;2;6789;1;17/02/2025;10/05/2025;B6.04;;LT;
2024_2025_2;SE346;SE346.P21;3;;3;1234;1;17/02/2025;10/05/2025;B6.04;;LT;Tự chọn CN
2024_2025_2;SE405;SE405.P21;3;;4;1234;1;17/02/2025;10/05/2025;B6.04;;LT;CĐTN
2024_2025_2;TLH025;TLH025.P21;3;;6;1234;1;17/02/2025;10/05/2025;B6.06;;LT;
2024_2025_2;BUS1125;BUS1125.P21;3;;4;1234;1;17/02/2025;10/05/2025;B6.06;;LT;Môn học giảng dạy bằng hình thức Blended-learning
2024_2025_2;IE229;IE229.P21.CNVN;3;;2;123;1;17/02/2025;07/06/2025;B6.06;;LT;
2024_2025_2;NT106;NT106.P22.ANTT;2;;3;678;1;17/02/2025;03/05/2025;B6.06;;LT;
2024_2025_2;IS210;IS210.P21;3;;2;6789;1;17/02/2025;10/05/2025;B6.06;;LT;
2024_2025_2;EC001;EC001.P22;4;;5;67890;1;17/02/2025;17/05/2025;B6.06;;LT;
2024_2025_2;SE104;SE104.P23;3;;5;1234;1;17/02/2025;10/05/2025;B6.06;;LT;
2024_2025_2;CS116;CS116.P21;3;;3;123;1;17/02/2025;07/06/2025;B6.06;;LT;
2024_2025_2;CS431;CS431.P22;2;;4;678;1;17/02/2025;26/04/2025;B6.06;;LT;
2024_2025_2;IT003;IT003.P23;3;;2;123;1;17/02/2025;07/06/2025;B6.08;;LT;
2024_2025_2;IT003;IT003.P27;3;;3;123;1;17/02/2025;07/06/2025;B6.08;;LT;
2024_2025_2;IT003;IT003.P210;3;;4;123;1;17/02/2025;07/06/2025;B6.08;;LT;
2024_2025_2;IT003;IT003.P211;3;;4;678;1;17/02/2025;07/06/2025;B6.08;;LT;
2024_2025_2;IT003;IT003.P214;3;;3;678;1;17/02/2025;07/06/2025;B6.08;;LT;
2024_2025_2;IT003;IT003.P215;3;;5;123;1;17/02/2025;07/06/2025;B6.08;;LT;
2024_2025_2;IT003;IT003.P216;3;;5;678;1;17/02/2025;07/06/2025;B6.08;;LT;
2024_2025_2;NT533;NT533.P21;2;;2;45;1;17/02/2025;07/06/2025;B6.08;;LT;
2024_2025_2;NT532;NT532.P21;2;;4;45;1;17/02/2025;07/06/2025;B6.08;;LT;
2024_2025_2;IS207;IS207.P22;3;;6;1234;1;17/02/2025;10/05/2025;B6.08;;LT;
2024_2025_2;IT005;IT005.P22;3;;3;678;1;17/02/2025;07/06/2025;B6.10;;LT;
2024_2025_2;IT005;IT005.P23;3;;4;123;1;17/02/2025;07/06/2025;B6.10;;LT;
2024_2025_2;IT005;IT005.P24;3;;4;678;1;17/02/2025;07/06/2025;B6.10;;LT;
2024_2025_2;IT005;IT005.P25;3;;5;123;1;17/02/2025;07/06/2025;B6.10;;LT;
2024_2025_2;IE303;IE303.P22;3;;2;6789;1;17/02/2025;10/05/2025;B6.10;;LT;
2024_2025_2;IE403;IE403.P21;3;;7;1234;1;17/02/2025;10/05/2025;B6.10;;LT;
2024_2025_2;DS107;DS107.P21;3;;7;6789;1;17/02/2025;10/05/2025;B6.10;;LT;
2024_2025_2;CS117;CS117.P22;3;;5;678;1;17/02/2025;07/06/2025;B6.10;;LT;
2024_2025_2;SS007;SS007.P21;3;;2;123;1;17/02/2025;07/06/2025;B6.12;;LT;
2024_2025_2;SS007;SS007.P22;3;;2;678;1;17/02/2025;07/06/2025;B6.12;;LT;
2024_2025_2;SS007;SS007.P23;3;;5;123;1;17/02/2025;07/06/2025;B6.12;;LT;
2024_2025_2;SS007;SS007.P24;3;;5;678;1;17/02/2025;07/06/2025;B6.12;;LT;
2024_2025_2;SS007;SS007.P25;3;;6;123;1;17/02/2025;07/06/2025;B6.12;;LT;
2024_2025_2;SS007;SS007.P26;3;;6;678;1;17/02/2025;07/06/2025;B6.12;;LT;
2024_2025_2;EC001;EC001.P21;4;;3;67890;1;17/02/2025;17/05/2025;B6.12;;LT;
2024_2025_2;IS402;IS402.P21;3;;7;1234;1;17/02/2025;10/05/2025;B7.04;;LT;Môn chuyên đề tốt nghiệp
2024_2025_2;IS220;IS220.P21;3;;4;1234;1;17/02/2025;10/05/2025;B7.04;;LT;
2024_2025_2;IS216;IS216.P21;3;;2;1234;1;17/02/2025;10/05/2025;B7.04;;LT;
2024_2025_2;IS216;IS216.P22;3;;3;1234;1;17/02/2025;10/05/2025;B7.04;;LT;
2024_2025_2;IS216;IS216.P23;3;;6;1234;1;17/02/2025;10/05/2025;B7.04;;LT;
2024_2025_2;EC101;EC101.P22;3;;4;6789;1;17/02/2025;10/05/2025;B7.04;;LT;
2024_2025_2;CS114;CS114.P21;3;;5;123;1;17/02/2025;07/06/2025;B7.04;;LT;
2024_2025_2;IS405;IS405.P21;3;;2;1234;1;17/02/2025;10/05/2025;B7.06;;LT;Môn chuyên đề tốt nghiệp
2024_2025_2;IS211;IS211.P21;3;;3;1234;1;17/02/2025;10/05/2025;B7.06;;LT;
2024_2025_2;IS403;IS403.P21;3;;2;6789;1;17/02/2025;10/05/2025;B7.06;;LT;
2024_2025_2;IS403;IS403.P22;3;;3;6789;1;17/02/2025;10/05/2025;B7.06;;LT;
2024_2025_2;IS403;IS403.P23;3;;4;1234;1;17/02/2025;10/05/2025;B7.06;;LT;
2024_2025_2;IS201;IS201.P22;3;;5;1234;1;17/02/2025;10/05/2025;B7.06;;LT;
2024_2025_2;IS201;IS201.P23;3;;4;6789;1;17/02/2025;10/05/2025;B7.06;;LT;
2024_2025_2;IS208;IS208.P22;3;;5;6789;1;17/02/2025;10/05/2025;B7.06;;LT;
2024_2025_2;IS211;IS211.P22;3;;6;1234;1;17/02/2025;10/05/2025;B7.06;;LT;
2024_2025_2;NT131;NT131.P21;3;;6;123;1;17/02/2025;07/06/2025;C101;;LT;
2024_2025_2;NT131;NT131.P22;3;;4;123;1;17/02/2025;07/06/2025;C101;;LT;
2024_2025_2;NT131;NT131.P23;3;;2;678;1;17/02/2025;07/06/2025;C101;;LT;
2024_2025_2;NT131;NT131.P24;3;;3;678;1;17/02/2025;07/06/2025;C101;;LT;
2024_2025_2;IS405;IS405.P22;3;;6;6789;1;17/02/2025;10/05/2025;C102;;LT;Môn K17/chuyên đề tốt nghiệp
2024_2025_2;EC208;EC208.P22;3;;3;1234;1;17/02/2025;10/05/2025;C108;;LT;
2024_2025_2;NT207;NT207.P21.ANTT;2;;3;234;1;17/02/2025;03/05/2025;C201;;LT;
2024_2025_2;IS252;IS252.P21;3;;5;6789;1;17/02/2025;10/05/2025;C201;;LT;
2024_2025_2;NT539;NT539.P21;3;;3;678;1;17/02/2025;07/06/2025;C202;;LT;
2024_2025_2;NT113;NT113.P22;2;;3;45;1;17/02/2025;07/06/2025;C202;;LT;
2024_2025_2;NT101;NT101.P21;3;;5;678;1;17/02/2025;07/06/2025;C202;;LT;
2024_2025_2;NT230;NT230.P22.ANTT;2;;5;23;1;17/02/2025;07/06/2025;C202;;LT;
2024_2025_2;NT204;NT204.P22.ANTT;2;;6;23;1;17/02/2025;07/06/2025;C202;;LT;
2024_2025_2;NT205;NT205.P21.ANTT;2;;2;234;1;17/02/2025;03/05/2025;C202;;LT;
2024_2025_2;CS106;CS106.P23;3;;3;123;1;17/02/2025;07/06/2025;C206;;LT;Lớp dành cho ngành Trí tuệ nhân tạo
2024_2025_2;CS321;CS321.P21;3;;5;678;1;17/02/2025;07/06/2025;C206;;LT;
2024_2025_2;CS112;CS112.P25;3;;2;678;1;17/02/2025;07/06/2025;C206;;LT;Lớp dành cho ngành Trí tuệ nhân tạo
2024_2025_2;CS114;CS114.P23;3;;4;678;1;17/02/2025;07/06/2025;C206;;LT;Lớp dành cho ngành Trí tuệ nhân tạo
2024_2025_2;CE118;CE118.P21;3;;5;2345;1;17/02/2025;10/05/2025;C214;;LT;Học lại, cải thiện
2024_2025_2;CE213;CE213.P21;3;;6;2345;1;17/02/2025;10/05/2025;C214;;LT;
2024_2025_2;CE213;CE213.P22;3;;4;6789;1;17/02/2025;10/05/2025;C214;;LT;
2024_2025_2;CE122;CE122.P21;3;;2;6789;1;17/02/2025;10/05/2025;C214;;LT;
2024_2025_2;CE122;CE122.P22;3;;2;1234;1;17/02/2025;10/05/2025;C214;;LT;
2024_2025_2;CE122;CE122.P23;3;;3;1234;1;17/02/2025;10/05/2025;C214;;LT;
2024_2025_2;CE122;CE122.P24;3;;3;6789;1;17/02/2025;10/05/2025;C214;;LT;
2024_2025_2;IS405;IS405.P23;3;;5;6789;1;17/02/2025;10/05/2025;C214;;LT;Môn K17/chuyên đề tốt nghiệp
2024_2025_2;IS210;IS210.P22;3;;6;6789;1;17/02/2025;10/05/2025;C214;;LT;
2024_2025_2;EC214;EC214.P21;3;;3;2345;1;17/02/2025;10/05/2025;C216;;LT;Tự chọn
2024_2025_2;EC402;EC402.P21;3;;6;1234;1;17/02/2025;10/05/2025;C301;;LT;
2024_2025_2;IS403;IS403.P24;3;;3;1234;1;17/02/2025;10/05/2025;C301;;LT;
2024_2025_2;IS336;IS336.P21;3;;4;1234;1;17/02/2025;10/05/2025;C301;;LT;
2024_2025_2;EC403;EC403.P21;3;;3;6789;1;17/02/2025;10/05/2025;C301;;LT;Chuyên đề
2024_2025_2;EC403;EC403.P22;3;;5;6789;1;17/02/2025;10/05/2025;C301;;LT;Chuyên đề
2024_2025_2;EC229;EC229.P22;2;;2;678;1;17/02/2025;03/05/2025;C301;;LT;
2024_2025_2;SE104;SE104.P28;3;;2;123;1;17/02/2025;07/06/2025;C302;;LT;Lớp dành cho SV khoa KHMT
2024_2025_2;SE104;SE104.P29;3;;2;678;1;17/02/2025;07/06/2025;C302;;LT;Lớp dành cho SV khoa KHMT
2024_2025_2;CS105;CS105.P21;3;;5;123;1;17/02/2025;07/06/2025;C302;;LT;
2024_2025_2;CS105;CS105.P22;3;;5;678;1;17/02/2025;07/06/2025;C302;;LT;
2024_2025_2;CS331;CS331.P21;3;;3;234;1;17/02/2025;07/06/2025;C302;;LT;
2024_2025_2;CS331;CS331.P22;3;;3;678;1;17/02/2025;07/06/2025;C302;;LT;
2024_2025_2;CS431;CS431.P21;2;;6;123;1;17/02/2025;26/04/2025;C302;;LT;
2024_2025_2;CS116;CS116.P23;3;;6;678;1;17/02/2025;07/06/2025;C302;;LT;
2024_2025_2;CS317;CS317.P21;3;;4;123;1;17/02/2025;07/06/2025;C302;;LT;
2024_2025_2;CS317;CS317.P22;3;;4;678;1;17/02/2025;07/06/2025;C302;;LT;
2024_2025_2;CE433;CE433.P22;3;;6;6789;1;17/02/2025;10/05/2025;C305;;LT;
2024_2025_2;CE320;CE320.P21;3;;5;1234;1;17/02/2025;10/05/2025;C305;;LT;
2024_2025_2;NT208;NT208.P24;2;;5;45;1;17/02/2025;07/06/2025;C308;;LT;
2024_2025_2;CS117;CS117.P21;3;;4;678;1;17/02/2025;07/06/2025;C309;;LT;
2024_2025_2;CS106;CS106.P21;3;;5;123;1;17/02/2025;07/06/2025;C309;;LT;
2024_2025_2;CS338;CS338.P21;3;;3;123;1;17/02/2025;07/06/2025;C309;;LT;
2024_2025_2;CS338;CS338.P22;3;;4;123;1;17/02/2025;07/06/2025;C309;;LT;
2024_2025_2;CS338;CS338.P23;3;;3;678;1;17/02/2025;07/06/2025;C309;;LT;
2024_2025_2;CS313;CS313.P23;3;;6;678;1;17/02/2025;07/06/2025;C309;;LT;
2024_2025_2;CS410;CS410.P21;3;;6;123;1;17/02/2025;07/06/2025;C309;;LT;
2024_2025_2;CS419;CS419.P21;3;;2;123;1;17/02/2025;07/06/2025;C309;;LT;
2024_2025_2;IS353;IS353.P21;3;;3;1234;1;17/02/2025;10/05/2025;C311;;LT;Môn chuyên đề tốt nghiệp
2024_2025_2;IS211;IS211.P23;3;;4;6789;1;17/02/2025;10/05/2025;C311;;LT;
2024_2025_2;IS201;IS201.P21;3;;3;6789;1;17/02/2025;10/05/2025;C311;;LT;
2024_2025_2;EC101;EC101.P21;3;;4;1234;1;17/02/2025;10/05/2025;C311;;LT;
2024_2025_2;EC208;EC208.P21;3;;5;1234;1;17/02/2025;10/05/2025;C311;;LT;
2024_2025_2;IE303;IE303.P21;3;;3;6789;1;17/02/2025;10/05/2025;C314;;LT;
2024_2025_2;DS313;DS313.P21;3;;3;1234;1;17/02/2025;10/05/2025;C314;;LT;
2024_2025_2;IE204;IE204.P21;3;;2;1234;1;17/02/2025;10/05/2025;C314;;LT;
2024_2025_2;IE212;IE212.P22;3;;5;1234;1;17/02/2025;10/05/2025;C314;;LT;
2024_2025_2;DS304;DS304.P21;3;;5;6789;1;17/02/2025;10/05/2025;C314;;LT;
2024_2025_2;NT132;NT132.P22;3;;6;123;1;17/02/2025;07/06/2025;E10.1;;LT;
2024_2025_2;EC335;EC335.P21;3;;5;1234;1;17/02/2025;10/05/2025;E41;;LT;
2024_2025_2;EC335;EC335.P22;3;;5;6789;1;17/02/2025;10/05/2025;E41;;LT;
2024_2025_2;ENG03;ENG03.P220;4;;2;45;1;17/02/2025;17/05/2025;E42;;LT;
2024_2025_2;ENG02;ENG02.P28;4;;5;45;1;17/02/2025;17/05/2025;E43;;LT;
2024_2025_2;PE231;PE231.P24;0;;7;123;1;17/02/2025;07/06/2025;*;;LT;Bóng bàn
2024_2025_2;PE231;PE231.P29;0;;7;678;1;17/02/2025;07/06/2025;*;;LT;Bóng bàn
2024_2025_2;PE231;PE231.P22;0;;7;123;1;17/02/2025;07/06/2025;*;;LT;Bóng chuyền
2024_2025_2;PE231;PE231.P28;0;;7;678;1;17/02/2025;07/06/2025;*;;LT;Bóng chuyền
2024_2025_2;PE231;PE231.P21;0;;7;123;1;17/02/2025;07/06/2025;*;;LT;Bóng đá
2024_2025_2;PE231;PE231.P27;0;;7;678;1;17/02/2025;07/06/2025;*;;LT;Bóng đá
2024_2025_2;PE231;PE231.P23;0;;7;123;1;17/02/2025;07/06/2025;*;;LT;Bóng rổ
2024_2025_2;PE231;PE231.P26;0;;7;123;1;17/02/2025;07/06/2025;*;;LT;Võ thuật
2024_2025_2;IT007;IT007.P210.1;1;;6;12345;2;03/03/2025;17/05/2025;*;;HT1;
2024_2025_2;IT007;IT007.P210.2;1;;6;12345;2;10/03/2025;07/06/2025;*;;HT1;
2024_2025_2;MM003;MM003.P22.1;1;;*;*;1;17/02/2025;03/05/2025;*;;HT2;
2024_2025_2;MM003;MM003.P23.1;1;;*;*;1;17/02/2025;03/05/2025;*;;HT2;
2024_2025_2;CE410;CE410.P21.1;1;;*;*;1;17/02/2025;07/06/2025;*;;HT2;môn CĐTN
2024_2025_2;IE402;IE402.P21.1;1;;*;*;1;24/02/2025;07/06/2025;*;;HT2;
2024_2025_2;DS313;DS313.P21.1;1;;*;*;1;24/02/2025;07/06/2025;*;;HT2;
2024_2025_2;IE204;IE204.P21.1;1;;*;*;1;24/02/2025;07/06/2025;*;;HT2;
2024_2025_2;IE204;IE204.P22.1;1;;*;*;1;24/02/2025;07/06/2025;*;;HT2;
2024_2025_2;IE106;IE106.P21.CNVN.1;1;;*;*;1;24/02/2025;07/06/2025;*;;HT2;
2024_2025_2;IE106;IE106.P22.CNVN.1;1;;*;*;1;24/02/2025;07/06/2025;*;;HT2;
2024_2025_2;IE101;IE101.P21.1;1;;*;*;1;24/02/2025;07/06/2025;*;;HT2;
2024_2025_2;IE105;IE105.P21.1;1;;*;*;1;24/02/2025;07/06/2025;*;;HT2;
2024_2025_2;IE101;IE101.P22.1;1;;*;*;1;24/02/2025;07/06/2025;*;;HT2;
2024_2025_2;IE105;IE105.P22.1;1;;*;*;1;24/02/2025;07/06/2025;*;;HT2;
2024_2025_2;DS107;DS107.P21.1;1;;*;*;1;24/02/2025;07/06/2025;*;;HT2;
2024_2025_2;IE101;IE101.P21.CNVN.1;1;;*;*;1;24/02/2025;07/06/2025;*;;HT2;
2024_2025_2;CS313;CS313.P22.1;1;;*;*;1;24/02/2025;07/06/2025;*;;HT2;
2024_2025_2;IS336;IS336.P21.1;1;;*;*;1;03/03/2025;07/06/2025;*;;HT2;
2024_2025_2;EC201;EC201.P21.1;1;;*;*;1;03/03/2025;07/06/2025;*;;HT2;
2024_2025_2;EC201;EC201.P22.1;1;;*;*;1;03/03/2025;07/06/2025;*;;HT2;
2024_2025_2;NT539;NT539.P21.1;1;;*;*;1;17/02/2025;07/06/2025;*;;HT2;
2024_2025_2;NT548;NT548.P21.1;1;;*;*;1;17/02/2025;07/06/2025;*;;HT2;
2024_2025_2;NT405;NT405.P21.1;1;;*;*;1;17/02/2025;07/06/2025;*;;HT2;
2024_2025_2;NT121;NT121.P21.1;1;;*;*;1;17/02/2025;07/06/2025;*;;HT2;
2024_2025_2;NT113;NT113.P21.1;1;;*;*;1;17/02/2025;07/06/2025;*;;HT2;
2024_2025_2;NT113;NT113.P22.1;1;;*;*;1;17/02/2025;07/06/2025;*;;HT2;
2024_2025_2;NT536;NT536.P21.1;1;;*;*;1;17/02/2025;07/06/2025;*;;HT2;
2024_2025_2;NT538;NT538.P21.1;1;;*;*;1;17/02/2025;07/06/2025;*;;HT2;
2024_2025_2;NT207;NT207.P21.ANTT.1;1;;*;*;1;17/02/2025;07/06/2025;*;;HT2;
2024_2025_2;NT205;NT205.P21.ANTT.1;1;;*;*;1;17/02/2025;07/06/2025;*;;HT2;
2024_2025_2;SE104;SE104.P21.1;1;;*;*;1;17/02/2025;07/06/2025;*;;HT2;
2024_2025_2;SE104;SE104.P22.1;1;;*;*;1;17/02/2025;07/06/2025;*;;HT2;
2024_2025_2;SE104;SE104.P23.1;1;;*;*;1;17/02/2025;07/06/2025;*;;HT2;
2024_2025_2;SE104;SE104.P25.1;1;;*;*;1;17/02/2025;07/06/2025;*;;HT2;
2024_2025_2;SE102;SE102.P21.1;1;;*;*;1;17/02/2025;12/04/2025;*;;HT2;TC CS ngành
2024_2025_2;SE102;SE102.P22.1;1;;*;*;1;17/02/2025;12/04/2025;*;;HT2;TC CS ngành
2024_2025_2;SE114;SE114.P21.1;1;;*;*;1;17/02/2025;12/04/2025;*;;HT2;TC CS ngành
2024_2025_2;SE114;SE114.P22.1;1;;*;*;1;17/02/2025;12/04/2025;*;;HT2;TC CS ngành
2024_2025_2;SE114;SE114.P23.1;1;;*;*;1;21/04/2025;14/06/2025;*;;HT2;TC CS ngành
2024_2025_2;SE358;SE358.P21.1;1;;*;*;1;17/02/2025;07/06/2025;*;;HT2;Môn chuyên ngành được dạy bằng tiếng Anh
2024_2025_2;SE330;SE330.P21.1;1;;*;*;1;17/02/2025;07/06/2025;*;;HT2;Môn học giảng dạy bằng hình thức Blended-learning
2024_2025_2;SE330;SE330.P22.1;1;;*;*;1;17/02/2025;07/06/2025;*;;HT2;Tự chọn CN
2024_2025_2;SE334;SE334.P21.1;1;;*;*;1;17/02/2025;12/04/2025;*;;HT2;Tự chọn CN
2024_2025_2;SE334;SE334.P22.1;1;;*;*;1;21/04/2025;14/06/2025;*;;HT2;Tự chọn CN
2024_2025_2;SE346;SE346.P21.1;1;;*;*;1;17/02/2025;07/06/2025;*;;HT2;Tự chọn CN
2024_2025_2;SE356;SE356.P21.1;1;;*;*;1;17/02/2025;07/06/2025;*;;HT2;Tự chọn CN
2024_2025_2;SE356;SE356.P22.1;1;;*;*;1;17/02/2025;07/06/2025;*;;HT2;Tự chọn CN
2024_2025_2;SE104;SE104.P28.1;1;;*;*;1;17/02/2025;07/06/2025;*;;HT2;Lớp dành cho SV khoa KHMT
2024_2025_2;SE104;SE104.P29.1;1;;*;*;1;17/02/2025;07/06/2025;*;;HT2;Lớp dành cho SV khoa KHMT
2024_2025_2;CS112;CS112.P21.1;1;;*;*;1;17/02/2025;07/06/2025;*;;HT2;
2024_2025_2;CS112;CS112.P22.1;1;;*;*;1;17/02/2025;07/06/2025;*;;HT2;
2024_2025_2;CS112;CS112.P23.1;1;;*;*;1;17/02/2025;07/06/2025;*;;HT2;
2024_2025_2;CS112;CS112.P24.1;1;;*;*;1;17/02/2025;07/06/2025;*;;HT2;
2024_2025_2;CS116;CS116.P21.1;1;;*;*;1;17/02/2025;07/06/2025;*;;HT2;
2024_2025_2;CS116;CS116.P22.1;1;;*;*;1;17/02/2025;07/06/2025;*;;HT2;
2024_2025_2;CS117;CS117.P21.1;1;;*;*;1;17/02/2025;07/06/2025;*;;HT2;
2024_2025_2;CS117;CS117.P22.1;1;;*;*;1;17/02/2025;07/06/2025;*;;HT2;
2024_2025_2;CS106;CS106.P21.1;1;;*;*;1;17/02/2025;07/06/2025;*;;HT2;
2024_2025_2;CS106;CS106.P23.1;1;;*;*;1;17/02/2025;07/06/2025;*;;HT2;Lớp dành cho ngành Trí tuệ nhân tạo
2024_2025_2;CS231;CS231.P21.1;1;;*;*;1;17/02/2025;07/06/2025;*;;HT2;
2024_2025_2;CS231;CS231.P22.1;1;;*;*;1;17/02/2025;07/06/2025;*;;HT2;
2024_2025_2;CS114;CS114.P21.1;1;;*;*;1;17/02/2025;07/06/2025;*;;HT2;
2024_2025_2;CS221;CS221.P21.1;1;;*;*;1;17/02/2025;07/06/2025;*;;HT2;
2024_2025_2;CS221;CS221.P22.1;1;;*;*;1;17/02/2025;07/06/2025;*;;HT2;
2024_2025_2;CS105;CS105.P21.1;1;;*;*;1;17/02/2025;07/06/2025;*;;HT2;
2024_2025_2;CS105;CS105.P22.1;1;;*;*;1;17/02/2025;07/06/2025;*;;HT2;
2024_2025_2;CS338;CS338.P21.1;1;;*;*;1;17/02/2025;07/06/2025;*;;HT2;
2024_2025_2;CS338;CS338.P22.1;1;;*;*;1;17/02/2025;07/06/2025;*;;HT2;
2024_2025_2;CS338;CS338.P23.1;1;;*;*;1;17/02/2025;07/06/2025;*;;HT2;
2024_2025_2;CS313;CS313.P23.1;1;;*;*;1;17/02/2025;07/06/2025;*;;HT2;
2024_2025_2;CS410;CS410.P21.1;1;;*;*;1;17/02/2025;07/06/2025;*;;HT2;
2024_2025_2;CS523;CS523.P21.1;1;;*;*;1;17/02/2025;07/06/2025;*;;HT2;
2024_2025_2;CS419;CS419.P21.1;1;;*;*;1;17/02/2025;07/06/2025;*;;HT2;
2024_2025_2;CS331;CS331.P21.1;1;;*;*;1;17/02/2025;07/06/2025;*;;HT2;
2024_2025_2;CS331;CS331.P22.1;1;;*;*;1;17/02/2025;07/06/2025;*;;HT2;
2024_2025_2;CS321;CS321.P21.1;1;;*;*;1;17/02/2025;07/06/2025;*;;HT2;
2024_2025_2;CS431;CS431.P21.1;1;;*;*;1;17/02/2025;26/04/2025;*;;HT2;
2024_2025_2;CS112;CS112.P25.1;1;;*;*;1;17/02/2025;07/06/2025;*;;HT2;Lớp dành cho ngành Trí tuệ nhân tạo
2024_2025_2;CS114;CS114.P23.1;1;;*;*;1;17/02/2025;07/06/2025;*;;HT2;Lớp dành cho ngành Trí tuệ nhân tạo
2024_2025_2;CS116;CS116.P23.1;1;;*;*;1;17/02/2025;07/06/2025;*;;HT2;
2024_2025_2;CS431;CS431.P22.1;1;;*;*;1;17/02/2025;26/04/2025;*;;HT2;
2024_2025_2;CS317;CS317.P21.1;1;;*;*;1;17/02/2025;07/06/2025;*;;HT2;
2024_2025_2;CS317;CS317.P22.1;1;;*;*;1;17/02/2025;07/06/2025;*;;HT2;
2024_2025_2;IT003;IT003.P21.CNVN.1;1;;5;12345;2;03/03/2025;17/05/2025;B2.02;;HT1;
2024_2025_2;IT003;IT003.P21.CNVN.2;1;;5;12345;2;10/03/2025;07/06/2025;B2.02;;HT1;
2024_2025_2;CE222;CE222.P21.1;1;;2;67890;2;03/03/2025;17/05/2025;B2.02;;HT1;Học lại, cải thiện
2024_2025_2;CE222;CE222.P21.2;1;;2;67890;2;10/03/2025;07/06/2025;B2.02;;HT1;Học lại, cải thiện
2024_2025_2;IE303;IE303.P21.1;1;;6;12345;2;10/03/2025;07/06/2025;B2.02;;HT1;
2024_2025_2;IE213;IE213.P22.1;1;;3;67890;2;03/03/2025;17/05/2025;B2.02;;HT1;
2024_2025_2;IE213;IE213.P22.2;1;;3;67890;2;10/03/2025;07/06/2025;B2.02;;HT1;
2024_2025_2;IE103;IE103.P21.CNVN.1;1;;6;67890;2;03/03/2025;17/05/2025;B2.02;;HT1;
2024_2025_2;IE103;IE103.P21.CNVN.2;1;;6;67890;2;10/03/2025;07/06/2025;B2.02;;HT1;
2024_2025_2;IE108;IE108.P21.1;1;;2;12345;2;03/03/2025;17/05/2025;B2.02;;HT1;
2024_2025_2;IE108;IE108.P21.2;1;;2;12345;2;10/03/2025;07/06/2025;B2.02;;HT1;
2024_2025_2;IS405;IS405.P22.1;1;;6;12345;2;03/03/2025;17/05/2025;B2.02;;HT1;Môn K17/chuyên đề tốt nghiệp
2024_2025_2;IS201;IS201.P22.1;1;;5;67890;2;03/03/2025;17/05/2025;B2.02;;HT1;
2024_2025_2;IS201;IS201.P22.2;1;;5;67890;2;10/03/2025;07/06/2025;B2.02;;HT1;
2024_2025_2;NT132;NT132.P21.1;1;;2;67890;2;03/03/2025;24/05/2025;B2.04;;HT1;
2024_2025_2;NT132;NT132.P21.2;1;;2;67890;2;10/03/2025;31/05/2025;B2.04;;HT1;
2024_2025_2;NT132;NT132.P22.1;1;;6;67890;2;03/03/2025;24/05/2025;B2.04;;HT1;
2024_2025_2;NT132;NT132.P22.2;1;;6;67890;2;10/03/2025;31/05/2025;B2.04;;HT1;
2024_2025_2;NT132;NT132.P23.1;1;;3;67890;2;03/03/2025;24/05/2025;B2.04;;HT1;
2024_2025_2;NT132;NT132.P23.2;1;;3;67890;2;10/03/2025;31/05/2025;B2.04;;HT1;
2024_2025_2;NT204;NT204.P21.ANTT.1;1;;5;67890;2;03/03/2025;24/05/2025;B2.04;;HT1;
2024_2025_2;NT204;NT204.P21.ANTT.2;1;;5;67890;2;10/03/2025;31/05/2025;B2.04;;HT1;
2024_2025_2;CE213;CE213.P23.1;1;;2;12345;2;03/03/2025;17/05/2025;B2.06;;HT1;
2024_2025_2;CE213;CE213.P23.2;1;;2;12345;2;10/03/2025;07/06/2025;B2.06;;HT1;
2024_2025_2;IE103;IE103.P21.1;1;;5;67890;2;03/03/2025;17/05/2025;B2.06;;HT1;
2024_2025_2;IE103;IE103.P21.2;1;;5;67890;2;10/03/2025;07/06/2025;B2.06;;HT1;
2024_2025_2;IE108;IE108.P22.1;1;;3;67890;2;03/03/2025;17/05/2025;B2.06;;HT1;
2024_2025_2;IE108;IE108.P22.2;1;;3;67890;2;10/03/2025;07/06/2025;B2.06;;HT1;
2024_2025_2;NT118;NT118.P21.1;1;;6;67890;2;03/03/2025;24/05/2025;B2.06;;HT1;
2024_2025_2;NT118;NT118.P21.2;1;;6;67890;2;10/03/2025;31/05/2025;B2.06;;HT1;
2024_2025_2;IS211;IS211.P23.1;1;;4;12345;2;03/03/2025;17/05/2025;B2.06;;HT1;
2024_2025_2;IS211;IS211.P23.2;1;;4;12345;2;10/03/2025;07/06/2025;B2.06;;HT1;
2024_2025_2;IS216;IS216.P21.1;1;;2;67890;2;03/03/2025;17/05/2025;B2.06;;HT1;
2024_2025_2;IS216;IS216.P21.2;1;;2;67890;2;10/03/2025;07/06/2025;B2.06;;HT1;
2024_2025_2;IE103;IE103.P22.1;1;;5;67890;2;03/03/2025;17/05/2025;B2.08;;HT1;
2024_2025_2;IE103;IE103.P22.2;1;;5;67890;2;10/03/2025;07/06/2025;B2.08;;HT1;
2024_2025_2;DS102;DS102.P21.1;1;;3;67890;2;03/03/2025;17/05/2025;B2.08;;HT1;
2024_2025_2;DS102;DS102.P21.2;1;;3;67890;2;10/03/2025;07/06/2025;B2.08;;HT1;
2024_2025_2;NT541;NT541.P21.1;1;;4;12345;2;03/03/2025;24/05/2025;B2.08;;HT1;
2024_2025_2;NT541;NT541.P21.2;1;;4;12345;2;10/03/2025;31/05/2025;B2.08;;HT1;
2024_2025_2;NT208;NT208.P21.ANTT.1;1;;6;67890;2;03/03/2025;24/05/2025;B2.08;;HT1;
2024_2025_2;NT208;NT208.P21.ANTT.2;1;;6;67890;2;10/03/2025;31/05/2025;B2.08;;HT1;
2024_2025_2;IS252;IS252.P21.1;1;;5;12345;2;03/03/2025;17/05/2025;B2.08;;HT1;
2024_2025_2;IT002;IT002.P21.1;1;;2;67890;2;03/03/2025;17/05/2025;B2.10;;HT1;
2024_2025_2;IT002;IT002.P21.2;1;;2;67890;2;10/03/2025;07/06/2025;B2.10;;HT1;
2024_2025_2;IT002;IT002.P22.1;1;;2;12345;2;03/03/2025;17/05/2025;B2.10;;HT1;
2024_2025_2;IT002;IT002.P22.2;1;;2;12345;2;10/03/2025;07/06/2025;B2.10;;HT1;
2024_2025_2;IT002;IT002.P210.1;1;;4;12345;2;03/03/2025;17/05/2025;B2.10;;HT1;
2024_2025_2;IT002;IT002.P210.2;1;;4;12345;2;10/03/2025;07/06/2025;B2.10;;HT1;
2024_2025_2;IT002;IT002.P213.1;1;;5;67890;2;03/03/2025;17/05/2025;B2.10;;HT1;
2024_2025_2;IT002;IT002.P213.2;1;;5;67890;2;10/03/2025;07/06/2025;B2.10;;HT1;
2024_2025_2;IT002;IT002.P214.1;1;;5;12345;2;03/03/2025;17/05/2025;B2.10;;HT1;
2024_2025_2;IT002;IT002.P214.2;1;;5;12345;2;10/03/2025;07/06/2025;B2.10;;HT1;
2024_2025_2;IT002;IT002.P217.1;1;;6;67890;2;03/03/2025;17/05/2025;B2.10;;HT1;
2024_2025_2;IT002;IT002.P217.2;1;;6;67890;2;10/03/2025;07/06/2025;B2.10;;HT1;
2024_2025_2;IT007;IT007.P23.1;1;;3;67890;2;03/03/2025;17/05/2025;B2.10;;HT1;
2024_2025_2;IT007;IT007.P23.2;1;;3;67890;2;10/03/2025;07/06/2025;B2.10;;HT1;
2024_2025_2;IT002;IT002.P211.1;1;;4;67890;2;03/03/2025;17/05/2025;B2.12;;HT1;
2024_2025_2;IT002;IT002.P211.2;1;;4;67890;2;10/03/2025;07/06/2025;B2.12;;HT1;
2024_2025_2;IT002;IT002.P215.1;1;;5;67890;2;03/03/2025;17/05/2025;B2.12;;HT1;
2024_2025_2;IT002;IT002.P215.2;1;;5;67890;2;10/03/2025;07/06/2025;B2.12;;HT1;
2024_2025_2;IT003;IT003.P25.1;1;;3;67890;2;03/03/2025;17/05/2025;B2.12;;HT1;
2024_2025_2;IT003;IT003.P25.2;1;;3;67890;2;10/03/2025;07/06/2025;B2.12;;HT1;
2024_2025_2;IT003;IT003.P29.1;1;;4;12345;2;03/03/2025;17/05/2025;B2.12;;HT1;
2024_2025_2;IT003;IT003.P29.2;1;;4;12345;2;10/03/2025;07/06/2025;B2.12;;HT1;
2024_2025_2;IT003;IT003.P216.1;1;;5;12345;2;03/03/2025;17/05/2025;B2.12;;HT1;
2024_2025_2;IT003;IT003.P216.2;1;;5;12345;2;10/03/2025;07/06/2025;B2.12;;HT1;
2024_2025_2;IT004;IT004.P21.1;1;;3;12345;2;03/03/2025;17/05/2025;B2.12;;HT1;
2024_2025_2;IT004;IT004.P21.2;1;;3;12345;2;10/03/2025;07/06/2025;B2.12;;HT1;
2024_2025_2;CE126;CE126.P21.1;1;;4;67890;2;03/03/2025;17/05/2025;B2.14;;HT1;
2024_2025_2;CE126;CE126.P21.2;1;;4;67890;2;10/03/2025;07/06/2025;B2.14;;HT1;
2024_2025_2;IT003;IT003.P21.TTNT.1;1;;3;67890;2;03/03/2025;17/05/2025;B2.14;;HT1;
2024_2025_2;IT002;IT002.P28.1;1;;3;12345;2;03/03/2025;17/05/2025;B2.16;;HT1;
2024_2025_2;IT002;IT002.P28.2;1;;3;12345;2;10/03/2025;07/06/2025;B2.16;;HT1;
2024_2025_2;IT003;IT003.P28.1;1;;4;67890;2;03/03/2025;17/05/2025;B2.16;;HT1;
2024_2025_2;IT003;IT003.P28.2;1;;4;67890;2;10/03/2025;07/06/2025;B2.16;;HT1;
2024_2025_2;IT003;IT003.P212.1;1;;5;67890;2;03/03/2025;17/05/2025;B2.16;;HT1;
2024_2025_2;IT003;IT003.P212.2;1;;5;67890;2;10/03/2025;07/06/2025;B2.16;;HT1;
2024_2025_2;IT003;IT003.P213.1;1;;5;12345;2;03/03/2025;17/05/2025;B2.16;;HT1;
2024_2025_2;IT003;IT003.P213.2;1;;5;12345;2;10/03/2025;07/06/2025;B2.16;;HT1;
2024_2025_2;IT003;IT003.P217.1;1;;6;67890;2;03/03/2025;17/05/2025;B2.16;;HT1;
2024_2025_2;IT003;IT003.P217.2;1;;6;67890;2;10/03/2025;07/06/2025;B2.16;;HT1;
2024_2025_2;PH002;PH002.P24.1;1;;7;67890;2;03/03/2025;17/05/2025;B2.16;;HT1;
2024_2025_2;PH002;PH002.P24.2;1;;7;67890;2;10/03/2025;07/06/2025;B2.16;;HT1;
2024_2025_2;DS200;DS200.P21.1;1;;4;12345;2;03/03/2025;17/05/2025;B2.16;;HT1;
2024_2025_2;DS200;DS200.P21.2;1;;4;12345;2;10/03/2025;07/06/2025;B2.16;;HT1;
2024_2025_2;NT533;NT533.P21.1;1;;2;67890;2;03/03/2025;24/05/2025;B2.16;;HT1;
2024_2025_2;NT533;NT533.P21.2;1;;2;67890;2;10/03/2025;31/05/2025;B2.16;;HT1;
2024_2025_2;IS216;IS216.P22.1;1;;3;67890;2;03/03/2025;17/05/2025;B2.16;;HT1;
2024_2025_2;IS216;IS216.P22.2;1;;3;67890;2;10/03/2025;07/06/2025;B2.16;;HT1;
2024_2025_2;IS210;IS210.P21.1;1;;2;12345;2;03/03/2025;17/05/2025;B2.16;;HT1;
2024_2025_2;IS210;IS210.P21.2;1;;2;12345;2;10/03/2025;07/06/2025;B2.16;;HT1;
2024_2025_2;IS210;IS210.P22.1;1;;6;12345;2;03/03/2025;17/05/2025;B2.16;;HT1;
2024_2025_2;IS210;IS210.P22.2;1;;6;12345;2;10/03/2025;07/06/2025;B2.16;;HT1;
2024_2025_2;IS208;IS208.P21.1;1;;7;12345;2;03/03/2025;17/05/2025;B2.16;;HT1;
2024_2025_2;IS208;IS208.P21.2;1;;7;12345;2;10/03/2025;07/06/2025;B2.16;;HT1;
2024_2025_2;IT002;IT002.P22.CNVN.1;1;;4;12345;2;03/03/2025;17/05/2025;B2.18;;HT1;
2024_2025_2;IT002;IT002.P22.CNVN.2;1;;4;12345;2;10/03/2025;07/06/2025;B2.18;;HT1;
2024_2025_2;IT007;IT007.P21.CNVN.1;1;;3;12345;2;03/03/2025;17/05/2025;B2.18;;HT1;
2024_2025_2;IT007;IT007.P21.CNVN.2;1;;3;12345;2;10/03/2025;07/06/2025;B2.18;;HT1;
2024_2025_2;IT002;IT002.P27.1;1;;3;67890;2;03/03/2025;17/05/2025;B2.18;;HT1;
2024_2025_2;IT002;IT002.P27.2;1;;3;67890;2;10/03/2025;07/06/2025;B2.18;;HT1;
2024_2025_2;PH002;PH002.P21.1;1;;2;67890;2;03/03/2025;17/05/2025;B2.18;;HT1;
2024_2025_2;PH002;PH002.P21.2;1;;2;67890;2;10/03/2025;07/06/2025;B2.18;;HT1;
2024_2025_2;NT219;NT219.P21.ANTT.1;1;;4;67890;2;03/03/2025;24/05/2025;B2.18;;HT1;
2024_2025_2;NT219;NT219.P21.ANTT.2;1;;4;67890;2;10/03/2025;31/05/2025;B2.18;;HT1;
2024_2025_2;EC402;EC402.P21.1;1;;6;67890;2;10/03/2025;07/06/2025;B2.18;;HT1;
2024_2025_2;NT118;NT118.P22.1;1;;6;67890;2;03/03/2025;24/05/2025;B2.18;;HT1;
2024_2025_2;NT208;NT208.P24.1;1;;5;67890;2;10/03/2025;31/05/2025;B2.18;;HT1;
2024_2025_2;IT002;IT002.P26.1;1;;3;12345;2;03/03/2025;17/05/2025;B2.20;;HT1;
2024_2025_2;IT002;IT002.P26.2;1;;3;12345;2;10/03/2025;07/06/2025;B2.20;;HT1;
2024_2025_2;IT003;IT003.P215.1;1;;5;67890;2;03/03/2025;17/05/2025;B2.20;;HT1;
2024_2025_2;IT003;IT003.P215.2;1;;5;67890;2;10/03/2025;07/06/2025;B2.20;;HT1;
2024_2025_2;NT105;NT105.P21.1;1;;4;12345;2;10/03/2025;31/05/2025;B2.20;;HT1;
2024_2025_2;NT105;NT105.P22.1;1;;2;12345;2;10/03/2025;31/05/2025;B2.20;;HT1;
2024_2025_2;NT105;NT105.P24.1;1;;6;12345;2;03/03/2025;24/05/2025;B2.20;;HT1;
2024_2025_2;NT219;NT219.P22.ANTT.1;1;;2;67890;2;03/03/2025;24/05/2025;B2.20;;HT1;
2024_2025_2;NT219;NT219.P22.ANTT.2;1;;2;67890;2;10/03/2025;31/05/2025;B2.20;;HT1;
2024_2025_2;IT002;IT002.P22.TTNT.1;1;;4;6789;1;03/03/2025;17/05/2025;B2.20;;HT1;
2024_2025_2;IT005;IT005.P22.1;1;;3;12345;2;03/03/2025;17/05/2025;B2.22;;HT1;
2024_2025_2;IT005;IT005.P22.2;1;;3;12345;2;10/03/2025;07/06/2025;B2.22;;HT1;
2024_2025_2;IT005;IT005.P23.1;1;;4;67890;2;03/03/2025;17/05/2025;B2.22;;HT1;
2024_2025_2;IT005;IT005.P23.2;1;;4;67890;2;10/03/2025;07/06/2025;B2.22;;HT1;
2024_2025_2;IT005;IT005.P24.1;1;;4;12345;2;03/03/2025;17/05/2025;B2.22;;HT1;
2024_2025_2;IT005;IT005.P24.2;1;;4;12345;2;10/03/2025;07/06/2025;B2.22;;HT1;
2024_2025_2;IT005;IT005.P25.1;1;;5;67890;2;03/03/2025;17/05/2025;B2.22;;HT1;
2024_2025_2;IT005;IT005.P25.2;1;;5;67890;2;10/03/2025;07/06/2025;B2.22;;HT1;
2024_2025_2;IT007;IT007.P22.1;1;;2;12345;2;03/03/2025;17/05/2025;B2.22;;HT1;
2024_2025_2;IT007;IT007.P22.2;1;;2;12345;2;10/03/2025;07/06/2025;B2.22;;HT1;
2024_2025_2;NT105;NT105.P23.1;1;;5;12345;2;10/03/2025;31/05/2025;B2.22;;HT1;
2024_2025_2;IS207;IS207.P21.1;1;;2;67890;2;03/03/2025;17/05/2025;B2.22;;HT1;
2024_2025_2;IS207;IS207.P21.2;1;;2;67890;2;10/03/2025;07/06/2025;B2.22;;HT1;
2024_2025_2;IS207;IS207.P22.1;1;;6;67890;2;03/03/2025;17/05/2025;B2.22;;HT1;
2024_2025_2;IS207;IS207.P22.2;1;;6;67890;2;10/03/2025;07/06/2025;B2.22;;HT1;
2024_2025_2;IT012;IT012.P23.1;1;;7;67890;2;03/03/2025;17/05/2025;B3.02;;HT1;
2024_2025_2;IT012;IT012.P23.2;1;;7;67890;2;10/03/2025;07/06/2025;B3.02;;HT1;
2024_2025_2;CE213;CE213.P22.1;1;;4;12345;2;03/03/2025;17/05/2025;B3.02;;HT1;
2024_2025_2;CE213;CE213.P22.2;1;;4;12345;2;10/03/2025;07/06/2025;B3.02;;HT1;
2024_2025_2;CE433;CE433.P21.1;1;;5;12345;2;03/03/2025;17/05/2025;B3.02;;HT1;
2024_2025_2;CE433;CE433.P21.2;1;;5;12345;2;10/03/2025;07/06/2025;B3.02;;HT1;
2024_2025_2;CE320;CE320.P21.1;1;;5;67890;2;03/03/2025;17/05/2025;B3.02;;HT1;
2024_2025_2;CE320;CE320.P21.2;1;;5;67890;2;10/03/2025;07/06/2025;B3.02;;HT1;
2024_2025_2;IS220;IS220.P21.1;1;;4;67890;2;03/03/2025;17/05/2025;B3.02;;HT1;
2024_2025_2;IS220;IS220.P21.2;1;;4;67890;2;10/03/2025;07/06/2025;B3.02;;HT1;
2024_2025_2;IS201;IS201.P21.1;1;;3;12345;2;03/03/2025;17/05/2025;B3.02;;HT1;
2024_2025_2;IS201;IS201.P21.2;1;;3;12345;2;10/03/2025;07/06/2025;B3.02;;HT1;
2024_2025_2;IT003;IT003.P22.CNVN.1;1;;6;67890;2;03/03/2025;17/05/2025;B3.04;;HT1;
2024_2025_2;IT003;IT003.P22.CNVN.2;1;;6;67890;2;10/03/2025;07/06/2025;B3.04;;HT1;
2024_2025_2;IT002;IT002.P221.1;1;;7;67890;2;03/03/2025;17/05/2025;B3.04;;HT1;
2024_2025_2;IT002;IT002.P221.2;1;;7;67890;2;10/03/2025;07/06/2025;B3.04;;HT1;
2024_2025_2;CE103;CE103.P21.1;1;;4;67890;2;03/03/2025;17/05/2025;B3.04;;HT1;
2024_2025_2;CE103;CE103.P21.2;1;;4;67890;2;10/03/2025;07/06/2025;B3.04;;HT1;
2024_2025_2;CE103;CE103.P24.1;1;;5;12345;2;03/03/2025;17/05/2025;B3.04;;HT1;
2024_2025_2;CE103;CE103.P24.2;1;;5;12345;2;10/03/2025;07/06/2025;B3.04;;HT1;
2024_2025_2;IT002;IT002.P23.1;1;;2;67890;2;03/03/2025;17/05/2025;B3.06;;HT1;
2024_2025_2;IT002;IT002.P23.2;1;;2;67890;2;10/03/2025;07/06/2025;B3.06;;HT1;
2024_2025_2;IT002;IT002.P24.1;1;;2;12345;2;03/03/2025;17/05/2025;B3.06;;HT1;
2024_2025_2;IT002;IT002.P24.2;1;;2;12345;2;10/03/2025;07/06/2025;B3.06;;HT1;
2024_2025_2;IT002;IT002.P212.1;1;;4;12345;2;03/03/2025;17/05/2025;B3.06;;HT1;
2024_2025_2;IT002;IT002.P212.2;1;;4;12345;2;10/03/2025;07/06/2025;B3.06;;HT1;
2024_2025_2;IT002;IT002.P216.1;1;;5;12345;2;03/03/2025;17/05/2025;B3.06;;HT1;
2024_2025_2;IT002;IT002.P216.2;1;;5;12345;2;10/03/2025;07/06/2025;B3.06;;HT1;
2024_2025_2;IT002;IT002.P219.1;1;;6;67890;2;03/03/2025;17/05/2025;B3.06;;HT1;
2024_2025_2;IT002;IT002.P219.2;1;;6;67890;2;10/03/2025;07/06/2025;B3.06;;HT1;
2024_2025_2;IT003;IT003.P26.1;1;;3;12345;2;03/03/2025;17/05/2025;B3.06;;HT1;
2024_2025_2;IT003;IT003.P26.2;1;;3;12345;2;10/03/2025;07/06/2025;B3.06;;HT1;
2024_2025_2;CE433;CE433.P22.1;1;;6;12345;2;03/03/2025;17/05/2025;B3.06;;HT1;
2024_2025_2;CE433;CE433.P22.2;1;;6;12345;2;10/03/2025;07/06/2025;B3.06;;HT1;
2024_2025_2;CE340;CE340.P21.1;1;;3;67890;2;03/03/2025;17/05/2025;B3.06;;HT1;
2024_2025_2;CE340;CE340.P21.2;1;;3;67890;2;10/03/2025;07/06/2025;B3.06;;HT1;
2024_2025_2;CE103;CE103.P23.1;1;;5;67890;2;03/03/2025;17/05/2025;B3.06;;HT1;
2024_2025_2;CE103;CE103.P23.2;1;;5;67890;2;10/03/2025;07/06/2025;B3.06;;HT1;
2024_2025_2;IS211;IS211.P21.1;1;;7;12345;2;03/03/2025;17/05/2025;B3.06;;HT1;
2024_2025_2;IS211;IS211.P21.2;1;;7;12345;2;10/03/2025;07/06/2025;B3.06;;HT1;
2024_2025_2;IT007;IT007.P29.1;1;;6;67890;2;03/03/2025;17/05/2025;B3.08;;HT1;
2024_2025_2;IT007;IT007.P29.2;1;;6;67890;2;10/03/2025;07/06/2025;B3.08;;HT1;
2024_2025_2;CE103;CE103.P22.1;1;;4;12345;2;03/03/2025;17/05/2025;B3.08;;HT1;
2024_2025_2;CE103;CE103.P22.2;1;;4;12345;2;10/03/2025;07/06/2025;B3.08;;HT1;
2024_2025_2;NT532;NT532.P21.1;1;;4;67890;2;03/03/2025;24/05/2025;B3.08;;HT1;
2024_2025_2;NT532;NT532.P21.2;1;;4;67890;2;10/03/2025;31/05/2025;B3.08;;HT1;
2024_2025_2;NT101;NT101.P21.1;1;;5;12345;2;03/03/2025;24/05/2025;B3.08;;HT1;
2024_2025_2;NT101;NT101.P21.2;1;;5;12345;2;10/03/2025;31/05/2025;B3.08;;HT1;
2024_2025_2;IT012;IT012.P25.1;1;;7;67890;2;03/03/2025;17/05/2025;B3.08;;HT1;
2024_2025_2;IT012;IT012.P25.2;1;;7;67890;2;10/03/2025;07/06/2025;B3.08;;HT1;
2024_2025_2;CE213;CE213.P21.1;1;;6;67890;2;03/03/2025;17/05/2025;B4.02;;HT1;
2024_2025_2;CE213;CE213.P21.2;1;;6;67890;2;10/03/2025;07/06/2025;B4.02;;HT1;
2024_2025_2;IE303;IE303.P22.1;1;;5;67890;2;03/03/2025;17/05/2025;B4.02;;HT1;
2024_2025_2;IE303;IE303.P22.2;1;;5;67890;2;10/03/2025;07/06/2025;B4.02;;HT1;
2024_2025_2;IE213;IE213.P21.1;1;;3;67890;2;03/03/2025;17/05/2025;B4.02;;HT1;
2024_2025_2;IE213;IE213.P21.2;1;;3;67890;2;10/03/2025;07/06/2025;B4.02;;HT1;
2024_2025_2;NT531;NT531.P21.1;1;;4;67890;2;03/03/2025;24/05/2025;B4.02;;HT1;
2024_2025_2;NT531;NT531.P21.2;1;;4;67890;2;10/03/2025;31/05/2025;B4.02;;HT1;
2024_2025_2;IS201;IS201.P23.1;1;;4;12345;2;03/03/2025;17/05/2025;B4.02;;HT1;
2024_2025_2;IS201;IS201.P23.2;1;;4;12345;2;10/03/2025;07/06/2025;B4.02;;HT1;
2024_2025_2;IT002;IT002.P218.1;1;;6;12345;2;03/03/2025;17/05/2025;B4.04;;HT1;
2024_2025_2;IT002;IT002.P218.2;1;;6;12345;2;10/03/2025;07/06/2025;B4.04;;HT1;
2024_2025_2;IT003;IT003.P23.1;1;;2;67890;2;03/03/2025;17/05/2025;B4.04;;HT1;
2024_2025_2;IT003;IT003.P23.2;1;;2;67890;2;10/03/2025;07/06/2025;B4.04;;HT1;
2024_2025_2;IT007;IT007.P25.1;1;;4;67890;2;03/03/2025;17/05/2025;B4.04;;HT1;
2024_2025_2;IT007;IT007.P25.2;1;;4;67890;2;10/03/2025;07/06/2025;B4.04;;HT1;
2024_2025_2;IT007;IT007.P26.1;1;;4;12345;2;03/03/2025;17/05/2025;B4.04;;HT1;
2024_2025_2;IT007;IT007.P26.2;1;;4;12345;2;10/03/2025;07/06/2025;B4.04;;HT1;
2024_2025_2;CE232;CE232.P21.1;1;;6;67890;2;03/03/2025;17/05/2025;B4.04;;HT1;
2024_2025_2;CE232;CE232.P21.2;1;;6;67890;2;10/03/2025;07/06/2025;B4.04;;HT1;
2024_2025_2;IE108;IE108.P21.CNVN.1;1;;5;67890;2;03/03/2025;17/05/2025;B4.04;;HT1;
2024_2025_2;IE108;IE108.P21.CNVN.2;1;;5;67890;2;10/03/2025;07/06/2025;B4.04;;HT1;
2024_2025_2;NT230;NT230.P21.ANTT.1;1;;4;67890;2;03/03/2025;24/05/2025;B4.06;;HT1;
2024_2025_2;NT230;NT230.P21.ANTT.2;1;;4;67890;2;10/03/2025;31/05/2025;B4.06;;HT1;
2024_2025_2;NT230;NT230.P22.ANTT.1;1;;5;67890;2;03/03/2025;24/05/2025;B4.06;;HT1;
2024_2025_2;NT230;NT230.P22.ANTT.2;1;;5;67890;2;10/03/2025;31/05/2025;B4.06;;HT1;
2024_2025_2;NT330;NT330.P21.ANTT.1;1;;3;12345;2;03/03/2025;24/05/2025;B4.06;;HT1;
2024_2025_2;NT204;NT204.P22.ANTT.1;1;;6;67890;2;03/03/2025;24/05/2025;B4.06;;HT1;
2024_2025_2;NT204;NT204.P22.ANTT.2;1;;6;67890;2;10/03/2025;31/05/2025;B4.06;;HT1;
2024_2025_2;NT334;NT334.P21.ANTT.1;1;;5;12345;2;03/03/2025;24/05/2025;B4.06;;HT1;
2024_2025_2;NT334;NT334.P21.ANTT.2;1;;5;12345;2;10/03/2025;31/05/2025;B4.06;;HT1;
2024_2025_2;NT208;NT208.P22.ANTT.1;1;;4;12345;2;03/03/2025;24/05/2025;B4.06;;HT1;
2024_2025_2;NT208;NT208.P22.ANTT.2;1;;4;12345;2;10/03/2025;31/05/2025;B4.06;;HT1;
2024_2025_2;NT534;NT534.P21.ANTT.1;1;;3;12345;2;03/03/2025;24/05/2025;B4.08;;HT1;
2024_2025_2;NT534;NT534.P21.ANTT.2;1;;3;12345;2;10/03/2025;31/05/2025;B4.08;;HT1;
2024_2025_2;NT522;NT522.P21.ANTT.1;1;;6;67890;2;03/03/2025;24/05/2025;B4.08;;HT1;
2024_2025_2;NT522;NT522.P21.ANTT.2;1;;6;67890;2;10/03/2025;31/05/2025;B4.08;;HT1;
2024_2025_2;NT106;NT106.P21.ANTT.1;1;;2;12345;2;03/03/2025;24/05/2025;B4.08;;HT1;
2024_2025_2;NT106;NT106.P21.ANTT.2;1;;2;12345;2;10/03/2025;31/05/2025;B4.08;;HT1;
2024_2025_2;NT208;NT208.P23.ANTT.1;1;;5;12345;2;03/03/2025;24/05/2025;B4.08;;HT1;
2024_2025_2;NT208;NT208.P23.ANTT.2;1;;5;12345;2;10/03/2025;31/05/2025;B4.08;;HT1;
2024_2025_2;IT002;IT002.P25.1;1;;3;67890;2;03/03/2025;17/05/2025;B5.02;;HT1;
2024_2025_2;IT002;IT002.P25.2;1;;3;67890;2;10/03/2025;07/06/2025;B5.02;;HT1;
2024_2025_2;IT003;IT003.P21.1;1;;2;67890;2;03/03/2025;17/05/2025;B5.02;;HT1;
2024_2025_2;IT003;IT003.P21.2;1;;2;67890;2;10/03/2025;07/06/2025;B5.02;;HT1;
2024_2025_2;IT003;IT003.P22.1;1;;2;12345;2;03/03/2025;17/05/2025;B5.02;;HT1;
2024_2025_2;IT003;IT003.P22.2;1;;2;12345;2;10/03/2025;07/06/2025;B5.02;;HT1;
2024_2025_2;IT003;IT003.P210.1;1;;4;67890;2;03/03/2025;17/05/2025;B5.02;;HT1;
2024_2025_2;IT003;IT003.P210.2;1;;4;67890;2;10/03/2025;07/06/2025;B5.02;;HT1;
2024_2025_2;IT003;IT003.P214.1;1;;3;12345;2;03/03/2025;17/05/2025;B5.02;;HT1;
2024_2025_2;IT003;IT003.P214.2;1;;3;12345;2;10/03/2025;07/06/2025;B5.02;;HT1;
2024_2025_2;IE212;IE212.P22.1;1;;5;67890;2;03/03/2025;17/05/2025;B5.02;;HT1;
2024_2025_2;IE212;IE212.P22.2;1;;5;67890;2;10/03/2025;07/06/2025;B5.02;;HT1;
2024_2025_2;IS216;IS216.P23.1;1;;6;67890;2;03/03/2025;17/05/2025;B5.02;;HT1;
2024_2025_2;IS216;IS216.P23.2;1;;6;67890;2;10/03/2025;07/06/2025;B5.02;;HT1;
2024_2025_2;IT005;IT005.P21.1;1;;3;67890;2;03/03/2025;17/05/2025;B5.04;;HT1;
2024_2025_2;IT005;IT005.P21.2;1;;3;67890;2;10/03/2025;07/06/2025;B5.04;;HT1;
2024_2025_2;IT007;IT007.P28.1;1;;5;67890;2;03/03/2025;17/05/2025;B5.04;;HT1;
2024_2025_2;IT007;IT007.P28.2;1;;5;67890;2;10/03/2025;07/06/2025;B5.04;;HT1;
2024_2025_2;IT012;IT012.P22.1;1;;6;12345;2;03/03/2025;17/05/2025;B5.04;;HT1;
2024_2025_2;IT012;IT012.P22.2;1;;6;12345;2;10/03/2025;07/06/2025;B5.04;;HT1;
2024_2025_2;PH002;PH002.P22.1;1;;2;12345;2;03/03/2025;17/05/2025;B5.04;;HT1;
2024_2025_2;PH002;PH002.P22.2;1;;2;12345;2;10/03/2025;07/06/2025;B5.04;;HT1;
2024_2025_2;IE229;IE229.P21.CNVN.2;1;;2;67890;2;24/03/2025;07/06/2025;B5.04;;HT1;
2024_2025_2;IE229;IE229.P21.CNVN.3;1;;4;67890;2;17/03/2025;17/05/2025;B5.04;;HT1;
2024_2025_2;DS108;DS108.P21.1;1;;4;12345;2;03/03/2025;17/05/2025;B5.04;;HT1;
2024_2025_2;DS108;DS108.P21.2;1;;4;12345;2;10/03/2025;07/06/2025;B5.04;;HT1;
2024_2025_2;NT106;NT106.P22.ANTT.1;1;;3;12345;2;03/03/2025;24/05/2025;B5.04;;HT1;
2024_2025_2;NT106;NT106.P22.ANTT.2;1;;3;12345;2;10/03/2025;31/05/2025;B5.04;;HT1;
2024_2025_2;IS211;IS211.P22.1;1;;6;67890;2;03/03/2025;17/05/2025;B5.04;;HT1;
2024_2025_2;IS211;IS211.P22.2;1;;6;67890;2;10/03/2025;07/06/2025;B5.04;;HT1;
2024_2025_2;IS208;IS208.P22.1;1;;5;12345;2;03/03/2025;17/05/2025;B5.04;;HT1;
2024_2025_2;IS208;IS208.P22.2;1;;5;12345;2;10/03/2025;07/06/2025;B5.04;;HT1;
2024_2025_2;IT002;IT002.P220.1;1;;6;12345;2;03/03/2025;17/05/2025;B5.06;;HT1;
2024_2025_2;IT002;IT002.P220.2;1;;6;12345;2;10/03/2025;07/06/2025;B5.06;;HT1;
2024_2025_2;IT003;IT003.P27.1;1;;3;67890;2;03/03/2025;17/05/2025;B5.06;;HT1;
2024_2025_2;IT003;IT003.P27.2;1;;3;67890;2;10/03/2025;07/06/2025;B5.06;;HT1;
2024_2025_2;IT003;IT003.P211.1;1;;4;12345;2;03/03/2025;17/05/2025;B5.06;;HT1;
2024_2025_2;IT003;IT003.P211.2;1;;4;12345;2;10/03/2025;07/06/2025;B5.06;;HT1;
2024_2025_2;IT012;IT012.P21.1;1;;6;67890;2;03/03/2025;17/05/2025;B5.06;;HT1;
2024_2025_2;IT012;IT012.P21.2;1;;6;67890;2;10/03/2025;07/06/2025;B5.06;;HT1;
2024_2025_2;IT012;IT012.P24.1;1;;5;67890;2;03/03/2025;17/05/2025;B5.06;;HT1;
2024_2025_2;IT012;IT012.P24.2;1;;5;67890;2;10/03/2025;07/06/2025;B5.06;;HT1;
2024_2025_2;PH002;PH002.P23.1;1;;3;12345;2;03/03/2025;17/05/2025;B5.06;;HT1;
2024_2025_2;PH002;PH002.P23.2;1;;3;12345;2;10/03/2025;07/06/2025;B5.06;;HT1;
2024_2025_2;IS405;IS405.P21.1;1;;2;67890;2;03/03/2025;17/05/2025;B5.06;;HT1;Môn K17/chuyên đề tốt nghiệp
2024_2025_2;IS405;IS405.P21.2;1;;2;67890;2;10/03/2025;07/06/2025;B5.06;;HT1;Môn K17/chuyên đề tốt nghiệp
2024_2025_2;IS405;IS405.P23.1;1;;5;12345;2;03/03/2025;17/05/2025;B5.06;;HT1;Môn K17/chuyên đề tốt nghiệp
2024_2025_2;IS405;IS405.P23.2;1;;5;12345;2;10/03/2025;07/06/2025;B5.06;;HT1;Môn K17/chuyên đề tốt nghiệp
2024_2025_2;CE118;CE118.P21.1;1;;5;67890;2;03/03/2025;17/05/2025;B5.08;;HT1;Xếp phòng B508
2024_2025_2;CE118;CE118.P21.2;1;;5;67890;2;10/03/2025;07/06/2025;B5.08;;HT1;Xếp phòng B508
2024_2025_2;CE122;CE122.P21.1;1;;2;12345;2;03/03/2025;17/05/2025;B5.08;;HT1;Xếp phòng B508
2024_2025_2;CE122;CE122.P21.2;1;;2;12345;2;10/03/2025;07/06/2025;B5.08;;HT1;Xếp phòng B508
2024_2025_2;CE122;CE122.P22.1;1;;2;67890;2;03/03/2025;17/05/2025;B5.08;;HT1;Xếp phòng B508
2024_2025_2;CE122;CE122.P22.2;1;;2;67890;2;10/03/2025;07/06/2025;B5.08;;HT1;Xếp phòng B508
2024_2025_2;CE122;CE122.P23.1;1;;3;67890;2;03/03/2025;17/05/2025;B5.08;;HT1;Xếp phòng B508
2024_2025_2;CE122;CE122.P23.2;1;;3;67890;2;10/03/2025;07/06/2025;B5.08;;HT1;Xếp phòng B508
2024_2025_2;CE122;CE122.P24.1;1;;3;12345;2;03/03/2025;17/05/2025;B5.08;;HT1;Xếp phòng B508
2024_2025_2;CE122;CE122.P24.2;1;;3;12345;2;10/03/2025;07/06/2025;B5.08;;HT1;Xếp phòng B508
2024_2025_2;MM004;MM004.P21.1;2;;2;12345;1;17/02/2025;29/03/2025;C306;;HT1;
2024_2025_2;MM004;MM004.P21.3;2;;6;12345;1;17/02/2025;29/03/2025;C306;;HT1;
2024_2025_2;NT535;NT535.P21.1;1;;2;67890;2;03/03/2025;24/05/2025;E3.1;;HT1;
2024_2025_2;NT132;NT132.P24.1;1;;5;67890;2;03/03/2025;24/05/2025;E3.1;;HT1;
2024_2025_2;NT132;NT132.P24.2;1;;5;67890;2;10/03/2025;31/05/2025;E3.1;;HT1;
2024_2025_2;NT131;NT131.P21.1;1;;6;67890;2;03/03/2025;24/05/2025;E3.1;;HT1;
2024_2025_2;NT131;NT131.P22.1;1;;4;67890;2;03/03/2025;24/05/2025;E3.1;;HT1;
2024_2025_2;NT131;NT131.P22.2;1;;4;67890;2;10/03/2025;31/05/2025;E3.1;;HT1;
2024_2025_2;NT131;NT131.P23.1;1;;2;12345;2;03/03/2025;24/05/2025;E3.1;;HT1;
2024_2025_2;NT131;NT131.P24.1;1;;3;12345;2;03/03/2025;24/05/2025;E3.1;;HT1;
2024_2025_2;NT131;NT131.P24.2;1;;3;12345;2;10/03/2025;31/05/2025;E3.1;;HT1;
